dataset,record,base_record,snr_db,eval_scope,target_fs_hz,bits,lsb_uv,raw_bitrate_bps,storage_mib_per_day,tolerance_ms,reference_beats,detected_beats,tp,fp,fn,sensitivity_pct,ppv_pct,f1_pct,median_abs_timing_error_ms,p95_abs_timing_error_ms,clipping_rate_pct,quantization_rmse_uv,quantization_snr_db,evaluated_duration_s
mitdb,100,100,,clean_after_5min,100,6,156.25000000,600,6.17980957,75,1900,1901,1900,1,0,100.00000000,99.94739611,99.97369113,4.44444444,60.55555556,0.00000000,46.96593255,11.96120529,1505.15555556
mitdb,100,100,,clean_after_5min,100,7,78.12500000,700,7.20977783,75,1900,1901,1900,1,0,100.00000000,99.94739611,99.97369113,6.66666667,61.11111111,0.00000000,21.35879807,18.80532809,1505.15555556
mitdb,100,100,,clean_after_5min,100,8,39.06250000,800,8.23974609,75,1900,1901,1900,1,0,100.00000000,99.94739611,99.97369113,7.22222222,61.11111111,0.00000000,11.24739261,24.37582718,1505.15555556
mitdb,100,100,,clean_after_5min,100,9,19.53125000,900,9.26971436,75,1900,1901,1900,1,0,100.00000000,99.94739611,99.97369113,6.66666667,61.11111111,0.00000000,5.62196443,30.39910241,1505.15555556
mitdb,100,100,,clean_after_5min,100,10,9.76562500,1000,10.29968262,75,1900,1901,1900,1,0,100.00000000,99.94739611,99.97369113,30.55555556,61.11111111,0.00000000,2.82251509,36.38413884,1505.15555556
mitdb,100,100,,clean_after_5min,100,11,4.88281250,1100,11.32965088,75,1900,1901,1900,1,0,100.00000000,99.94739611,99.97369113,6.66666667,61.11111111,0.00000000,1.41146362,42.40347052,1505.15555556
mitdb,100,100,,clean_after_5min,125,6,156.25000000,750,7.72476196,75,1900,1900,1900,0,0,100.00000000,100.00000000,100.00000000,2.11111111,4.88888889,0.00000000,46.96057146,11.96244754,1505.15555556
mitdb,100,100,,clean_after_5min,125,7,78.12500000,875,9.01222229,75,1900,1900,1900,0,0,100.00000000,100.00000000,100.00000000,2.11111111,4.44444444,0.00000000,21.36031223,18.80496307,1505.15555556
mitdb,100,100,,clean_after_5min,125,8,39.06250000,1000,10.29968262,75,1900,1900,1900,0,0,100.00000000,100.00000000,100.00000000,2.11111111,4.55555556,0.00000000,11.25890384,24.36719281,1505.15555556
mitdb,100,100,,clean_after_5min,125,9,19.53125000,1125,11.58714294,75,1900,1900,1900,0,0,100.00000000,100.00000000,100.00000000,2.11111111,4.44444444,0.00000000,5.62460835,30.39526926,1505.15555556
mitdb,100,100,,clean_after_5min,125,10,9.76562500,1250,12.87460327,75,1900,1900,1900,0,0,100.00000000,100.00000000,100.00000000,2.11111111,4.44444444,0.00000000,2.81936037,36.39410319,1505.15555556
mitdb,100,100,,clean_after_5min,125,11,4.88281250,1375,14.16206360,75,1900,1900,1900,0,0,100.00000000,100.00000000,100.00000000,2.11111111,4.44444444,0.00000000,1.40925253,42.41733855,1505.15555556
mitdb,100,100,,clean_after_5min,180,6,156.25000000,1080,11.12365723,75,1900,1900,1900,0,0,100.00000000,100.00000000,100.00000000,2.77777778,2.77777778,0.00000000,46.94757363,11.96335026,1505.15555556
mitdb,100,100,,clean_after_5min,180,7,78.12500000,1260,12.97760010,75,1900,1900,1900,0,0,100.00000000,100.00000000,100.00000000,2.77777778,2.77777778,0.00000000,21.34165646,18.81105080,1505.15555556
mitdb,100,100,,clean_after_5min,180,8,39.06250000,1440,14.83154297,75,1900,1900,1900,0,0,100.00000000,100.00000000,100.00000000,2.77777778,2.77777778,0.00000000,11.25678157,24.36732851,1505.15555556
mitdb,100,100,,clean_after_5min,180,9,19.53125000,1620,16.68548584,75,1900,1900,1900,0,0,100.00000000,100.00000000,100.00000000,2.77777778,2.77777778,0.00000000,5.62730498,30.38960423,1505.15555556
mitdb,100,100,,clean_after_5min,180,10,9.76562500,1800,18.53942871,75,1900,1900,1900,0,0,100.00000000,100.00000000,100.00000000,2.77777778,2.77777778,0.00000000,2.82113223,36.38714446,1505.15555556
mitdb,100,100,,clean_after_5min,180,11,4.88281250,1980,20.39337158,75,1900,1900,1900,0,0,100.00000000,100.00000000,100.00000000,2.77777778,2.77777778,0.00000000,1.40966539,42.41329252,1505.15555556
mitdb,100,100,,clean_after_5min,250,6,156.25000000,1500,15.44952393,75,1900,1900,1900,0,0,100.00000000,100.00000000,100.00000000,1.00000000,2.77777778,0.00000000,46.96549786,11.96164066,1505.15555556
mitdb,100,100,,clean_after_5min,250,7,78.12500000,1750,18.02444458,75,1900,1900,1900,0,0,100.00000000,100.00000000,100.00000000,1.00000000,2.66666667,0.00000000,21.34617914,18.81081627,1505.15555556
mitdb,100,100,,clean_after_5min,250,8,39.06250000,2000,20.59936523,75,1900,1900,1900,0,0,100.00000000,100.00000000,100.00000000,1.00000000,2.66666667,0.00000000,11.25977021,24.36662872,1505.15555556
mitdb,100,100,,clean_after_5min,250,9,19.53125000,2250,23.17428589,75,1900,1900,1900,0,0,100.00000000,100.00000000,100.00000000,1.00000000,2.55555556,0.00000000,5.62476702,30.39512851,1505.15555556
mitdb,100,100,,clean_after_5min,250,10,9.76562500,2500,25.74920654,75,1900,1900,1900,0,0,100.00000000,100.00000000,100.00000000,1.00000000,2.66666667,0.00000000,2.82019788,36.39162764,1505.15555556
mitdb,100,100,,clean_after_5min,250,11,4.88281250,2750,28.32412720,75,1900,1900,1900,0,0,100.00000000,100.00000000,100.00000000,1.00000000,2.66666667,0.00000000,1.40902687,42.41883378,1505.15555556
mitdb,100,100,,clean_after_5min,360,6,156.25000000,2160,22.24731445,75,1900,1900,1900,0,0,100.00000000,100.00000000,100.00000000,0.00000000,2.77777778,0.00000000,46.94788777,11.95872023,1505.15555556
mitdb,100,100,,clean_after_5min,360,7,78.12500000,2520,25.95520020,75,1900,1900,1900,0,0,100.00000000,100.00000000,100.00000000,0.00000000,2.77777778,0.00000000,21.34305586,18.80590936,1505.15555556
mitdb,100,100,,clean_after_5min,360,8,39.06250000,2880,29.66308594,75,1900,1900,1900,0,0,100.00000000,100.00000000,100.00000000,0.00000000,2.77777778,0.00000000,11.26090220,24.35957766,1505.15555556
mitdb,100,100,,clean_after_5min,360,9,19.53125000,3240,33.37097168,75,1900,1900,1900,0,0,100.00000000,100.00000000,100.00000000,0.00000000,2.77777778,0.00000000,5.62732644,30.38499920,1505.15555556
mitdb,100,100,,clean_after_5min,360,10,9.76562500,3600,37.07885742,75,1900,1900,1900,0,0,100.00000000,100.00000000,100.00000000,0.00000000,2.77777778,0.00000000,2.81912047,36.38876868,1505.15555556
mitdb,100,100,,clean_after_5min,360,11,4.88281250,3960,40.78674316,75,1900,1900,1900,0,0,100.00000000,100.00000000,100.00000000,0.00000000,2.77777778,0.00000000,1.40990877,42.40722115,1505.15555556
mitdb,100,100,,clean_after_5min,100,6,156.25000000,600,6.17980957,150,1900,1901,1900,1,0,100.00000000,99.94739611,99.97369113,4.44444444,60.55555556,0.00000000,46.96593255,11.96120529,1505.15555556
mitdb,100,100,,clean_after_5min,100,7,78.12500000,700,7.20977783,150,1900,1901,1900,1,0,100.00000000,99.94739611,99.97369113,6.66666667,61.11111111,0.00000000,21.35879807,18.80532809,1505.15555556
mitdb,100,100,,clean_after_5min,100,8,39.06250000,800,8.23974609,150,1900,1901,1900,1,0,100.00000000,99.94739611,99.97369113,7.22222222,61.11111111,0.00000000,11.24739261,24.37582718,1505.15555556
mitdb,100,100,,clean_after_5min,100,9,19.53125000,900,9.26971436,150,1900,1901,1900,1,0,100.00000000,99.94739611,99.97369113,6.66666667,61.11111111,0.00000000,5.62196443,30.39910241,1505.15555556
mitdb,100,100,,clean_after_5min,100,10,9.76562500,1000,10.29968262,150,1900,1901,1900,1,0,100.00000000,99.94739611,99.97369113,30.55555556,61.11111111,0.00000000,2.82251509,36.38413884,1505.15555556
mitdb,100,100,,clean_after_5min,100,11,4.88281250,1100,11.32965088,150,1900,1901,1900,1,0,100.00000000,99.94739611,99.97369113,6.66666667,61.11111111,0.00000000,1.41146362,42.40347052,1505.15555556
mitdb,100,100,,clean_after_5min,125,6,156.25000000,750,7.72476196,150,1900,1900,1900,0,0,100.00000000,100.00000000,100.00000000,2.11111111,4.88888889,0.00000000,46.96057146,11.96244754,1505.15555556
mitdb,100,100,,clean_after_5min,125,7,78.12500000,875,9.01222229,150,1900,1900,1900,0,0,100.00000000,100.00000000,100.00000000,2.11111111,4.44444444,0.00000000,21.36031223,18.80496307,1505.15555556
mitdb,100,100,,clean_after_5min,125,8,39.06250000,1000,10.29968262,150,1900,1900,1900,0,0,100.00000000,100.00000000,100.00000000,2.11111111,4.55555556,0.00000000,11.25890384,24.36719281,1505.15555556
mitdb,100,100,,clean_after_5min,125,9,19.53125000,1125,11.58714294,150,1900,1900,1900,0,0,100.00000000,100.00000000,100.00000000,2.11111111,4.44444444,0.00000000,5.62460835,30.39526926,1505.15555556
mitdb,100,100,,clean_after_5min,125,10,9.76562500,1250,12.87460327,150,1900,1900,1900,0,0,100.00000000,100.00000000,100.00000000,2.11111111,4.44444444,0.00000000,2.81936037,36.39410319,1505.15555556
mitdb,100,100,,clean_after_5min,125,11,4.88281250,1375,14.16206360,150,1900,1900,1900,0,0,100.00000000,100.00000000,100.00000000,2.11111111,4.44444444,0.00000000,1.40925253,42.41733855,1505.15555556
mitdb,100,100,,clean_after_5min,180,6,156.25000000,1080,11.12365723,150,1900,1900,1900,0,0,100.00000000,100.00000000,100.00000000,2.77777778,2.77777778,0.00000000,46.94757363,11.96335026,1505.15555556
mitdb,100,100,,clean_after_5min,180,7,78.12500000,1260,12.97760010,150,1900,1900,1900,0,0,100.00000000,100.00000000,100.00000000,2.77777778,2.77777778,0.00000000,21.34165646,18.81105080,1505.15555556
mitdb,100,100,,clean_after_5min,180,8,39.06250000,1440,14.83154297,150,1900,1900,1900,0,0,100.00000000,100.00000000,100.00000000,2.77777778,2.77777778,0.00000000,11.25678157,24.36732851,1505.15555556
mitdb,100,100,,clean_after_5min,180,9,19.53125000,1620,16.68548584,150,1900,1900,1900,0,0,100.00000000,100.00000000,100.00000000,2.77777778,2.77777778,0.00000000,5.62730498,30.38960423,1505.15555556
mitdb,100,100,,clean_after_5min,180,10,9.76562500,1800,18.53942871,150,1900,1900,1900,0,0,100.00000000,100.00000000,100.00000000,2.77777778,2.77777778,0.00000000,2.82113223,36.38714446,1505.15555556
mitdb,100,100,,clean_after_5min,180,11,4.88281250,1980,20.39337158,150,1900,1900,1900,0,0,100.00000000,100.00000000,100.00000000,2.77777778,2.77777778,0.00000000,1.40966539,42.41329252,1505.15555556
mitdb,100,100,,clean_after_5min,250,6,156.25000000,1500,15.44952393,150,1900,1900,1900,0,0,100.00000000,100.00000000,100.00000000,1.00000000,2.77777778,0.00000000,46.96549786,11.96164066,1505.15555556
mitdb,100,100,,clean_after_5min,250,7,78.12500000,1750,18.02444458,150,1900,1900,1900,0,0,100.00000000,100.00000000,100.00000000,1.00000000,2.66666667,0.00000000,21.34617914,18.81081627,1505.15555556
mitdb,100,100,,clean_after_5min,250,8,39.06250000,2000,20.59936523,150,1900,1900,1900,0,0,100.00000000,100.00000000,100.00000000,1.00000000,2.66666667,0.00000000,11.25977021,24.36662872,1505.15555556
mitdb,100,100,,clean_after_5min,250,9,19.53125000,2250,23.17428589,150,1900,1900,1900,0,0,100.00000000,100.00000000,100.00000000,1.00000000,2.55555556,0.00000000,5.62476702,30.39512851,1505.15555556
mitdb,100,100,,clean_after_5min,250,10,9.76562500,2500,25.74920654,150,1900,1900,1900,0,0,100.00000000,100.00000000,100.00000000,1.00000000,2.66666667,0.00000000,2.82019788,36.39162764,1505.15555556
mitdb,100,100,,clean_after_5min,250,11,4.88281250,2750,28.32412720,150,1900,1900,1900,0,0,100.00000000,100.00000000,100.00000000,1.00000000,2.66666667,0.00000000,1.40902687,42.41883378,1505.15555556
mitdb,100,100,,clean_after_5min,360,6,156.25000000,2160,22.24731445,150,1900,1900,1900,0,0,100.00000000,100.00000000,100.00000000,0.00000000,2.77777778,0.00000000,46.94788777,11.95872023,1505.15555556
mitdb,100,100,,clean_after_5min,360,7,78.12500000,2520,25.95520020,150,1900,1900,1900,0,0,100.00000000,100.00000000,100.00000000,0.00000000,2.77777778,0.00000000,21.34305586,18.80590936,1505.15555556
mitdb,100,100,,clean_after_5min,360,8,39.06250000,2880,29.66308594,150,1900,1900,1900,0,0,100.00000000,100.00000000,100.00000000,0.00000000,2.77777778,0.00000000,11.26090220,24.35957766,1505.15555556
mitdb,100,100,,clean_after_5min,360,9,19.53125000,3240,33.37097168,150,1900,1900,1900,0,0,100.00000000,100.00000000,100.00000000,0.00000000,2.77777778,0.00000000,5.62732644,30.38499920,1505.15555556
mitdb,100,100,,clean_after_5min,360,10,9.76562500,3600,37.07885742,150,1900,1900,1900,0,0,100.00000000,100.00000000,100.00000000,0.00000000,2.77777778,0.00000000,2.81912047,36.38876868,1505.15555556
mitdb,100,100,,clean_after_5min,360,11,4.88281250,3960,40.78674316,150,1900,1900,1900,0,0,100.00000000,100.00000000,100.00000000,0.00000000,2.77777778,0.00000000,1.40990877,42.40722115,1505.15555556
mitdb,101,101,,clean_after_5min,100,6,156.25000000,600,6.17980957,75,1523,1526,1522,4,1,99.93434012,99.73787680,99.83601181,56.11111111,61.66666667,0.00000000,49.23994484,13.29151990,1505.15555556
mitdb,101,101,,clean_after_5min,100,7,78.12500000,700,7.20977783,75,1523,1526,1522,4,1,99.93434012,99.73787680,99.83601181,57.22222222,61.66666667,0.00000000,22.47465570,20.10401010,1505.15555556
mitdb,101,101,,clean_after_5min,100,8,39.06250000,800,8.23974609,75,1523,1526,1522,4,1,99.93434012,99.73787680,99.83601181,56.66666667,61.66666667,0.00000000,11.47172203,25.94529875,1505.15555556
mitdb,101,101,,clean_after_5min,100,9,19.53125000,900,9.26971436,75,1523,1526,1522,4,1,99.93434012,99.73787680,99.83601181,56.66666667,61.66666667,0.00000000,5.64345029,32.10697698,1505.15555556
mitdb,101,101,,clean_after_5min,100,10,9.76562500,1000,10.29968262,75,1523,1526,1522,4,1,99.93434012,99.73787680,99.83601181,57.22222222,61.66666667,0.00000000,2.81811761,38.13868878,1505.15555556
mitdb,101,101,,clean_after_5min,100,11,4.88281250,1100,11.32965088,75,1523,1526,1522,4,1,99.93434012,99.73787680,99.83601181,56.94444444,61.66666667,0.00000000,1.41143255,44.14466847,1505.15555556
mitdb,101,101,,clean_after_5min,125,6,156.25000000,750,7.72476196,75,1523,1525,1521,4,2,99.86868024,99.73770492,99.80314961,2.44444444,6.22222222,0.00000000,49.20022739,13.29869417,1505.15555556
mitdb,101,101,,clean_after_5min,125,7,78.12500000,875,9.01222229,75,1523,1525,1521,4,2,99.86868024,99.73770492,99.80314961,2.33333333,5.88888889,0.00000000,22.46829751,20.10663305,1505.15555556
mitdb,101,101,,clean_after_5min,125,8,39.06250000,1000,10.29968262,75,1523,1525,1521,4,2,99.86868024,99.73770492,99.80314961,2.33333333,5.88888889,0.00000000,11.47374666,25.94393124,1505.15555556
mitdb,101,101,,clean_after_5min,125,9,19.53125000,1125,11.58714294,75,1523,1525,1521,4,2,99.86868024,99.73770492,99.80314961,2.33333333,5.77777778,0.00000000,5.64990035,32.09722061,1505.15555556
mitdb,101,101,,clean_after_5min,125,10,9.76562500,1250,12.87460327,75,1523,1525,1521,4,2,99.86868024,99.73770492,99.80314961,2.33333333,5.77777778,0.00000000,2.82004463,38.13291673,1505.15555556
mitdb,101,101,,clean_after_5min,125,11,4.88281250,1375,14.16206360,75,1523,1525,1521,4,2,99.86868024,99.73770492,99.80314961,2.33333333,5.77777778,0.00000000,1.40996696,44.15385762,1505.15555556
mitdb,101,101,,clean_after_5min,180,6,156.25000000,1080,11.12365723,75,1523,1525,1522,3,1,99.93434012,99.80327869,99.86876640,2.77777778,5.55555556,0.00000000,49.21561411,13.29427825,1505.15555556
mitdb,101,101,,clean_after_5min,180,7,78.12500000,1260,12.97760010,75,1523,1525,1522,3,1,99.93434012,99.80327869,99.86876640,2.77777778,2.77777778,0.00000000,22.48226584,20.09953485,1505.15555556
mitdb,101,101,,clean_after_5min,180,8,39.06250000,1440,14.83154297,75,1523,1525,1522,3,1,99.93434012,99.80327869,99.86876640,2.77777778,2.77777778,0.00000000,11.47817435,25.93888008,1505.15555556
mitdb,101,101,,clean_after_5min,180,9,19.53125000,1620,16.68548584,75,1523,1525,1522,3,1,99.93434012,99.80327869,99.86876640,2.77777778,2.77777778,0.00000000,5.64271675,32.10657142,1505.15555556
mitdb,101,101,,clean_after_5min,180,10,9.76562500,1800,18.53942871,75,1523,1525,1522,3,1,99.93434012,99.80327869,99.86876640,2.77777778,2.77777778,0.00000000,2.81964687,38.13244201,1505.15555556
mitdb,101,101,,clean_after_5min,180,11,4.88281250,1980,20.39337158,75,1523,1525,1522,3,1,99.93434012,99.80327869,99.86876640,2.77777778,2.77777778,0.00000000,1.41005230,44.15163198,1505.15555556
mitdb,101,101,,clean_after_5min,250,6,156.25000000,1500,15.44952393,75,1523,1525,1521,4,2,99.86868024,99.73770492,99.80314961,1.22222222,3.11111111,0.00000000,49.21299414,13.29566503,1505.15555556
mitdb,101,101,,clean_after_5min,250,7,78.12500000,1750,18.02444458,75,1523,1525,1521,4,2,99.86868024,99.73770492,99.80314961,1.11111111,3.00000000,0.00000000,22.48423161,20.09969979,1505.15555556
mitdb,101,101,,clean_after_5min,250,8,39.06250000,2000,20.59936523,75,1523,1525,1521,4,2,99.86868024,99.73770492,99.80314961,1.11111111,3.00000000,0.00000000,11.47261985,25.94400873,1505.15555556
mitdb,101,101,,clean_after_5min,250,9,19.53125000,2250,23.17428589,75,1523,1525,1521,4,2,99.86868024,99.73770492,99.80314961,1.11111111,3.00000000,0.00000000,5.64938765,32.09723327,1505.15555556
mitdb,101,101,,clean_after_5min,250,10,9.76562500,2500,25.74920654,75,1523,1525,1521,4,2,99.86868024,99.73770492,99.80314961,1.11111111,3.00000000,0.00000000,2.81810409,38.13812018,1505.15555556
mitdb,101,101,,clean_after_5min,250,11,4.88281250,2750,28.32412720,75,1523,1525,1521,4,2,99.86868024,99.73770492,99.80314961,1.11111111,3.00000000,0.00000000,1.41022828,44.15147238,1505.15555556
mitdb,101,101,,clean_after_5min,360,6,156.25000000,2160,22.24731445,75,1523,1525,1521,4,2,99.86868024,99.73770492,99.80314961,0.00000000,2.77777778,0.00000000,49.21746594,13.28922839,1505.15555556
mitdb,101,101,,clean_after_5min,360,7,78.12500000,2520,25.95520020,75,1523,1525,1521,4,2,99.86868024,99.73770492,99.80314961,0.00000000,2.77777778,0.00000000,22.48221143,20.09483283,1505.15555556
mitdb,101,101,,clean_after_5min,360,8,39.06250000,2880,29.66308594,75,1523,1525,1521,4,2,99.86868024,99.73770492,99.80314961,0.00000000,2.77777778,0.00000000,11.47339408,25.93777517,1505.15555556
mitdb,101,101,,clean_after_5min,360,9,19.53125000,3240,33.37097168,75,1523,1525,1521,4,2,99.86868024,99.73770492,99.80314961,0.00000000,2.77777778,0.00000000,5.64455772,32.09901502,1505.15555556
mitdb,101,101,,clean_after_5min,360,10,9.76562500,3600,37.07885742,75,1523,1525,1521,4,2,99.86868024,99.73770492,99.80314961,0.00000000,2.77777778,0.00000000,2.81837469,38.13163880,1505.15555556
mitdb,101,101,,clean_after_5min,360,11,4.88281250,3960,40.78674316,75,1523,1525,1521,4,2,99.86868024,99.73770492,99.80314961,0.00000000,2.77777778,0.00000000,1.40985252,44.14813971,1505.15555556
mitdb,101,101,,clean_after_5min,100,6,156.25000000,600,6.17980957,150,1523,1526,1523,3,0,100.00000000,99.80340760,99.90160708,56.11111111,61.66666667,0.00000000,49.23994484,13.29151990,1505.15555556
mitdb,101,101,,clean_after_5min,100,7,78.12500000,700,7.20977783,150,1523,1526,1523,3,0,100.00000000,99.80340760,99.90160708,57.22222222,61.66666667,0.00000000,22.47465570,20.10401010,1505.15555556
mitdb,101,101,,clean_after_5min,100,8,39.06250000,800,8.23974609,150,1523,1526,1523,3,0,100.00000000,99.80340760,99.90160708,56.66666667,61.66666667,0.00000000,11.47172203,25.94529875,1505.15555556
mitdb,101,101,,clean_after_5min,100,9,19.53125000,900,9.26971436,150,1523,1526,1523,3,0,100.00000000,99.80340760,99.90160708,56.66666667,61.66666667,0.00000000,5.64345029,32.10697698,1505.15555556
mitdb,101,101,,clean_after_5min,100,10,9.76562500,1000,10.29968262,150,1523,1526,1523,3,0,100.00000000,99.80340760,99.90160708,57.22222222,61.66666667,0.00000000,2.81811761,38.13868878,1505.15555556
mitdb,101,101,,clean_after_5min,100,11,4.88281250,1100,11.32965088,150,1523,1526,1523,3,0,100.00000000,99.80340760,99.90160708,57.22222222,61.66666667,0.00000000,1.41143255,44.14466847,1505.15555556
mitdb,101,101,,clean_after_5min,125,6,156.25000000,750,7.72476196,150,1523,1525,1522,3,1,99.93434012,99.80327869,99.86876640,2.44444444,6.22222222,0.00000000,49.20022739,13.29869417,1505.15555556
mitdb,101,101,,clean_after_5min,125,7,78.12500000,875,9.01222229,150,1523,1525,1522,3,1,99.93434012,99.80327869,99.86876640,2.33333333,5.88888889,0.00000000,22.46829751,20.10663305,1505.15555556
mitdb,101,101,,clean_after_5min,125,8,39.06250000,1000,10.29968262,150,1523,1525,1522,3,1,99.93434012,99.80327869,99.86876640,2.33333333,5.88888889,0.00000000,11.47374666,25.94393124,1505.15555556
mitdb,101,101,,clean_after_5min,125,9,19.53125000,1125,11.58714294,150,1523,1525,1522,3,1,99.93434012,99.80327869,99.86876640,2.33333333,5.77777778,0.00000000,5.64990035,32.09722061,1505.15555556
mitdb,101,101,,clean_after_5min,125,10,9.76562500,1250,12.87460327,150,1523,1525,1522,3,1,99.93434012,99.80327869,99.86876640,2.33333333,5.77777778,0.00000000,2.82004463,38.13291673,1505.15555556
mitdb,101,101,,clean_after_5min,125,11,4.88281250,1375,14.16206360,150,1523,1525,1522,3,1,99.93434012,99.80327869,99.86876640,2.33333333,5.77777778,0.00000000,1.40996696,44.15385762,1505.15555556
mitdb,101,101,,clean_after_5min,180,6,156.25000000,1080,11.12365723,150,1523,1525,1523,2,0,100.00000000,99.86885246,99.93438320,2.77777778,5.55555556,0.00000000,49.21561411,13.29427825,1505.15555556
mitdb,101,101,,clean_after_5min,180,7,78.12500000,1260,12.97760010,150,1523,1525,1523,2,0,100.00000000,99.86885246,99.93438320,2.77777778,2.77777778,0.00000000,22.48226584,20.09953485,1505.15555556
mitdb,101,101,,clean_after_5min,180,8,39.06250000,1440,14.83154297,150,1523,1525,1523,2,0,100.00000000,99.86885246,99.93438320,2.77777778,2.77777778,0.00000000,11.47817435,25.93888008,1505.15555556
mitdb,101,101,,clean_after_5min,180,9,19.53125000,1620,16.68548584,150,1523,1525,1523,2,0,100.00000000,99.86885246,99.93438320,2.77777778,2.77777778,0.00000000,5.64271675,32.10657142,1505.15555556
mitdb,101,101,,clean_after_5min,180,10,9.76562500,1800,18.53942871,150,1523,1525,1523,2,0,100.00000000,99.86885246,99.93438320,2.77777778,2.77777778,0.00000000,2.81964687,38.13244201,1505.15555556
mitdb,101,101,,clean_after_5min,180,11,4.88281250,1980,20.39337158,150,1523,1525,1523,2,0,100.00000000,99.86885246,99.93438320,2.77777778,2.77777778,0.00000000,1.41005230,44.15163198,1505.15555556
mitdb,101,101,,clean_after_5min,250,6,156.25000000,1500,15.44952393,150,1523,1525,1523,2,0,100.00000000,99.86885246,99.93438320,1.22222222,3.11111111,0.00000000,49.21299414,13.29566503,1505.15555556
mitdb,101,101,,clean_after_5min,250,7,78.12500000,1750,18.02444458,150,1523,1525,1523,2,0,100.00000000,99.86885246,99.93438320,1.11111111,3.00000000,0.00000000,22.48423161,20.09969979,1505.15555556
mitdb,101,101,,clean_after_5min,250,8,39.06250000,2000,20.59936523,150,1523,1525,1523,2,0,100.00000000,99.86885246,99.93438320,1.11111111,3.00000000,0.00000000,11.47261985,25.94400873,1505.15555556
mitdb,101,101,,clean_after_5min,250,9,19.53125000,2250,23.17428589,150,1523,1525,1523,2,0,100.00000000,99.86885246,99.93438320,1.11111111,3.00000000,0.00000000,5.64938765,32.09723327,1505.15555556
mitdb,101,101,,clean_after_5min,250,10,9.76562500,2500,25.74920654,150,1523,1525,1523,2,0,100.00000000,99.86885246,99.93438320,1.11111111,3.00000000,0.00000000,2.81810409,38.13812018,1505.15555556
mitdb,101,101,,clean_after_5min,250,11,4.88281250,2750,28.32412720,150,1523,1525,1523,2,0,100.00000000,99.86885246,99.93438320,1.11111111,3.00000000,0.00000000,1.41022828,44.15147238,1505.15555556
mitdb,101,101,,clean_after_5min,360,6,156.25000000,2160,22.24731445,150,1523,1525,1523,2,0,100.00000000,99.86885246,99.93438320,0.00000000,2.77777778,0.00000000,49.21746594,13.28922839,1505.15555556
mitdb,101,101,,clean_after_5min,360,7,78.12500000,2520,25.95520020,150,1523,1525,1523,2,0,100.00000000,99.86885246,99.93438320,0.00000000,2.77777778,0.00000000,22.48221143,20.09483283,1505.15555556
mitdb,101,101,,clean_after_5min,360,8,39.06250000,2880,29.66308594,150,1523,1525,1523,2,0,100.00000000,99.86885246,99.93438320,0.00000000,2.77777778,0.00000000,11.47339408,25.93777517,1505.15555556
mitdb,101,101,,clean_after_5min,360,9,19.53125000,3240,33.37097168,150,1523,1525,1523,2,0,100.00000000,99.86885246,99.93438320,0.00000000,2.77777778,0.00000000,5.64455772,32.09901502,1505.15555556
mitdb,101,101,,clean_after_5min,360,10,9.76562500,3600,37.07885742,150,1523,1525,1523,2,0,100.00000000,99.86885246,99.93438320,0.00000000,2.77777778,0.00000000,2.81837469,38.13163880,1505.15555556
mitdb,101,101,,clean_after_5min,360,11,4.88281250,3960,40.78674316,150,1523,1525,1523,2,0,100.00000000,99.86885246,99.93438320,0.00000000,2.77777778,0.00000000,1.40985252,44.14813971,1505.15555556
mitdb,102,102,,clean_after_5min,100,6,156.25000000,600,6.17980957,75,1821,1867,1765,102,56,96.92476661,94.53668988,95.71583514,48.33333333,53.88888889,0.00000000,46.51526531,11.73725008,1505.15555556
mitdb,102,102,,clean_after_5min,100,7,78.12500000,700,7.20977783,75,1821,1834,1767,67,54,97.03459638,96.34678299,96.68946648,48.88888889,54.44444444,0.00000000,22.09571116,18.20300045,1505.15555556
mitdb,102,102,,clean_after_5min,100,8,39.06250000,800,8.23974609,75,1821,1831,1767,64,54,97.03459638,96.50464227,96.76889376,48.88888889,53.88888889,0.00000000,11.32670831,24.00708580,1505.15555556
mitdb,102,102,,clean_after_5min,100,9,19.53125000,900,9.26971436,75,1821,1830,1767,63,54,97.03459638,96.55737705,96.79539852,48.88888889,53.88888889,0.00000000,5.63882154,30.06539314,1505.15555556
mitdb,102,102,,clean_after_5min,100,10,9.76562500,1000,10.29968262,75,1821,1831,1767,64,54,97.03459638,96.50464227,96.76889376,48.88888889,53.88888889,0.00000000,2.81678917,36.09407329,1505.15555556
mitdb,102,102,,clean_after_5min,100,11,4.88281250,1100,11.32965088,75,1821,1835,1767,68,54,97.03459638,96.29427793,96.66301969,48.88888889,53.88888889,0.00000000,1.40801780,42.11699722,1505.15555556
mitdb,102,102,,clean_after_5min,125,6,156.25000000,750,7.72476196,75,1821,1842,1763,79,58,96.81493685,95.71118350,96.25989626,42.55555556,47.77777778,0.00000000,46.52095084,11.73631751,1505.15555556
mitdb,102,102,,clean_after_5min,125,7,78.12500000,875,9.01222229,75,1821,1821,1769,52,52,97.14442614,97.14442614,97.14442614,43.33333333,47.77777778,0.00000000,22.11506284,18.19552560,1505.15555556
mitdb,102,102,,clean_after_5min,125,8,39.06250000,1000,10.29968262,75,1821,1821,1768,53,53,97.08951126,97.08951126,97.08951126,42.88888889,47.33333333,0.00000000,11.31910570,24.01304685,1505.15555556
mitdb,102,102,,clean_after_5min,125,9,19.53125000,1125,11.58714294,75,1821,1821,1768,53,53,97.08951126,97.08951126,97.08951126,43.00000000,47.44444444,0.00000000,5.64110624,30.06200358,1505.15555556
mitdb,102,102,,clean_after_5min,125,10,9.76562500,1250,12.87460327,75,1821,1821,1768,53,53,97.08951126,97.08951126,97.08951126,43.00000000,47.44444444,0.00000000,2.81992078,36.08455100,1505.15555556
mitdb,102,102,,clean_after_5min,125,11,4.88281250,1375,14.16206360,75,1821,1821,1768,53,53,97.08951126,97.08951126,97.08951126,43.00000000,47.44444444,0.00000000,1.40831431,42.11529730,1505.15555556
mitdb,102,102,,clean_after_5min,180,6,156.25000000,1080,11.12365723,75,1821,1824,1768,56,53,97.08951126,96.92982456,97.00960219,36.11111111,41.66666667,0.00000000,46.53316521,11.73089150,1505.15555556
mitdb,102,102,,clean_after_5min,180,7,78.12500000,1260,12.97760010,75,1821,1821,1769,52,52,97.14442614,97.14442614,97.14442614,38.88888889,41.66666667,0.00000000,22.10369917,18.19684417,1505.15555556
mitdb,102,102,,clean_after_5min,180,8,39.06250000,1440,14.83154297,75,1821,1821,1769,52,52,97.14442614,97.14442614,97.14442614,38.88888889,41.66666667,0.00000000,11.32674708,24.00403933,1505.15555556
mitdb,102,102,,clean_after_5min,180,9,19.53125000,1620,16.68548584,75,1821,1821,1769,52,52,97.14442614,97.14442614,97.14442614,38.88888889,41.66666667,0.00000000,5.64424088,30.05403259,1505.15555556
mitdb,102,102,,clean_after_5min,180,10,9.76562500,1800,18.53942871,75,1821,1821,1769,52,52,97.14442614,97.14442614,97.14442614,38.88888889,41.66666667,0.00000000,2.81864649,36.08533118,1505.15555556
mitdb,102,102,,clean_after_5min,180,11,4.88281250,1980,20.39337158,75,1821,1821,1769,52,52,97.14442614,97.14442614,97.14442614,38.88888889,41.66666667,0.00000000,1.40994791,42.10208202,1505.15555556
mitdb,102,102,,clean_after_5min,250,6,156.25000000,1500,15.44952393,75,1821,1821,1780,41,41,97.74848984,97.74848984,97.74848984,32.55555556,36.00000000,0.00000000,46.52781941,11.73169974,1505.15555556
mitdb,102,102,,clean_after_5min,250,7,78.12500000,1750,18.02444458,75,1821,1821,1780,41,41,97.74848984,97.74848984,97.74848984,30.33333333,35.77777778,0.00000000,22.11276874,18.19309125,1505.15555556
mitdb,102,102,,clean_after_5min,250,8,39.06250000,2000,20.59936523,75,1821,1821,1778,43,43,97.63866008,97.63866008,97.63866008,31.94444444,35.77777778,0.00000000,11.32172659,24.00770047,1505.15555556
mitdb,102,102,,clean_after_5min,250,9,19.53125000,2250,23.17428589,75,1821,1821,1777,44,44,97.58374519,97.58374519,97.58374519,31.88888889,35.77777778,0.00000000,5.63964022,30.06092575,1505.15555556
mitdb,102,102,,clean_after_5min,250,10,9.76562500,2500,25.74920654,75,1821,1821,1777,44,44,97.58374519,97.58374519,97.58374519,32.00000000,35.68888889,0.00000000,2.82137454,36.07673888,1505.15555556
mitdb,102,102,,clean_after_5min,250,11,4.88281250,2750,28.32412720,75,1821,1821,1777,44,44,97.58374519,97.58374519,97.58374519,31.88888889,35.66666667,0.00000000,1.40735276,42.11789432,1505.15555556
mitdb,102,102,,clean_after_5min,360,6,156.25000000,2160,22.24731445,75,1821,1821,1809,12,12,99.34102142,99.34102142,99.34102142,0.00000000,2.77777778,0.00000000,46.52459561,11.72888650,1505.15555556
mitdb,102,102,,clean_after_5min,360,7,78.12500000,2520,25.95520020,75,1821,1821,1808,13,13,99.28610653,99.28610653,99.28610653,0.00000000,2.77777778,0.00000000,22.12103584,18.18642945,1505.15555556
mitdb,102,102,,clean_after_5min,360,8,39.06250000,2880,29.66308594,75,1821,1821,1809,12,12,99.34102142,99.34102142,99.34102142,0.00000000,2.77777778,0.00000000,11.32372545,24.00275201,1505.15555556
mitdb,102,102,,clean_after_5min,360,9,19.53125000,3240,33.37097168,75,1821,1821,1809,12,12,99.34102142,99.34102142,99.34102142,0.00000000,2.77777778,0.00000000,5.63799309,30.06004784,1505.15555556
mitdb,102,102,,clean_after_5min,360,10,9.76562500,3600,37.07885742,75,1821,1821,1809,12,12,99.34102142,99.34102142,99.34102142,0.00000000,2.77777778,0.00000000,2.82029456,36.07664923,1505.15555556
mitdb,102,102,,clean_after_5min,360,11,4.88281250,3960,40.78674316,75,1821,1821,1809,12,12,99.34102142,99.34102142,99.34102142,0.00000000,2.77777778,0.00000000,1.40937651,42.10199806,1505.15555556
mitdb,102,102,,clean_after_5min,100,6,156.25000000,600,6.17980957,150,1821,1867,1821,46,0,100.00000000,97.53615426,98.75271150,48.33333333,55.55555556,0.00000000,46.51526531,11.73725008,1505.15555556
mitdb,102,102,,clean_after_5min,100,7,78.12500000,700,7.20977783,150,1821,1834,1820,14,1,99.94508512,99.23664122,99.58960328,48.88888889,55.55555556,0.00000000,22.09571116,18.20300045,1505.15555556
mitdb,102,102,,clean_after_5min,100,8,39.06250000,800,8.23974609,150,1821,1831,1820,11,1,99.94508512,99.39923539,99.67141292,48.88888889,55.00000000,0.00000000,11.32670831,24.00708580,1505.15555556
mitdb,102,102,,clean_after_5min,100,9,19.53125000,900,9.26971436,150,1821,1830,1820,10,1,99.94508512,99.45355191,99.69871268,48.88888889,55.00000000,0.00000000,5.63882154,30.06539314,1505.15555556
mitdb,102,102,,clean_after_5min,100,10,9.76562500,1000,10.29968262,150,1821,1831,1820,11,1,99.94508512,99.39923539,99.67141292,48.88888889,55.00000000,0.00000000,2.81678917,36.09407329,1505.15555556
mitdb,102,102,,clean_after_5min,100,11,4.88281250,1100,11.32965088,150,1821,1835,1820,15,1,99.94508512,99.18256131,99.56236324,48.88888889,55.00000000,0.00000000,1.40801780,42.11699722,1505.15555556
mitdb,102,102,,clean_after_5min,125,6,156.25000000,750,7.72476196,150,1821,1842,1821,21,0,100.00000000,98.85993485,99.42669943,42.66666667,49.77777778,0.00000000,46.52095084,11.73631751,1505.15555556
mitdb,102,102,,clean_after_5min,125,7,78.12500000,875,9.01222229,150,1821,1821,1821,0,0,100.00000000,100.00000000,100.00000000,43.44444444,48.66666667,0.00000000,22.11506284,18.19552560,1505.15555556
mitdb,102,102,,clean_after_5min,125,8,39.06250000,1000,10.29968262,150,1821,1821,1821,0,0,100.00000000,100.00000000,100.00000000,43.00000000,48.00000000,0.00000000,11.31910570,24.01304685,1505.15555556
mitdb,102,102,,clean_after_5min,125,9,19.53125000,1125,11.58714294,150,1821,1821,1821,0,0,100.00000000,100.00000000,100.00000000,43.11111111,48.00000000,0.00000000,5.64110624,30.06200358,1505.15555556
mitdb,102,102,,clean_after_5min,125,10,9.76562500,1250,12.87460327,150,1821,1821,1821,0,0,100.00000000,100.00000000,100.00000000,43.11111111,48.00000000,0.00000000,2.81992078,36.08455100,1505.15555556
mitdb,102,102,,clean_after_5min,125,11,4.88281250,1375,14.16206360,150,1821,1821,1821,0,0,100.00000000,100.00000000,100.00000000,43.11111111,48.00000000,0.00000000,1.40831431,42.11529730,1505.15555556
mitdb,102,102,,clean_after_5min,180,6,156.25000000,1080,11.12365723,150,1821,1824,1821,3,0,100.00000000,99.83552632,99.91769547,36.11111111,41.66666667,0.00000000,46.53316521,11.73089150,1505.15555556
mitdb,102,102,,clean_after_5min,180,7,78.12500000,1260,12.97760010,150,1821,1821,1821,0,0,100.00000000,100.00000000,100.00000000,38.88888889,41.66666667,0.00000000,22.10369917,18.19684417,1505.15555556
mitdb,102,102,,clean_after_5min,180,8,39.06250000,1440,14.83154297,150,1821,1821,1821,0,0,100.00000000,100.00000000,100.00000000,38.88888889,41.66666667,0.00000000,11.32674708,24.00403933,1505.15555556
mitdb,102,102,,clean_after_5min,180,9,19.53125000,1620,16.68548584,150,1821,1821,1821,0,0,100.00000000,100.00000000,100.00000000,38.88888889,41.66666667,0.00000000,5.64424088,30.05403259,1505.15555556
mitdb,102,102,,clean_after_5min,180,10,9.76562500,1800,18.53942871,150,1821,1821,1821,0,0,100.00000000,100.00000000,100.00000000,38.88888889,41.66666667,0.00000000,2.81864649,36.08533118,1505.15555556
mitdb,102,102,,clean_after_5min,180,11,4.88281250,1980,20.39337158,150,1821,1821,1821,0,0,100.00000000,100.00000000,100.00000000,38.88888889,41.66666667,0.00000000,1.40994791,42.10208202,1505.15555556
mitdb,102,102,,clean_after_5min,250,6,156.25000000,1500,15.44952393,150,1821,1821,1821,0,0,100.00000000,100.00000000,100.00000000,32.66666667,36.66666667,0.00000000,46.52781941,11.73169974,1505.15555556
mitdb,102,102,,clean_after_5min,250,7,78.12500000,1750,18.02444458,150,1821,1821,1821,0,0,100.00000000,100.00000000,100.00000000,31.11111111,36.22222222,0.00000000,22.11276874,18.19309125,1505.15555556
mitdb,102,102,,clean_after_5min,250,8,39.06250000,2000,20.59936523,150,1821,1821,1821,0,0,100.00000000,100.00000000,100.00000000,32.11111111,36.11111111,0.00000000,11.32172659,24.00770047,1505.15555556
mitdb,102,102,,clean_after_5min,250,9,19.53125000,2250,23.17428589,150,1821,1821,1821,0,0,100.00000000,100.00000000,100.00000000,32.11111111,36.11111111,0.00000000,5.63964022,30.06092575,1505.15555556
mitdb,102,102,,clean_after_5min,250,10,9.76562500,2500,25.74920654,150,1821,1821,1821,0,0,100.00000000,100.00000000,100.00000000,32.22222222,36.11111111,0.00000000,2.82137454,36.07673888,1505.15555556
mitdb,102,102,,clean_after_5min,250,11,4.88281250,2750,28.32412720,150,1821,1821,1821,0,0,100.00000000,100.00000000,100.00000000,32.11111111,36.11111111,0.00000000,1.40735276,42.11789432,1505.15555556
mitdb,102,102,,clean_after_5min,360,6,156.25000000,2160,22.24731445,150,1821,1821,1821,0,0,100.00000000,100.00000000,100.00000000,0.00000000,2.77777778,0.00000000,46.52459561,11.72888650,1505.15555556
mitdb,102,102,,clean_after_5min,360,7,78.12500000,2520,25.95520020,150,1821,1821,1821,0,0,100.00000000,100.00000000,100.00000000,0.00000000,2.77777778,0.00000000,22.12103584,18.18642945,1505.15555556
mitdb,102,102,,clean_after_5min,360,8,39.06250000,2880,29.66308594,150,1821,1821,1821,0,0,100.00000000,100.00000000,100.00000000,0.00000000,2.77777778,0.00000000,11.32372545,24.00275201,1505.15555556
mitdb,102,102,,clean_after_5min,360,9,19.53125000,3240,33.37097168,150,1821,1821,1821,0,0,100.00000000,100.00000000,100.00000000,0.00000000,2.77777778,0.00000000,5.63799309,30.06004784,1505.15555556
mitdb,102,102,,clean_after_5min,360,10,9.76562500,3600,37.07885742,150,1821,1821,1821,0,0,100.00000000,100.00000000,100.00000000,0.00000000,2.77777778,0.00000000,2.82029456,36.07664923,1505.15555556
mitdb,102,102,,clean_after_5min,360,11,4.88281250,3960,40.78674316,150,1821,1821,1821,0,0,100.00000000,100.00000000,100.00000000,0.00000000,2.77777778,0.00000000,1.40937651,42.10199806,1505.15555556
mitdb,103,103,,clean_after_5min,100,6,156.25000000,600,6.17980957,75,1729,1726,1726,0,3,99.82648930,100.00000000,99.91316932,57.77777778,63.33333333,0.00000000,41.71280499,16.99079228,1505.15555556
mitdb,103,103,,clean_after_5min,100,7,78.12500000,700,7.20977783,75,1729,1728,1728,0,1,99.94216310,100.00000000,99.97107318,57.22222222,62.77777778,0.00000000,22.33581500,22.41614410,1505.15555556
mitdb,103,103,,clean_after_5min,100,8,39.06250000,800,8.23974609,75,1729,1728,1728,0,1,99.94216310,100.00000000,99.97107318,57.22222222,62.22222222,0.00000000,11.20358670,28.40903859,1505.15555556
mitdb,103,103,,clean_after_5min,100,9,19.53125000,900,9.26971436,75,1729,1728,1728,0,1,99.94216310,100.00000000,99.97107318,57.22222222,62.22222222,0.00000000,5.63977657,34.37094220,1505.15555556
mitdb,103,103,,clean_after_5min,100,10,9.76562500,1000,10.29968262,75,1729,1728,1728,0,1,99.94216310,100.00000000,99.97107318,57.22222222,62.22222222,0.00000000,2.81754017,40.39877786,1505.15555556
mitdb,103,103,,clean_after_5min,100,11,4.88281250,1100,11.32965088,75,1729,1728,1728,0,1,99.94216310,100.00000000,99.97107318,57.22222222,62.22222222,0.00000000,1.40842465,46.42150782,1505.15555556
mitdb,103,103,,clean_after_5min,125,6,156.25000000,750,7.72476196,75,1729,1726,1726,0,3,99.82648930,100.00000000,99.91316932,2.00000000,4.44444444,0.00000000,41.74391627,16.98428055,1505.15555556
mitdb,103,103,,clean_after_5min,125,7,78.12500000,875,9.01222229,75,1729,1728,1728,0,1,99.94216310,100.00000000,99.97107318,2.00000000,4.44444444,0.00000000,22.34963155,22.41073701,1505.15555556
mitdb,103,103,,clean_after_5min,125,8,39.06250000,1000,10.29968262,75,1729,1728,1728,0,1,99.94216310,100.00000000,99.97107318,2.00000000,4.44444444,0.00000000,11.18157869,28.42608188,1505.15555556
mitdb,103,103,,clean_after_5min,125,9,19.53125000,1125,11.58714294,75,1729,1727,1727,0,2,99.88432620,100.00000000,99.94212963,2.00000000,4.44444444,0.00000000,5.64421390,34.36407509,1505.15555556
mitdb,103,103,,clean_after_5min,125,10,9.76562500,1250,12.87460327,75,1729,1727,1727,0,2,99.88432620,100.00000000,99.94212963,2.00000000,4.44444444,0.00000000,2.82184137,40.38549246,1505.15555556
mitdb,103,103,,clean_after_5min,125,11,4.88281250,1375,14.16206360,75,1729,1727,1727,0,2,99.88432620,100.00000000,99.94212963,2.00000000,4.44444444,0.00000000,1.40809061,46.42353233,1505.15555556
mitdb,103,103,,clean_after_5min,180,6,156.25000000,1080,11.12365723,75,1729,1727,1727,0,2,99.88432620,100.00000000,99.94212963,2.77777778,2.77777778,0.00000000,41.70005415,16.99154905,1505.15555556
mitdb,103,103,,clean_after_5min,180,7,78.12500000,1260,12.97760010,75,1729,1728,1728,0,1,99.94216310,100.00000000,99.97107318,2.77777778,2.77777778,0.00000000,22.34802362,22.40949900,1505.15555556
mitdb,103,103,,clean_after_5min,180,8,39.06250000,1440,14.83154297,75,1729,1727,1727,0,2,99.88432620,100.00000000,99.94212963,2.77777778,2.77777778,0.00000000,11.19125727,28.41670384,1505.15555556
mitdb,103,103,,clean_after_5min,180,9,19.53125000,1620,16.68548584,75,1729,1727,1727,0,2,99.88432620,100.00000000,99.94212963,2.77777778,2.77777778,0.00000000,5.64466250,34.36152183,1505.15555556
mitdb,103,103,,clean_after_5min,180,10,9.76562500,1800,18.53942871,75,1729,1727,1727,0,2,99.88432620,100.00000000,99.94212963,2.77777778,2.77777778,0.00000000,2.81797071,40.39555193,1505.15555556
mitdb,103,103,,clean_after_5min,180,11,4.88281250,1980,20.39337158,75,1729,1727,1727,0,2,99.88432620,100.00000000,99.94212963,2.77777778,2.77777778,0.00000000,1.41145281,46.40095421,1505.15555556
mitdb,103,103,,clean_after_5min,250,6,156.25000000,1500,15.44952393,75,1729,1726,1726,0,3,99.82648930,100.00000000,99.91316932,1.11111111,2.77777778,0.00000000,41.70202109,16.99244671,1505.15555556
mitdb,103,103,,clean_after_5min,250,7,78.12500000,1750,18.02444458,75,1729,1728,1728,0,1,99.94216310,100.00000000,99.97107318,1.11111111,2.66666667,0.00000000,22.34400630,22.41236788,1505.15555556
mitdb,103,103,,clean_after_5min,250,8,39.06250000,2000,20.59936523,75,1729,1728,1728,0,1,99.94216310,100.00000000,99.97107318,1.11111111,2.66666667,0.00000000,11.18891624,28.41982832,1505.15555556
mitdb,103,103,,clean_after_5min,250,9,19.53125000,2250,23.17428589,75,1729,1727,1727,0,2,99.88432620,100.00000000,99.94212963,1.11111111,2.66666667,0.00000000,5.64148832,34.36771491,1505.15555556
mitdb,103,103,,clean_after_5min,250,10,9.76562500,2500,25.74920654,75,1729,1728,1728,0,1,99.94216310,100.00000000,99.97107318,1.11111111,2.66666667,0.00000000,2.82132598,40.38652340,1505.15555556
mitdb,103,103,,clean_after_5min,250,11,4.88281250,2750,28.32412720,75,1729,1727,1727,0,2,99.88432620,100.00000000,99.94212963,1.11111111,2.66666667,0.00000000,1.40862768,46.41966440,1505.15555556
mitdb,103,103,,clean_after_5min,360,6,156.25000000,2160,22.24731445,75,1729,1728,1728,0,1,99.94216310,100.00000000,99.97107318,0.00000000,2.77777778,0.00000000,41.72065512,16.98256690,1505.15555556
mitdb,103,103,,clean_after_5min,360,7,78.12500000,2520,25.95520020,75,1729,1727,1727,0,2,99.88432620,100.00000000,99.94212963,0.00000000,2.77777778,0.00000000,22.34039654,22.40777173,1505.15555556
mitdb,103,103,,clean_after_5min,360,8,39.06250000,2880,29.66308594,75,1729,1727,1727,0,2,99.88432620,100.00000000,99.94212963,0.00000000,2.77777778,0.00000000,11.18873468,28.41396977,1505.15555556
mitdb,103,103,,clean_after_5min,360,9,19.53125000,3240,33.37097168,75,1729,1727,1727,0,2,99.88432620,100.00000000,99.94212963,0.00000000,2.77777778,0.00000000,5.64485688,34.35653058,1505.15555556
mitdb,103,103,,clean_after_5min,360,10,9.76562500,3600,37.07885742,75,1729,1727,1727,0,2,99.88432620,100.00000000,99.94212963,0.00000000,2.77777778,0.00000000,2.81982551,40.38514457,1505.15555556
mitdb,103,103,,clean_after_5min,360,11,4.88281250,3960,40.78674316,75,1729,1727,1727,0,2,99.88432620,100.00000000,99.94212963,0.00000000,2.77777778,0.00000000,1.41034313,46.40309356,1505.15555556
mitdb,103,103,,clean_after_5min,100,6,156.25000000,600,6.17980957,150,1729,1726,1726,0,3,99.82648930,100.00000000,99.91316932,57.77777778,63.33333333,0.00000000,41.71280499,16.99079228,1505.15555556
mitdb,103,103,,clean_after_5min,100,7,78.12500000,700,7.20977783,150,1729,1728,1728,0,1,99.94216310,100.00000000,99.97107318,57.22222222,62.77777778,0.00000000,22.33581500,22.41614410,1505.15555556
mitdb,103,103,,clean_after_5min,100,8,39.06250000,800,8.23974609,150,1729,1728,1728,0,1,99.94216310,100.00000000,99.97107318,57.22222222,62.22222222,0.00000000,11.20358670,28.40903859,1505.15555556
mitdb,103,103,,clean_after_5min,100,9,19.53125000,900,9.26971436,150,1729,1728,1728,0,1,99.94216310,100.00000000,99.97107318,57.22222222,62.22222222,0.00000000,5.63977657,34.37094220,1505.15555556
mitdb,103,103,,clean_after_5min,100,10,9.76562500,1000,10.29968262,150,1729,1728,1728,0,1,99.94216310,100.00000000,99.97107318,57.22222222,62.22222222,0.00000000,2.81754017,40.39877786,1505.15555556
mitdb,103,103,,clean_after_5min,100,11,4.88281250,1100,11.32965088,150,1729,1728,1728,0,1,99.94216310,100.00000000,99.97107318,57.22222222,62.22222222,0.00000000,1.40842465,46.42150782,1505.15555556
mitdb,103,103,,clean_after_5min,125,6,156.25000000,750,7.72476196,150,1729,1726,1726,0,3,99.82648930,100.00000000,99.91316932,2.00000000,4.44444444,0.00000000,41.74391627,16.98428055,1505.15555556
mitdb,103,103,,clean_after_5min,125,7,78.12500000,875,9.01222229,150,1729,1728,1728,0,1,99.94216310,100.00000000,99.97107318,2.00000000,4.44444444,0.00000000,22.34963155,22.41073701,1505.15555556
mitdb,103,103,,clean_after_5min,125,8,39.06250000,1000,10.29968262,150,1729,1728,1728,0,1,99.94216310,100.00000000,99.97107318,2.00000000,4.44444444,0.00000000,11.18157869,28.42608188,1505.15555556
mitdb,103,103,,clean_after_5min,125,9,19.53125000,1125,11.58714294,150,1729,1727,1727,0,2,99.88432620,100.00000000,99.94212963,2.00000000,4.44444444,0.00000000,5.64421390,34.36407509,1505.15555556
mitdb,103,103,,clean_after_5min,125,10,9.76562500,1250,12.87460327,150,1729,1727,1727,0,2,99.88432620,100.00000000,99.94212963,2.00000000,4.44444444,0.00000000,2.82184137,40.38549246,1505.15555556
mitdb,103,103,,clean_after_5min,125,11,4.88281250,1375,14.16206360,150,1729,1727,1727,0,2,99.88432620,100.00000000,99.94212963,2.00000000,4.44444444,0.00000000,1.40809061,46.42353233,1505.15555556
mitdb,103,103,,clean_after_5min,180,6,156.25000000,1080,11.12365723,150,1729,1727,1727,0,2,99.88432620,100.00000000,99.94212963,2.77777778,2.77777778,0.00000000,41.70005415,16.99154905,1505.15555556
mitdb,103,103,,clean_after_5min,180,7,78.12500000,1260,12.97760010,150,1729,1728,1728,0,1,99.94216310,100.00000000,99.97107318,2.77777778,2.77777778,0.00000000,22.34802362,22.40949900,1505.15555556
mitdb,103,103,,clean_after_5min,180,8,39.06250000,1440,14.83154297,150,1729,1727,1727,0,2,99.88432620,100.00000000,99.94212963,2.77777778,2.77777778,0.00000000,11.19125727,28.41670384,1505.15555556
mitdb,103,103,,clean_after_5min,180,9,19.53125000,1620,16.68548584,150,1729,1727,1727,0,2,99.88432620,100.00000000,99.94212963,2.77777778,2.77777778,0.00000000,5.64466250,34.36152183,1505.15555556
mitdb,103,103,,clean_after_5min,180,10,9.76562500,1800,18.53942871,150,1729,1727,1727,0,2,99.88432620,100.00000000,99.94212963,2.77777778,2.77777778,0.00000000,2.81797071,40.39555193,1505.15555556
mitdb,103,103,,clean_after_5min,180,11,4.88281250,1980,20.39337158,150,1729,1727,1727,0,2,99.88432620,100.00000000,99.94212963,2.77777778,2.77777778,0.00000000,1.41145281,46.40095421,1505.15555556
mitdb,103,103,,clean_after_5min,250,6,156.25000000,1500,15.44952393,150,1729,1726,1726,0,3,99.82648930,100.00000000,99.91316932,1.11111111,2.77777778,0.00000000,41.70202109,16.99244671,1505.15555556
mitdb,103,103,,clean_after_5min,250,7,78.12500000,1750,18.02444458,150,1729,1728,1728,0,1,99.94216310,100.00000000,99.97107318,1.11111111,2.66666667,0.00000000,22.34400630,22.41236788,1505.15555556
mitdb,103,103,,clean_after_5min,250,8,39.06250000,2000,20.59936523,150,1729,1728,1728,0,1,99.94216310,100.00000000,99.97107318,1.11111111,2.66666667,0.00000000,11.18891624,28.41982832,1505.15555556
mitdb,103,103,,clean_after_5min,250,9,19.53125000,2250,23.17428589,150,1729,1727,1727,0,2,99.88432620,100.00000000,99.94212963,1.11111111,2.66666667,0.00000000,5.64148832,34.36771491,1505.15555556
mitdb,103,103,,clean_after_5min,250,10,9.76562500,2500,25.74920654,150,1729,1728,1728,0,1,99.94216310,100.00000000,99.97107318,1.11111111,2.66666667,0.00000000,2.82132598,40.38652340,1505.15555556
mitdb,103,103,,clean_after_5min,250,11,4.88281250,2750,28.32412720,150,1729,1727,1727,0,2,99.88432620,100.00000000,99.94212963,1.11111111,2.66666667,0.00000000,1.40862768,46.41966440,1505.15555556
mitdb,103,103,,clean_after_5min,360,6,156.25000000,2160,22.24731445,150,1729,1728,1728,0,1,99.94216310,100.00000000,99.97107318,0.00000000,2.77777778,0.00000000,41.72065512,16.98256690,1505.15555556
mitdb,103,103,,clean_after_5min,360,7,78.12500000,2520,25.95520020,150,1729,1727,1727,0,2,99.88432620,100.00000000,99.94212963,0.00000000,2.77777778,0.00000000,22.34039654,22.40777173,1505.15555556
mitdb,103,103,,clean_after_5min,360,8,39.06250000,2880,29.66308594,150,1729,1727,1727,0,2,99.88432620,100.00000000,99.94212963,0.00000000,2.77777778,0.00000000,11.18873468,28.41396977,1505.15555556
mitdb,103,103,,clean_after_5min,360,9,19.53125000,3240,33.37097168,150,1729,1727,1727,0,2,99.88432620,100.00000000,99.94212963,0.00000000,2.77777778,0.00000000,5.64485688,34.35653058,1505.15555556
mitdb,103,103,,clean_after_5min,360,10,9.76562500,3600,37.07885742,150,1729,1727,1727,0,2,99.88432620,100.00000000,99.94212963,0.00000000,2.77777778,0.00000000,2.81982551,40.38514457,1505.15555556
mitdb,103,103,,clean_after_5min,360,11,4.88281250,3960,40.78674316,150,1729,1727,1727,0,2,99.88432620,100.00000000,99.94212963,0.00000000,2.77777778,0.00000000,1.41034313,46.40309356,1505.15555556
mitdb,104,104,,clean_after_5min,100,6,156.25000000,600,6.17980957,75,1856,1870,1760,110,96,94.82758621,94.11764706,94.47128288,12.22222222,66.66666667,0.00000000,46.29241773,13.75406749,1505.15555556
mitdb,104,104,,clean_after_5min,100,7,78.12500000,700,7.20977783,75,1856,1860,1755,105,101,94.55818966,94.35483871,94.45640474,11.11111111,66.66666667,0.00000000,22.44619263,20.04141104,1505.15555556
mitdb,104,104,,clean_after_5min,100,8,39.06250000,800,8.23974609,75,1856,1848,1762,86,94,94.93534483,95.34632035,95.14038877,10.55555556,66.11111111,0.00000000,11.24992464,26.04127249,1505.15555556
mitdb,104,104,,clean_after_5min,100,9,19.53125000,900,9.26971436,75,1856,1848,1759,89,97,94.77370690,95.18398268,94.97840173,10.55555556,66.66666667,0.00000000,5.62444621,32.06266940,1505.15555556
mitdb,104,104,,clean_after_5min,100,10,9.76562500,1000,10.29968262,75,1856,1849,1758,91,98,94.71982759,95.07842077,94.89878543,10.55555556,66.19444444,0.00000000,2.81407360,38.07755571,1505.15555556
mitdb,104,104,,clean_after_5min,100,11,4.88281250,1100,11.32965088,75,1856,1842,1761,81,95,94.88146552,95.60260586,95.24067063,10.55555556,66.66666667,0.00000000,1.41070867,44.07551803,1505.15555556
mitdb,104,104,,clean_after_5min,125,6,156.25000000,750,7.72476196,75,1856,1859,1733,126,123,93.37284483,93.22216245,93.29744280,4.22222222,53.88888889,0.00000000,46.27094440,13.75820722,1505.15555556
mitdb,104,104,,clean_after_5min,125,7,78.12500000,875,9.01222229,75,1856,1849,1752,97,104,94.39655172,94.75392104,94.57489879,4.22222222,52.33333333,0.00000000,22.45229440,20.03915993,1505.15555556
mitdb,104,104,,clean_after_5min,125,8,39.06250000,1000,10.29968262,75,1856,1846,1760,86,96,94.82758621,95.34127844,95.08373852,4.11111111,51.11666667,0.00000000,11.24959439,26.04163721,1505.15555556
mitdb,104,104,,clean_after_5min,125,9,19.53125000,1125,11.58714294,75,1856,1846,1761,85,95,94.88146552,95.39544962,95.13776337,4.00000000,50.55555556,0.00000000,5.63125687,32.05226774,1505.15555556
mitdb,104,104,,clean_after_5min,125,10,9.76562500,1250,12.87460327,75,1856,1846,1763,83,93,94.98922414,95.50379198,95.24581307,3.88888889,50.54444444,0.00000000,2.81867297,38.06348069,1505.15555556
mitdb,104,104,,clean_after_5min,125,11,4.88281250,1375,14.16206360,75,1856,1847,1763,84,93,94.98922414,95.45208446,95.22009182,4.00000000,50.55555556,0.00000000,1.40715289,44.09754873,1505.15555556
mitdb,104,104,,clean_after_5min,180,6,156.25000000,1080,11.12365723,75,1856,1855,1752,103,104,94.39655172,94.44743935,94.42198868,2.77777778,41.66666667,0.00000000,46.28476227,13.75332323,1505.15555556
mitdb,104,104,,clean_after_5min,180,7,78.12500000,1260,12.97760010,75,1856,1851,1784,67,72,96.12068966,96.38033495,96.25033720,2.77777778,41.66666667,0.00000000,22.45248007,20.03679759,1505.15555556
mitdb,104,104,,clean_after_5min,180,8,39.06250000,1440,14.83154297,75,1856,1854,1788,66,68,96.33620690,96.44012945,96.38814016,2.77777778,38.88888889,0.00000000,11.24825767,26.04037885,1505.15555556
mitdb,104,104,,clean_after_5min,180,9,19.53125000,1620,16.68548584,75,1856,1854,1788,66,68,96.33620690,96.44012945,96.38814016,2.77777778,38.88888889,0.00000000,5.63249108,32.04807372,1505.15555556
mitdb,104,104,,clean_after_5min,180,10,9.76562500,1800,18.53942871,75,1856,1854,1790,64,66,96.44396552,96.54800431,96.49595687,2.77777778,38.88888889,0.00000000,2.81570646,38.07033643,1505.15555556
mitdb,104,104,,clean_after_5min,180,11,4.88281250,1980,20.39337158,75,1856,1854,1789,65,67,96.39008621,96.49406688,96.44204852,2.77777778,38.88888889,0.00000000,1.41117268,44.07048075,1505.15555556
mitdb,104,104,,clean_after_5min,250,6,156.25000000,1500,15.44952393,75,1856,1856,1844,12,12,99.35344828,99.35344828,99.35344828,2.22222222,6.33333333,0.00000000,46.29149156,13.75210549,1505.15555556
mitdb,104,104,,clean_after_5min,250,7,78.12500000,1750,18.02444458,75,1856,1855,1846,9,10,99.46120690,99.51482480,99.48800862,2.55555556,6.19444444,0.00000000,22.44772472,20.03868242,1505.15555556
mitdb,104,104,,clean_after_5min,250,8,39.06250000,2000,20.59936523,75,1856,1856,1850,6,6,99.67672414,99.67672414,99.67672414,2.55555556,6.06111111,0.00000000,11.24904588,26.03981521,1505.15555556
mitdb,104,104,,clean_after_5min,250,9,19.53125000,2250,23.17428589,75,1856,1855,1846,9,10,99.46120690,99.51482480,99.48800862,2.44444444,6.00000000,0.00000000,5.63383410,32.04604790,1505.15555556
mitdb,104,104,,clean_after_5min,250,10,9.76562500,2500,25.74920654,75,1856,1855,1848,7,8,99.56896552,99.62264151,99.59579628,2.44444444,6.00000000,0.00000000,2.81652004,38.06787207,1505.15555556
mitdb,104,104,,clean_after_5min,250,11,4.88281250,2750,28.32412720,75,1856,1855,1847,8,9,99.51508621,99.56873315,99.54190245,2.55555556,6.07777778,0.00000000,1.40849244,44.08703857,1505.15555556
mitdb,104,104,,clean_after_5min,360,6,156.25000000,2160,22.24731445,75,1856,1859,1838,21,18,99.03017241,98.87036041,98.95020188,2.77777778,5.55555556,0.00000000,46.28908600,13.74887755,1505.15555556
mitdb,104,104,,clean_after_5min,360,7,78.12500000,2520,25.95520020,75,1856,1859,1838,21,18,99.03017241,98.87036041,98.95020188,2.77777778,5.55555556,0.00000000,22.45151743,20.03353568,1505.15555556
mitdb,104,104,,clean_after_5min,360,8,39.06250000,2880,29.66308594,75,1856,1859,1838,21,18,99.03017241,98.87036041,98.95020188,2.77777778,5.55555556,0.00000000,11.24436870,26.03974811,1505.15555556
mitdb,104,104,,clean_after_5min,360,9,19.53125000,3240,33.37097168,75,1856,1859,1838,21,18,99.03017241,98.87036041,98.95020188,2.77777778,5.55555556,0.00000000,5.63510120,32.04041526,1505.15555556
mitdb,104,104,,clean_after_5min,360,10,9.76562500,3600,37.07885742,75,1856,1859,1838,21,18,99.03017241,98.87036041,98.95020188,2.77777778,5.55555556,0.00000000,2.81680625,38.06331014,1505.15555556
mitdb,104,104,,clean_after_5min,360,11,4.88281250,3960,40.78674316,75,1856,1859,1838,21,18,99.03017241,98.87036041,98.95020188,2.77777778,5.55555556,0.00000000,1.40936849,44.07795849,1505.15555556
mitdb,104,104,,clean_after_5min,100,6,156.25000000,600,6.17980957,150,1856,1870,1831,39,25,98.65301724,97.91443850,98.28234031,12.77777778,72.22222222,0.00000000,46.29241773,13.75406749,1505.15555556
mitdb,104,104,,clean_after_5min,100,7,78.12500000,700,7.20977783,150,1856,1860,1822,38,34,98.16810345,97.95698925,98.06243272,11.66666667,71.63888889,0.00000000,22.44619263,20.04141104,1505.15555556
mitdb,104,104,,clean_after_5min,100,8,39.06250000,800,8.23974609,150,1856,1848,1828,20,28,98.49137931,98.91774892,98.70410367,11.11111111,70.55555556,0.00000000,11.24992464,26.04127249,1505.15555556
mitdb,104,104,,clean_after_5min,100,9,19.53125000,900,9.26971436,150,1856,1848,1829,19,27,98.54525862,98.97186147,98.75809935,11.11111111,72.00000000,0.00000000,5.62444621,32.06266940,1505.15555556
mitdb,104,104,,clean_after_5min,100,10,9.76562500,1000,10.29968262,150,1856,1849,1830,19,26,98.59913793,98.97241752,98.78542510,11.11111111,72.22222222,0.00000000,2.81407360,38.07755571,1505.15555556
mitdb,104,104,,clean_after_5min,100,11,4.88281250,1100,11.32965088,150,1856,1842,1828,14,28,98.49137931,99.23995657,98.86425095,11.11111111,71.11111111,0.00000000,1.41070867,44.07551803,1505.15555556
mitdb,104,104,,clean_after_5min,125,6,156.25000000,750,7.72476196,150,1856,1859,1849,10,7,99.62284483,99.46207639,99.54239569,4.66666667,92.15555556,0.00000000,46.27094440,13.75820722,1505.15555556
mitdb,104,104,,clean_after_5min,125,7,78.12500000,875,9.01222229,150,1856,1849,1847,2,9,99.51508621,99.89183342,99.70310391,4.44444444,76.37777778,0.00000000,22.45229440,20.03915993,1505.15555556
mitdb,104,104,,clean_after_5min,125,8,39.06250000,1000,10.29968262,150,1856,1846,1846,0,10,99.46120690,100.00000000,99.72987574,4.33333333,71.22222222,0.00000000,11.24959439,26.04163721,1505.15555556
mitdb,104,104,,clean_after_5min,125,9,19.53125000,1125,11.58714294,150,1856,1846,1846,0,10,99.46120690,100.00000000,99.72987574,4.22222222,71.19444444,0.00000000,5.63125687,32.05226774,1505.15555556
mitdb,104,104,,clean_after_5min,125,10,9.76562500,1250,12.87460327,150,1856,1846,1845,1,11,99.40732759,99.94582882,99.67585089,4.22222222,70.51111111,0.00000000,2.81867297,38.06348069,1505.15555556
mitdb,104,104,,clean_after_5min,125,11,4.88281250,1375,14.16206360,150,1856,1847,1846,1,10,99.46120690,99.94585815,99.70294356,4.22222222,70.88888889,0.00000000,1.40715289,44.09754873,1505.15555556
mitdb,104,104,,clean_after_5min,180,6,156.25000000,1080,11.12365723,150,1856,1855,1852,3,4,99.78448276,99.83827493,99.81137160,2.77777778,83.33333333,0.00000000,46.28476227,13.75332323,1505.15555556
mitdb,104,104,,clean_after_5min,180,7,78.12500000,1260,12.97760010,150,1856,1851,1851,0,5,99.73060345,100.00000000,99.86512004,2.77777778,44.44444444,0.00000000,22.45248007,20.03679759,1505.15555556
mitdb,104,104,,clean_after_5min,180,8,39.06250000,1440,14.83154297,150,1856,1854,1854,0,2,99.89224138,100.00000000,99.94609164,2.77777778,44.44444444,0.00000000,11.24825767,26.04037885,1505.15555556
mitdb,104,104,,clean_after_5min,180,9,19.53125000,1620,16.68548584,150,1856,1854,1854,0,2,99.89224138,100.00000000,99.94609164,2.77777778,42.63888889,0.00000000,5.63249108,32.04807372,1505.15555556
mitdb,104,104,,clean_after_5min,180,10,9.76562500,1800,18.53942871,150,1856,1854,1854,0,2,99.89224138,100.00000000,99.94609164,2.77777778,41.66666667,0.00000000,2.81570646,38.07033643,1505.15555556
mitdb,104,104,,clean_after_5min,180,11,4.88281250,1980,20.39337158,150,1856,1854,1854,0,2,99.89224138,100.00000000,99.94609164,2.77777778,41.66666667,0.00000000,1.41117268,44.07048075,1505.15555556
mitdb,104,104,,clean_after_5min,250,6,156.25000000,1500,15.44952393,150,1856,1856,1855,1,1,99.94612069,99.94612069,99.94612069,2.22222222,6.55555556,0.00000000,46.29149156,13.75210549,1505.15555556
mitdb,104,104,,clean_after_5min,250,7,78.12500000,1750,18.02444458,150,1856,1855,1854,1,2,99.89224138,99.94609164,99.91915926,2.55555556,6.33333333,0.00000000,22.44772472,20.03868242,1505.15555556
mitdb,104,104,,clean_after_5min,250,8,39.06250000,2000,20.59936523,150,1856,1856,1855,1,1,99.94612069,99.94612069,99.94612069,2.55555556,6.11111111,0.00000000,11.24904588,26.03981521,1505.15555556
mitdb,104,104,,clean_after_5min,250,9,19.53125000,2250,23.17428589,150,1856,1855,1854,1,2,99.89224138,99.94609164,99.91915926,2.55555556,6.11111111,0.00000000,5.63383410,32.04604790,1505.15555556
mitdb,104,104,,clean_after_5min,250,10,9.76562500,2500,25.74920654,150,1856,1855,1854,1,2,99.89224138,99.94609164,99.91915926,2.55555556,6.11111111,0.00000000,2.81652004,38.06787207,1505.15555556
mitdb,104,104,,clean_after_5min,250,11,4.88281250,2750,28.32412720,150,1856,1855,1854,1,2,99.89224138,99.94609164,99.91915926,2.55555556,6.11111111,0.00000000,1.40849244,44.08703857,1505.15555556
mitdb,104,104,,clean_after_5min,360,6,156.25000000,2160,22.24731445,150,1856,1859,1855,4,1,99.94612069,99.78483055,99.86541050,2.77777778,5.55555556,0.00000000,46.28908600,13.74887755,1505.15555556
mitdb,104,104,,clean_after_5min,360,7,78.12500000,2520,25.95520020,150,1856,1859,1854,5,2,99.89224138,99.73103819,99.81157470,2.77777778,5.55555556,0.00000000,22.45151743,20.03353568,1505.15555556
mitdb,104,104,,clean_after_5min,360,8,39.06250000,2880,29.66308594,150,1856,1859,1855,4,1,99.94612069,99.78483055,99.86541050,2.77777778,5.55555556,0.00000000,11.24436870,26.03974811,1505.15555556
mitdb,104,104,,clean_after_5min,360,9,19.53125000,3240,33.37097168,150,1856,1859,1855,4,1,99.94612069,99.78483055,99.86541050,2.77777778,5.55555556,0.00000000,5.63510120,32.04041526,1505.15555556
mitdb,104,104,,clean_after_5min,360,10,9.76562500,3600,37.07885742,150,1856,1859,1855,4,1,99.94612069,99.78483055,99.86541050,2.77777778,5.55555556,0.00000000,2.81680625,38.06331014,1505.15555556
mitdb,104,104,,clean_after_5min,360,11,4.88281250,3960,40.78674316,150,1856,1859,1855,4,1,99.94612069,99.78483055,99.86541050,2.77777778,5.55555556,0.00000000,1.40936849,44.07795849,1505.15555556
mitdb,105,105,,clean_after_5min,100,6,156.25000000,600,6.17980957,75,2154,2219,2104,115,50,97.67873723,94.81748535,96.22684656,62.22222222,68.88888889,0.00000000,47.90594701,17.88800476,1505.15555556
mitdb,105,105,,clean_after_5min,100,7,78.12500000,700,7.20977783,75,2154,2218,2108,110,46,97.86443825,95.04057710,96.43183898,61.11111111,67.22222222,0.00000000,22.82389568,24.32799788,1505.15555556
mitdb,105,105,,clean_after_5min,100,8,39.06250000,800,8.23974609,75,2154,2219,2112,107,42,98.05013928,95.17800811,96.59272810,61.66666667,67.22222222,0.00000000,11.27775583,30.45133961,1505.15555556
mitdb,105,105,,clean_after_5min,100,9,19.53125000,900,9.26971436,75,2154,2221,2108,113,46,97.86443825,94.91220171,96.36571429,61.66666667,67.22222222,0.00000000,5.63674479,36.47522591,1505.15555556
mitdb,105,105,,clean_after_5min,100,10,9.76562500,1000,10.29968262,75,2154,2222,2108,114,46,97.86443825,94.86948695,96.34369287,61.66666667,67.22222222,0.00000000,2.81666452,42.50109088,1505.15555556
mitdb,105,105,,clean_after_5min,100,11,4.88281250,1100,11.32965088,75,2154,2222,2109,113,45,97.91086351,94.91449145,96.38939671,61.66666667,67.22222222,0.00000000,1.41137424,48.50294965,1505.15555556
mitdb,105,105,,clean_after_5min,125,6,156.25000000,750,7.72476196,75,2154,2195,2117,78,37,98.28226555,96.44646925,97.35571396,2.22222222,6.22222222,0.00000000,47.93740419,17.88210069,1505.15555556
mitdb,105,105,,clean_after_5min,125,7,78.12500000,875,9.01222229,75,2154,2201,2122,79,32,98.51439183,96.41072240,97.45120551,2.22222222,5.88888889,0.00000000,22.80948660,24.33328075,1505.15555556
mitdb,105,105,,clean_after_5min,125,8,39.06250000,1000,10.29968262,75,2154,2201,2122,79,32,98.51439183,96.41072240,97.45120551,2.16666667,5.88888889,0.00000000,11.29022504,30.44153898,1505.15555556
mitdb,105,105,,clean_after_5min,125,9,19.53125000,1125,11.58714294,75,2154,2204,2122,82,32,98.51439183,96.27949183,97.38412116,2.22222222,5.88888889,0.00000000,5.64094759,36.46854966,1505.15555556
mitdb,105,105,,clean_after_5min,125,10,9.76562500,1250,12.87460327,75,2154,2204,2122,82,32,98.51439183,96.27949183,97.38412116,2.11111111,5.88888889,0.00000000,2.81843556,42.49542875,1505.15555556
mitdb,105,105,,clean_after_5min,125,11,4.88281250,1375,14.16206360,75,2154,2205,2122,83,32,98.51439183,96.23582766,97.36178022,2.11111111,5.88888889,0.00000000,1.41234068,48.49680156,1505.15555556
mitdb,105,105,,clean_after_5min,180,6,156.25000000,1080,11.12365723,75,2154,2180,2131,49,23,98.93221913,97.75229358,98.33871712,2.77777778,2.77777778,0.00000000,47.94873012,17.87828323,1505.15555556
mitdb,105,105,,clean_after_5min,180,7,78.12500000,1260,12.97760010,75,2154,2181,2133,48,21,99.02506964,97.79917469,98.40830450,2.77777778,2.77777778,0.00000000,22.80519252,24.33315057,1505.15555556
mitdb,105,105,,clean_after_5min,180,8,39.06250000,1440,14.83154297,75,2154,2183,2134,49,20,99.07149489,97.75538250,98.40903851,2.77777778,2.77777778,0.00000000,11.27981163,30.44778849,1505.15555556
mitdb,105,105,,clean_after_5min,180,9,19.53125000,1620,16.68548584,75,2154,2183,2134,49,20,99.07149489,97.75538250,98.40903851,2.77777778,2.77777778,0.00000000,5.63829493,36.47086963,1505.15555556
mitdb,105,105,,clean_after_5min,180,10,9.76562500,1800,18.53942871,75,2154,2182,2134,48,20,99.07149489,97.80018332,98.43173432,2.77777778,2.77777778,0.00000000,2.81517556,42.50371574,1505.15555556
mitdb,105,105,,clean_after_5min,180,11,4.88281250,1980,20.39337158,75,2154,2183,2134,49,20,99.07149489,97.75538250,98.40903851,2.77777778,2.77777778,0.00000000,1.40997445,48.50960060,1505.15555556
mitdb,105,105,,clean_after_5min,250,6,156.25000000,1500,15.44952393,75,2154,2184,2139,45,15,99.30362117,97.93956044,98.61687414,1.11111111,2.88888889,0.00000000,47.94153587,17.87973917,1505.15555556
mitdb,105,105,,clean_after_5min,250,7,78.12500000,1750,18.02444458,75,2154,2185,2138,47,16,99.25719591,97.84897025,98.54805255,1.11111111,2.77777778,0.00000000,22.81038432,24.33132598,1505.15555556
mitdb,105,105,,clean_after_5min,250,8,39.06250000,2000,20.59936523,75,2154,2185,2140,45,14,99.35004643,97.94050343,98.64023969,1.11111111,2.77777778,0.00000000,11.27803580,30.44930865,1505.15555556
mitdb,105,105,,clean_after_5min,250,9,19.53125000,2250,23.17428589,75,2154,2184,2140,44,14,99.35004643,97.98534799,98.66297833,1.11111111,2.77777778,0.00000000,5.64441469,36.46159977,1505.15555556
mitdb,105,105,,clean_after_5min,250,10,9.76562500,2500,25.74920654,75,2154,2184,2140,44,14,99.35004643,97.98534799,98.66297833,1.11111111,2.77777778,0.00000000,2.81809238,42.49487351,1505.15555556
mitdb,105,105,,clean_after_5min,250,11,4.88281250,2750,28.32412720,75,2154,2184,2139,45,15,99.30362117,97.93956044,98.61687414,1.11111111,2.77777778,0.00000000,1.41175866,48.49876880,1505.15555556
mitdb,105,105,,clean_after_5min,360,6,156.25000000,2160,22.24731445,75,2154,2184,2145,39,9,99.58217270,98.21428571,98.89349931,0.00000000,2.77777778,0.00000000,47.94254940,17.87575053,1505.15555556
mitdb,105,105,,clean_after_5min,360,7,78.12500000,2520,25.95520020,75,2154,2183,2145,38,9,99.58217270,98.25927623,98.91630159,0.00000000,2.77777778,0.00000000,22.80186099,24.33076715,1505.15555556
mitdb,105,105,,clean_after_5min,360,8,39.06250000,2880,29.66308594,75,2154,2183,2145,38,9,99.58217270,98.25927623,98.91630159,0.00000000,2.77777778,0.00000000,11.28062289,30.44351140,1505.15555556
mitdb,105,105,,clean_after_5min,360,9,19.53125000,3240,33.37097168,75,2154,2183,2145,38,9,99.58217270,98.25927623,98.91630159,0.00000000,2.77777778,0.00000000,5.63857943,36.46677897,1505.15555556
mitdb,105,105,,clean_after_5min,360,10,9.76562500,3600,37.07885742,75,2154,2183,2145,38,9,99.58217270,98.25927623,98.91630159,0.00000000,2.77777778,0.00000000,2.81811177,42.49100875,1505.15555556
mitdb,105,105,,clean_after_5min,360,11,4.88281250,3960,40.78674316,75,2154,2183,2145,38,9,99.58217270,98.25927623,98.91630159,0.00000000,2.77777778,0.00000000,1.40880761,48.51313922,1505.15555556
mitdb,105,105,,clean_after_5min,100,6,156.25000000,600,6.17980957,150,2154,2219,2131,88,23,98.93221913,96.03424966,97.46169678,62.22222222,69.44444444,0.00000000,47.90594701,17.88800476,1505.15555556
mitdb,105,105,,clean_after_5min,100,7,78.12500000,700,7.20977783,150,2154,2218,2132,86,22,98.97864438,96.12263300,97.52973468,61.11111111,67.77777778,0.00000000,22.82389568,24.32799788,1505.15555556
mitdb,105,105,,clean_after_5min,100,8,39.06250000,800,8.23974609,150,2154,2219,2134,85,20,99.07149489,96.16944570,97.59890236,61.66666667,67.77777778,0.00000000,11.27775583,30.45133961,1505.15555556
mitdb,105,105,,clean_after_5min,100,9,19.53125000,900,9.26971436,150,2154,2221,2132,89,22,98.97864438,95.99279604,97.46285714,61.66666667,67.77777778,0.00000000,5.63674479,36.47522591,1505.15555556
mitdb,105,105,,clean_after_5min,100,10,9.76562500,1000,10.29968262,150,2154,2222,2133,89,21,99.02506964,95.99459946,97.48628885,61.66666667,67.77777778,0.00000000,2.81666452,42.50109088,1505.15555556
mitdb,105,105,,clean_after_5min,100,11,4.88281250,1100,11.32965088,150,2154,2222,2133,89,21,99.02506964,95.99459946,97.48628885,61.66666667,67.77777778,0.00000000,1.41137424,48.50294965,1505.15555556
mitdb,105,105,,clean_after_5min,125,6,156.25000000,750,7.72476196,150,2154,2195,2136,59,18,99.16434540,97.31207289,98.22947804,2.22222222,6.80555556,0.00000000,47.93740419,17.88210069,1505.15555556
mitdb,105,105,,clean_after_5min,125,7,78.12500000,875,9.01222229,150,2154,2201,2141,60,13,99.39647168,97.27396638,98.32376579,2.22222222,6.22222222,0.00000000,22.80948660,24.33328075,1505.15555556
mitdb,105,105,,clean_after_5min,125,8,39.06250000,1000,10.29968262,150,2154,2201,2139,62,15,99.30362117,97.18309859,98.23191734,2.22222222,6.11111111,0.00000000,11.29022504,30.44153898,1505.15555556
mitdb,105,105,,clean_after_5min,125,9,19.53125000,1125,11.58714294,150,2154,2204,2138,66,16,99.25719591,97.00544465,98.11840294,2.22222222,6.12777778,0.00000000,5.64094759,36.46854966,1505.15555556
mitdb,105,105,,clean_after_5min,125,10,9.76562500,1250,12.87460327,150,2154,2204,2138,66,16,99.25719591,97.00544465,98.11840294,2.22222222,6.11111111,0.00000000,2.81843556,42.49542875,1505.15555556
mitdb,105,105,,clean_after_5min,125,11,4.88281250,1375,14.16206360,150,2154,2205,2138,67,16,99.25719591,96.96145125,98.09589355,2.22222222,6.11111111,0.00000000,1.41234068,48.49680156,1505.15555556
mitdb,105,105,,clean_after_5min,180,6,156.25000000,1080,11.12365723,150,2154,2180,2143,37,11,99.48932219,98.30275229,98.89247808,2.77777778,2.77777778,0.00000000,47.94873012,17.87828323,1505.15555556
mitdb,105,105,,clean_after_5min,180,7,78.12500000,1260,12.97760010,150,2154,2181,2143,38,11,99.48932219,98.25767996,98.86966551,2.77777778,2.77777778,0.00000000,22.80519252,24.33315057,1505.15555556
mitdb,105,105,,clean_after_5min,180,8,39.06250000,1440,14.83154297,150,2154,2183,2144,39,10,99.53574745,98.21346770,98.87018677,2.77777778,2.77777778,0.00000000,11.27981163,30.44778849,1505.15555556
mitdb,105,105,,clean_after_5min,180,9,19.53125000,1620,16.68548584,150,2154,2183,2144,39,10,99.53574745,98.21346770,98.87018677,2.77777778,2.77777778,0.00000000,5.63829493,36.47086963,1505.15555556
mitdb,105,105,,clean_after_5min,180,10,9.76562500,1800,18.53942871,150,2154,2182,2144,38,10,99.53574745,98.25847846,98.89298893,2.77777778,2.77777778,0.00000000,2.81517556,42.50371574,1505.15555556
mitdb,105,105,,clean_after_5min,180,11,4.88281250,1980,20.39337158,150,2154,2183,2144,39,10,99.53574745,98.21346770,98.87018677,2.77777778,2.77777778,0.00000000,1.40997445,48.50960060,1505.15555556
mitdb,105,105,,clean_after_5min,250,6,156.25000000,1500,15.44952393,150,2154,2184,2146,38,8,99.62859796,98.26007326,98.93960350,1.11111111,3.00000000,0.00000000,47.94153587,17.87973917,1505.15555556
mitdb,105,105,,clean_after_5min,250,7,78.12500000,1750,18.02444458,150,2154,2185,2145,40,9,99.58217270,98.16933638,98.87070754,1.11111111,2.88888889,0.00000000,22.81038432,24.33132598,1505.15555556
mitdb,105,105,,clean_after_5min,250,8,39.06250000,2000,20.59936523,150,2154,2185,2146,39,8,99.62859796,98.21510297,98.91680111,1.11111111,2.77777778,0.00000000,11.27803580,30.44930865,1505.15555556
mitdb,105,105,,clean_after_5min,250,9,19.53125000,2250,23.17428589,150,2154,2184,2146,38,8,99.62859796,98.26007326,98.93960350,1.11111111,2.77777778,0.00000000,5.64441469,36.46159977,1505.15555556
mitdb,105,105,,clean_after_5min,250,10,9.76562500,2500,25.74920654,150,2154,2184,2146,38,8,99.62859796,98.26007326,98.93960350,1.11111111,2.77777778,0.00000000,2.81809238,42.49487351,1505.15555556
mitdb,105,105,,clean_after_5min,250,11,4.88281250,2750,28.32412720,150,2154,2184,2146,38,8,99.62859796,98.26007326,98.93960350,1.11111111,2.77777778,0.00000000,1.41175866,48.49876880,1505.15555556
mitdb,105,105,,clean_after_5min,360,6,156.25000000,2160,22.24731445,150,2154,2184,2150,34,4,99.81429898,98.44322344,99.12402029,0.00000000,2.77777778,0.00000000,47.94254940,17.87575053,1505.15555556
mitdb,105,105,,clean_after_5min,360,7,78.12500000,2520,25.95520020,150,2154,2183,2150,33,4,99.81429898,98.48831883,99.14687572,0.00000000,2.77777778,0.00000000,22.80186099,24.33076715,1505.15555556
mitdb,105,105,,clean_after_5min,360,8,39.06250000,2880,29.66308594,150,2154,2183,2150,33,4,99.81429898,98.48831883,99.14687572,0.00000000,2.77777778,0.00000000,11.28062289,30.44351140,1505.15555556
mitdb,105,105,,clean_after_5min,360,9,19.53125000,3240,33.37097168,150,2154,2183,2150,33,4,99.81429898,98.48831883,99.14687572,0.00000000,2.77777778,0.00000000,5.63857943,36.46677897,1505.15555556
mitdb,105,105,,clean_after_5min,360,10,9.76562500,3600,37.07885742,150,2154,2183,2150,33,4,99.81429898,98.48831883,99.14687572,0.00000000,2.77777778,0.00000000,2.81811177,42.49100875,1505.15555556
mitdb,105,105,,clean_after_5min,360,11,4.88281250,3960,40.78674316,150,2154,2183,2150,33,4,99.81429898,98.48831883,99.14687572,0.00000000,2.77777778,0.00000000,1.40880761,48.51313922,1505.15555556
mitdb,106,106,,clean_after_5min,100,6,156.25000000,600,6.17980957,75,1696,1706,1642,64,54,96.81603774,96.24853458,96.53145209,13.33333333,69.44444444,0.00000000,44.25444671,18.07947479,1505.15555556
mitdb,106,106,,clean_after_5min,100,7,78.12500000,700,7.20977783,75,1696,1699,1638,61,58,96.58018868,96.40965274,96.49484536,53.88888889,69.44444444,0.00000000,22.44047711,23.97797138,1505.15555556
mitdb,106,106,,clean_after_5min,100,8,39.06250000,800,8.23974609,75,1696,1702,1639,63,57,96.63915094,96.29847239,96.46851089,53.33333333,69.44444444,0.00000000,11.28277254,29.95029644,1505.15555556
mitdb,106,106,,clean_after_5min,100,9,19.53125000,900,9.26971436,75,1696,1705,1641,64,55,96.75707547,96.24633431,96.50102911,53.33333333,69.44444444,0.00000000,5.64012171,35.97284358,1505.15555556
mitdb,106,106,,clean_after_5min,100,10,9.76562500,1000,10.29968262,75,1696,1701,1638,63,58,96.58018868,96.29629630,96.43803356,52.50000000,69.44444444,0.00000000,2.81511529,42.00868940,1505.15555556
mitdb,106,106,,clean_after_5min,100,11,4.88281250,1100,11.32965088,75,1696,1702,1640,62,56,96.69811321,96.35722679,96.52736904,52.77777778,69.44444444,0.00000000,1.40964038,48.01644644,1505.15555556
mitdb,106,106,,clean_after_5min,125,6,156.25000000,750,7.72476196,75,1696,1693,1688,5,8,99.52830189,99.70466627,99.61640602,2.44444444,40.33333333,0.00000000,44.29511247,18.07149297,1505.15555556
mitdb,106,106,,clean_after_5min,125,7,78.12500000,875,9.01222229,75,1696,1694,1690,4,6,99.64622642,99.76387249,99.70501475,2.44444444,9.80000000,0.00000000,22.42372682,23.98445327,1505.15555556
mitdb,106,106,,clean_after_5min,125,8,39.06250000,1000,10.29968262,75,1696,1694,1689,5,7,99.58726415,99.70484061,99.64601770,2.44444444,9.40000000,0.00000000,11.28304203,29.95008503,1505.15555556
mitdb,106,106,,clean_after_5min,125,9,19.53125000,1125,11.58714294,75,1696,1694,1689,5,7,99.58726415,99.70484061,99.64601770,2.44444444,8.77777778,0.00000000,5.63649401,35.97842816,1505.15555556
mitdb,106,106,,clean_after_5min,125,10,9.76562500,1250,12.87460327,75,1696,1694,1689,5,7,99.58726415,99.70484061,99.64601770,2.44444444,8.77777778,0.00000000,2.81766057,42.00083565,1505.15555556
mitdb,106,106,,clean_after_5min,125,11,4.88281250,1375,14.16206360,75,1696,1694,1689,5,7,99.58726415,99.70484061,99.64601770,2.44444444,8.66666667,0.00000000,1.41088166,48.00879736,1505.15555556
mitdb,106,106,,clean_after_5min,180,6,156.25000000,1080,11.12365723,75,1696,1691,1691,0,5,99.70518868,100.00000000,99.85237673,2.77777778,2.77777778,0.00000000,44.28425641,18.07198122,1505.15555556
mitdb,106,106,,clean_after_5min,180,7,78.12500000,1260,12.97760010,75,1696,1692,1692,0,4,99.76415094,100.00000000,99.88193625,2.77777778,2.77777778,0.00000000,22.42343034,23.98292732,1505.15555556
mitdb,106,106,,clean_after_5min,180,8,39.06250000,1440,14.83154297,75,1696,1692,1692,0,4,99.76415094,100.00000000,99.88193625,2.77777778,2.77777778,0.00000000,11.27449313,29.95502783,1505.15555556
mitdb,106,106,,clean_after_5min,180,9,19.53125000,1620,16.68548584,75,1696,1691,1691,0,5,99.70518868,100.00000000,99.85237673,2.77777778,2.77777778,0.00000000,5.63510887,35.97892214,1505.15555556
mitdb,106,106,,clean_after_5min,180,10,9.76562500,1800,18.53942871,75,1696,1692,1692,0,4,99.76415094,100.00000000,99.88193625,2.77777778,2.77777778,0.00000000,2.81791176,41.99842057,1505.15555556
mitdb,106,106,,clean_after_5min,180,11,4.88281250,1980,20.39337158,75,1696,1692,1692,0,4,99.76415094,100.00000000,99.88193625,2.77777778,2.77777778,0.00000000,1.41173934,48.00187804,1505.15555556
mitdb,106,106,,clean_after_5min,250,6,156.25000000,1500,15.44952393,75,1696,1670,1670,0,26,98.46698113,100.00000000,99.22756982,1.11111111,3.00000000,0.00000000,44.28390294,18.07265716,1505.15555556
mitdb,106,106,,clean_after_5min,250,7,78.12500000,1750,18.02444458,75,1696,1668,1668,0,28,98.34905660,100.00000000,99.16765755,1.00000000,2.88888889,0.00000000,22.42842541,23.98159926,1505.15555556
mitdb,106,106,,clean_after_5min,250,8,39.06250000,2000,20.59936523,75,1696,1670,1670,0,26,98.46698113,100.00000000,99.22756982,1.05555556,2.88888889,0.00000000,11.27646054,29.95411887,1505.15555556
mitdb,106,106,,clean_after_5min,250,9,19.53125000,2250,23.17428589,75,1696,1670,1670,0,26,98.46698113,100.00000000,99.22756982,1.00000000,2.88888889,0.00000000,5.64217445,35.96864476,1505.15555556
mitdb,106,106,,clean_after_5min,250,10,9.76562500,2500,25.74920654,75,1696,1670,1670,0,26,98.46698113,100.00000000,99.22756982,1.00000000,2.88888889,0.00000000,2.81833704,41.99771641,1505.15555556
mitdb,106,106,,clean_after_5min,250,11,4.88281250,2750,28.32412720,75,1696,1670,1670,0,26,98.46698113,100.00000000,99.22756982,1.05555556,2.88888889,0.00000000,1.40938498,48.01698216,1505.15555556
mitdb,106,106,,clean_after_5min,360,6,156.25000000,2160,22.24731445,75,1696,1625,1625,0,71,95.81367925,100.00000000,97.86208973,0.00000000,2.77777778,0.00000000,44.29015207,18.06690124,1505.15555556
mitdb,106,106,,clean_after_5min,360,7,78.12500000,2520,25.95520020,75,1696,1627,1627,0,69,95.93160377,100.00000000,97.92356305,0.00000000,2.77777778,0.00000000,22.43227653,23.97557767,1505.15555556
mitdb,106,106,,clean_after_5min,360,8,39.06250000,2880,29.66308594,75,1696,1628,1628,0,68,95.99056604,100.00000000,97.95427196,0.00000000,2.77777778,0.00000000,11.27338656,29.95195669,1505.15555556
mitdb,106,106,,clean_after_5min,360,9,19.53125000,3240,33.37097168,75,1696,1627,1627,0,69,95.93160377,100.00000000,97.92356305,0.00000000,2.77777778,0.00000000,5.63985829,35.96768083,1505.15555556
mitdb,106,106,,clean_after_5min,360,10,9.76562500,3600,37.07885742,75,1696,1627,1627,0,69,95.93160377,100.00000000,97.92356305,0.00000000,2.77777778,0.00000000,2.81807406,41.99399663,1505.15555556
mitdb,106,106,,clean_after_5min,360,11,4.88281250,3960,40.78674316,75,1696,1627,1627,0,69,95.93160377,100.00000000,97.92356305,0.00000000,2.77777778,0.00000000,1.40958514,48.01121844,1505.15555556
mitdb,106,106,,clean_after_5min,100,6,156.25000000,600,6.17980957,150,1696,1706,1691,15,5,99.70518868,99.12075029,99.41211052,46.11111111,72.77777778,0.00000000,44.25444671,18.07947479,1505.15555556
mitdb,106,106,,clean_after_5min,100,7,78.12500000,700,7.20977783,150,1696,1699,1691,8,5,99.70518868,99.52913479,99.61708395,54.44444444,72.77777778,0.00000000,22.44047711,23.97797138,1505.15555556
mitdb,106,106,,clean_after_5min,100,8,39.06250000,800,8.23974609,150,1696,1702,1689,13,7,99.58726415,99.23619271,99.41141848,54.44444444,72.77777778,0.00000000,11.28277254,29.95029644,1505.15555556
mitdb,106,106,,clean_after_5min,100,9,19.53125000,900,9.26971436,150,1696,1705,1692,13,4,99.76415094,99.23753666,99.50014702,54.44444444,72.77777778,0.00000000,5.64012171,35.97284358,1505.15555556
mitdb,106,106,,clean_after_5min,100,10,9.76562500,1000,10.29968262,150,1696,1701,1691,10,5,99.70518868,99.41211052,99.55843391,54.44444444,72.77777778,0.00000000,2.81511529,42.00868940,1505.15555556
mitdb,106,106,,clean_after_5min,100,11,4.88281250,1100,11.32965088,150,1696,1702,1692,10,4,99.76415094,99.41245593,99.58799294,54.44444444,72.77777778,0.00000000,1.40964038,48.01644644,1505.15555556
mitdb,106,106,,clean_after_5min,125,6,156.25000000,750,7.72476196,150,1696,1693,1693,0,3,99.82311321,100.00000000,99.91147831,2.44444444,43.04444444,0.00000000,44.29511247,18.07149297,1505.15555556
mitdb,106,106,,clean_after_5min,125,7,78.12500000,875,9.01222229,150,1696,1694,1694,0,2,99.88207547,100.00000000,99.94100295,2.44444444,10.37222222,0.00000000,22.42372682,23.98445327,1505.15555556
mitdb,106,106,,clean_after_5min,125,8,39.06250000,1000,10.29968262,150,1696,1694,1694,0,2,99.88207547,100.00000000,99.94100295,2.44444444,10.68333333,0.00000000,11.28304203,29.95008503,1505.15555556
mitdb,106,106,,clean_after_5min,125,9,19.53125000,1125,11.58714294,150,1696,1694,1694,0,2,99.88207547,100.00000000,99.94100295,2.44444444,9.71111111,0.00000000,5.63649401,35.97842816,1505.15555556
mitdb,106,106,,clean_after_5min,125,10,9.76562500,1250,12.87460327,150,1696,1694,1694,0,2,99.88207547,100.00000000,99.94100295,2.44444444,9.48333333,0.00000000,2.81766057,42.00083565,1505.15555556
mitdb,106,106,,clean_after_5min,125,11,4.88281250,1375,14.16206360,150,1696,1694,1694,0,2,99.88207547,100.00000000,99.94100295,2.44444444,9.18888889,0.00000000,1.41088166,48.00879736,1505.15555556
mitdb,106,106,,clean_after_5min,180,6,156.25000000,1080,11.12365723,150,1696,1691,1691,0,5,99.70518868,100.00000000,99.85237673,2.77777778,2.77777778,0.00000000,44.28425641,18.07198122,1505.15555556
mitdb,106,106,,clean_after_5min,180,7,78.12500000,1260,12.97760010,150,1696,1692,1692,0,4,99.76415094,100.00000000,99.88193625,2.77777778,2.77777778,0.00000000,22.42343034,23.98292732,1505.15555556
mitdb,106,106,,clean_after_5min,180,8,39.06250000,1440,14.83154297,150,1696,1692,1692,0,4,99.76415094,100.00000000,99.88193625,2.77777778,2.77777778,0.00000000,11.27449313,29.95502783,1505.15555556
mitdb,106,106,,clean_after_5min,180,9,19.53125000,1620,16.68548584,150,1696,1691,1691,0,5,99.70518868,100.00000000,99.85237673,2.77777778,2.77777778,0.00000000,5.63510887,35.97892214,1505.15555556
mitdb,106,106,,clean_after_5min,180,10,9.76562500,1800,18.53942871,150,1696,1692,1692,0,4,99.76415094,100.00000000,99.88193625,2.77777778,2.77777778,0.00000000,2.81791176,41.99842057,1505.15555556
mitdb,106,106,,clean_after_5min,180,11,4.88281250,1980,20.39337158,150,1696,1692,1692,0,4,99.76415094,100.00000000,99.88193625,2.77777778,2.77777778,0.00000000,1.41173934,48.00187804,1505.15555556
mitdb,106,106,,clean_after_5min,250,6,156.25000000,1500,15.44952393,150,1696,1670,1670,0,26,98.46698113,100.00000000,99.22756982,1.11111111,3.00000000,0.00000000,44.28390294,18.07265716,1505.15555556
mitdb,106,106,,clean_after_5min,250,7,78.12500000,1750,18.02444458,150,1696,1668,1668,0,28,98.34905660,100.00000000,99.16765755,1.00000000,2.88888889,0.00000000,22.42842541,23.98159926,1505.15555556
mitdb,106,106,,clean_after_5min,250,8,39.06250000,2000,20.59936523,150,1696,1670,1670,0,26,98.46698113,100.00000000,99.22756982,1.05555556,2.88888889,0.00000000,11.27646054,29.95411887,1505.15555556
mitdb,106,106,,clean_after_5min,250,9,19.53125000,2250,23.17428589,150,1696,1670,1670,0,26,98.46698113,100.00000000,99.22756982,1.00000000,2.88888889,0.00000000,5.64217445,35.96864476,1505.15555556
mitdb,106,106,,clean_after_5min,250,10,9.76562500,2500,25.74920654,150,1696,1670,1670,0,26,98.46698113,100.00000000,99.22756982,1.00000000,2.88888889,0.00000000,2.81833704,41.99771641,1505.15555556
mitdb,106,106,,clean_after_5min,250,11,4.88281250,2750,28.32412720,150,1696,1670,1670,0,26,98.46698113,100.00000000,99.22756982,1.05555556,2.88888889,0.00000000,1.40938498,48.01698216,1505.15555556
mitdb,106,106,,clean_after_5min,360,6,156.25000000,2160,22.24731445,150,1696,1625,1625,0,71,95.81367925,100.00000000,97.86208973,0.00000000,2.77777778,0.00000000,44.29015207,18.06690124,1505.15555556
mitdb,106,106,,clean_after_5min,360,7,78.12500000,2520,25.95520020,150,1696,1627,1627,0,69,95.93160377,100.00000000,97.92356305,0.00000000,2.77777778,0.00000000,22.43227653,23.97557767,1505.15555556
mitdb,106,106,,clean_after_5min,360,8,39.06250000,2880,29.66308594,150,1696,1628,1628,0,68,95.99056604,100.00000000,97.95427196,0.00000000,2.77777778,0.00000000,11.27338656,29.95195669,1505.15555556
mitdb,106,106,,clean_after_5min,360,9,19.53125000,3240,33.37097168,150,1696,1627,1627,0,69,95.93160377,100.00000000,97.92356305,0.00000000,2.77777778,0.00000000,5.63985829,35.96768083,1505.15555556
mitdb,106,106,,clean_after_5min,360,10,9.76562500,3600,37.07885742,150,1696,1627,1627,0,69,95.93160377,100.00000000,97.92356305,0.00000000,2.77777778,0.00000000,2.81807406,41.99399663,1505.15555556
mitdb,106,106,,clean_after_5min,360,11,4.88281250,3960,40.78674316,150,1696,1627,1627,0,69,95.93160377,100.00000000,97.92356305,0.00000000,2.77777778,0.00000000,1.40958514,48.01121844,1505.15555556
mitdb,107,107,,clean_after_5min,100,6,156.25000000,600,6.17980957,75,1783,1806,1766,40,17,99.04655076,97.78516058,98.41181388,56.11111111,62.22222222,0.00000000,45.38728547,25.20042435,1505.15555556
mitdb,107,107,,clean_after_5min,100,7,78.12500000,700,7.20977783,75,1783,1802,1768,34,15,99.15872126,98.11320755,98.63319386,56.11111111,62.22222222,0.00000000,22.54939949,31.27640892,1505.15555556
mitdb,107,107,,clean_after_5min,100,8,39.06250000,800,8.23974609,75,1783,1808,1767,41,16,99.10263601,97.73230088,98.41269841,56.11111111,62.22222222,0.00000000,11.28379842,37.29000215,1505.15555556
mitdb,107,107,,clean_after_5min,100,9,19.53125000,900,9.26971436,75,1783,1809,1767,42,16,99.10263601,97.67827529,98.38530067,56.11111111,62.22222222,0.00000000,5.64223112,43.31009109,1505.15555556
mitdb,107,107,,clean_after_5min,100,10,9.76562500,1000,10.29968262,75,1783,1804,1767,37,16,99.10263601,97.94900222,98.52244215,56.11111111,62.22222222,0.00000000,2.82197680,49.32803975,1505.15555556
mitdb,107,107,,clean_after_5min,100,11,4.88281250,1100,11.32965088,75,1783,1804,1767,37,16,99.10263601,97.94900222,98.52244215,56.11111111,62.22222222,0.00000000,1.41024750,55.35320179,1505.15555556
mitdb,107,107,,clean_after_5min,125,6,156.25000000,750,7.72476196,75,1783,1764,1761,3,22,98.76612451,99.82993197,99.29517902,46.66666667,53.11111111,0.00000000,45.32672383,25.21115032,1505.15555556
mitdb,107,107,,clean_after_5min,125,7,78.12500000,875,9.01222229,75,1783,1763,1760,3,23,98.71003926,99.82983551,99.26677947,46.77777778,53.11111111,0.00000000,22.56650295,31.26895166,1505.15555556
mitdb,107,107,,clean_after_5min,125,8,39.06250000,1000,10.29968262,75,1783,1767,1764,3,19,98.93438026,99.83022071,99.38028169,46.72222222,53.11111111,0.00000000,11.28390908,37.28904536,1505.15555556
mitdb,107,107,,clean_after_5min,125,9,19.53125000,1125,11.58714294,75,1783,1767,1764,3,19,98.93438026,99.83022071,99.38028169,46.88888889,53.20555556,0.00000000,5.64278002,43.30837453,1505.15555556
mitdb,107,107,,clean_after_5min,125,10,9.76562500,1250,12.87460327,75,1783,1767,1764,3,19,98.93438026,99.83022071,99.38028169,46.88888889,53.20555556,0.00000000,2.81565146,49.34665904,1505.15555556
mitdb,107,107,,clean_after_5min,125,11,4.88281250,1375,14.16206360,75,1783,1767,1764,3,19,98.93438026,99.83022071,99.38028169,47.00000000,53.22222222,0.00000000,1.41076295,55.34915602,1505.15555556
mitdb,107,107,,clean_after_5min,180,6,156.25000000,1080,11.12365723,75,1783,1776,1776,0,7,99.60740325,100.00000000,99.80331554,5.55555556,8.33333333,0.00000000,45.33488303,25.20667716,1505.15555556
mitdb,107,107,,clean_after_5min,180,7,78.12500000,1260,12.97760010,75,1783,1776,1776,0,7,99.60740325,100.00000000,99.80331554,5.55555556,8.33333333,0.00000000,22.53475543,31.27827017,1505.15555556
mitdb,107,107,,clean_after_5min,180,8,39.06250000,1440,14.83154297,75,1783,1776,1775,1,8,99.55131800,99.94369369,99.74711998,5.55555556,8.33333333,0.00000000,11.27641404,37.29190688,1505.15555556
mitdb,107,107,,clean_after_5min,180,9,19.53125000,1620,16.68548584,75,1783,1776,1776,0,7,99.60740325,100.00000000,99.80331554,5.55555556,8.33333333,0.00000000,5.64785916,43.29764998,1505.15555556
mitdb,107,107,,clean_after_5min,180,10,9.76562500,1800,18.53942871,75,1783,1776,1776,0,7,99.60740325,100.00000000,99.80331554,5.55555556,8.33333333,0.00000000,2.81588019,49.34304370,1505.15555556
mitdb,107,107,,clean_after_5min,180,11,4.88281250,1980,20.39337158,75,1783,1776,1776,0,7,99.60740325,100.00000000,99.80331554,5.55555556,8.33333333,0.00000000,1.41024238,55.34945191,1505.15555556
mitdb,107,107,,clean_after_5min,250,6,156.25000000,1500,15.44952393,75,1783,1781,1776,5,7,99.60740325,99.71925884,99.66329966,1.66666667,39.11111111,0.00000000,45.37196689,25.19902478,1505.15555556
mitdb,107,107,,clean_after_5min,250,7,78.12500000,1750,18.02444458,75,1783,1781,1777,4,6,99.66348850,99.77540707,99.71941639,1.66666667,38.91111111,0.00000000,22.55748009,31.26896526,1505.15555556
mitdb,107,107,,clean_after_5min,250,8,39.06250000,2000,20.59936523,75,1783,1781,1776,5,7,99.60740325,99.71925884,99.66329966,1.66666667,39.00000000,0.00000000,11.29081873,37.28026821,1505.15555556
mitdb,107,107,,clean_after_5min,250,9,19.53125000,2250,23.17428589,75,1783,1781,1777,4,6,99.66348850,99.77540707,99.71941639,1.66666667,39.00000000,0.00000000,5.63992194,43.30931504,1505.15555556
mitdb,107,107,,clean_after_5min,250,10,9.76562500,2500,25.74920654,75,1783,1780,1775,5,8,99.55131800,99.71910112,99.63513893,1.66666667,38.92222222,0.00000000,2.81806374,49.33576066,1505.15555556
mitdb,107,107,,clean_after_5min,250,11,4.88281250,2750,28.32412720,75,1783,1780,1775,5,8,99.55131800,99.71910112,99.63513893,1.66666667,39.00000000,0.00000000,1.41067593,55.34623181,1505.15555556
mitdb,107,107,,clean_after_5min,360,6,156.25000000,2160,22.24731445,75,1783,1781,1778,3,5,99.71957375,99.83155531,99.77553311,5.55555556,36.11111111,0.00000000,45.35523245,25.19943188,1505.15555556
mitdb,107,107,,clean_after_5min,360,7,78.12500000,2520,25.95520020,75,1783,1781,1779,2,4,99.77565900,99.88770354,99.83164983,33.33333333,36.11111111,0.00000000,22.54148532,31.27232924,1505.15555556
mitdb,107,107,,clean_after_5min,360,8,39.06250000,2880,29.66308594,75,1783,1781,1778,3,5,99.71957375,99.83155531,99.77553311,30.55555556,36.11111111,0.00000000,11.28836249,37.27936089,1505.15555556
mitdb,107,107,,clean_after_5min,360,9,19.53125000,3240,33.37097168,75,1783,1781,1778,3,5,99.71957375,99.83155531,99.77553311,5.55555556,36.11111111,0.00000000,5.64336494,43.30121712,1505.15555556
mitdb,107,107,,clean_after_5min,360,10,9.76562500,3600,37.07885742,75,1783,1781,1779,2,4,99.77565900,99.88770354,99.83164983,5.55555556,36.11111111,0.00000000,2.81787491,49.33354563,1505.15555556
mitdb,107,107,,clean_after_5min,360,11,4.88281250,3960,40.78674316,75,1783,1781,1779,2,4,99.77565900,99.88770354,99.83164983,5.55555556,36.11111111,0.00000000,1.40918220,55.35263687,1505.15555556
mitdb,107,107,,clean_after_5min,100,6,156.25000000,600,6.17980957,150,1783,1806,1770,36,13,99.27089176,98.00664452,98.63471719,56.11111111,62.22222222,0.00000000,45.38728547,25.20042435,1505.15555556
mitdb,107,107,,clean_after_5min,100,7,78.12500000,700,7.20977783,150,1783,1802,1771,31,12,99.32697701,98.27968923,98.80055788,56.11111111,62.22222222,0.00000000,22.54939949,31.27640892,1505.15555556
mitdb,107,107,,clean_after_5min,100,8,39.06250000,800,8.23974609,150,1783,1808,1771,37,12,99.32697701,97.95353982,98.63547758,56.11111111,62.22222222,0.00000000,11.28379842,37.29000215,1505.15555556
mitdb,107,107,,clean_after_5min,100,9,19.53125000,900,9.26971436,150,1783,1809,1770,39,13,99.27089176,97.84411277,98.55233853,56.11111111,62.22222222,0.00000000,5.64223112,43.31009109,1505.15555556
mitdb,107,107,,clean_after_5min,100,10,9.76562500,1000,10.29968262,150,1783,1804,1770,34,13,99.27089176,98.11529933,98.68971285,56.11111111,62.22222222,0.00000000,2.82197680,49.32803975,1505.15555556
mitdb,107,107,,clean_after_5min,100,11,4.88281250,1100,11.32965088,150,1783,1804,1770,34,13,99.27089176,98.11529933,98.68971285,56.11111111,62.22222222,0.00000000,1.41024750,55.35320179,1505.15555556
mitdb,107,107,,clean_after_5min,125,6,156.25000000,750,7.72476196,150,1783,1764,1764,0,19,98.93438026,100.00000000,99.46433606,46.66666667,53.11111111,0.00000000,45.32672383,25.21115032,1505.15555556
mitdb,107,107,,clean_after_5min,125,7,78.12500000,875,9.01222229,150,1783,1763,1763,0,20,98.87829501,100.00000000,99.43598421,46.77777778,53.22222222,0.00000000,22.56650295,31.26895166,1505.15555556
mitdb,107,107,,clean_after_5min,125,8,39.06250000,1000,10.29968262,150,1783,1767,1767,0,16,99.10263601,100.00000000,99.54929577,46.77777778,53.18888889,0.00000000,11.28390908,37.28904536,1505.15555556
mitdb,107,107,,clean_after_5min,125,9,19.53125000,1125,11.58714294,150,1783,1767,1767,0,16,99.10263601,100.00000000,99.54929577,46.88888889,53.22222222,0.00000000,5.64278002,43.30837453,1505.15555556
mitdb,107,107,,clean_after_5min,125,10,9.76562500,1250,12.87460327,150,1783,1767,1767,0,16,99.10263601,100.00000000,99.54929577,46.88888889,53.22222222,0.00000000,2.81565146,49.34665904,1505.15555556
mitdb,107,107,,clean_after_5min,125,11,4.88281250,1375,14.16206360,150,1783,1767,1767,0,16,99.10263601,100.00000000,99.54929577,47.00000000,53.22222222,0.00000000,1.41076295,55.34915602,1505.15555556
mitdb,107,107,,clean_after_5min,180,6,156.25000000,1080,11.12365723,150,1783,1776,1776,0,7,99.60740325,100.00000000,99.80331554,5.55555556,8.33333333,0.00000000,45.33488303,25.20667716,1505.15555556
mitdb,107,107,,clean_after_5min,180,7,78.12500000,1260,12.97760010,150,1783,1776,1776,0,7,99.60740325,100.00000000,99.80331554,5.55555556,8.33333333,0.00000000,22.53475543,31.27827017,1505.15555556
mitdb,107,107,,clean_after_5min,180,8,39.06250000,1440,14.83154297,150,1783,1776,1776,0,7,99.60740325,100.00000000,99.80331554,5.55555556,8.33333333,0.00000000,11.27641404,37.29190688,1505.15555556
mitdb,107,107,,clean_after_5min,180,9,19.53125000,1620,16.68548584,150,1783,1776,1776,0,7,99.60740325,100.00000000,99.80331554,5.55555556,8.33333333,0.00000000,5.64785916,43.29764998,1505.15555556
mitdb,107,107,,clean_after_5min,180,10,9.76562500,1800,18.53942871,150,1783,1776,1776,0,7,99.60740325,100.00000000,99.80331554,5.55555556,8.33333333,0.00000000,2.81588019,49.34304370,1505.15555556
mitdb,107,107,,clean_after_5min,180,11,4.88281250,1980,20.39337158,150,1783,1776,1776,0,7,99.60740325,100.00000000,99.80331554,5.55555556,8.33333333,0.00000000,1.41024238,55.34945191,1505.15555556
mitdb,107,107,,clean_after_5min,250,6,156.25000000,1500,15.44952393,150,1783,1781,1781,0,2,99.88782950,100.00000000,99.94388328,1.66666667,39.11111111,0.00000000,45.37196689,25.19902478,1505.15555556
mitdb,107,107,,clean_after_5min,250,7,78.12500000,1750,18.02444458,150,1783,1781,1781,0,2,99.88782950,100.00000000,99.94388328,1.66666667,39.00000000,0.00000000,22.55748009,31.26896526,1505.15555556
mitdb,107,107,,clean_after_5min,250,8,39.06250000,2000,20.59936523,150,1783,1781,1781,0,2,99.88782950,100.00000000,99.94388328,1.66666667,39.00000000,0.00000000,11.29081873,37.28026821,1505.15555556
mitdb,107,107,,clean_after_5min,250,9,19.53125000,2250,23.17428589,150,1783,1781,1781,0,2,99.88782950,100.00000000,99.94388328,1.66666667,39.00000000,0.00000000,5.63992194,43.30931504,1505.15555556
mitdb,107,107,,clean_after_5min,250,10,9.76562500,2500,25.74920654,150,1783,1780,1780,0,3,99.83174425,100.00000000,99.91580129,1.66666667,39.00000000,0.00000000,2.81806374,49.33576066,1505.15555556
mitdb,107,107,,clean_after_5min,250,11,4.88281250,2750,28.32412720,150,1783,1780,1780,0,3,99.83174425,100.00000000,99.91580129,1.66666667,39.00000000,0.00000000,1.41067593,55.34623181,1505.15555556
mitdb,107,107,,clean_after_5min,360,6,156.25000000,2160,22.24731445,150,1783,1781,1781,0,2,99.88782950,100.00000000,99.94388328,5.55555556,36.11111111,0.00000000,45.35523245,25.19943188,1505.15555556
mitdb,107,107,,clean_after_5min,360,7,78.12500000,2520,25.95520020,150,1783,1781,1781,0,2,99.88782950,100.00000000,99.94388328,33.33333333,36.11111111,0.00000000,22.54148532,31.27232924,1505.15555556
mitdb,107,107,,clean_after_5min,360,8,39.06250000,2880,29.66308594,150,1783,1781,1781,0,2,99.88782950,100.00000000,99.94388328,30.55555556,36.11111111,0.00000000,11.28836249,37.27936089,1505.15555556
mitdb,107,107,,clean_after_5min,360,9,19.53125000,3240,33.37097168,150,1783,1781,1781,0,2,99.88782950,100.00000000,99.94388328,5.55555556,36.11111111,0.00000000,5.64336494,43.30121712,1505.15555556
mitdb,107,107,,clean_after_5min,360,10,9.76562500,3600,37.07885742,150,1783,1781,1781,0,2,99.88782950,100.00000000,99.94388328,5.55555556,36.11111111,0.00000000,2.81787491,49.33354563,1505.15555556
mitdb,107,107,,clean_after_5min,360,11,4.88281250,3960,40.78674316,150,1783,1781,1781,0,2,99.88782950,100.00000000,99.94388328,5.55555556,36.11111111,0.00000000,1.40918220,55.35263687,1505.15555556
mitdb,108,108,,clean_after_5min,100,6,156.25000000,600,6.17980957,75,1480,1634,1341,293,139,90.60810811,82.06854345,86.12716763,42.77777778,73.33333333,0.00000000,41.76588037,12.61167655,1505.15555556
mitdb,108,108,,clean_after_5min,100,7,78.12500000,700,7.20977783,75,1480,1636,1328,308,152,89.72972973,81.17359413,85.23748395,44.16666667,73.33333333,0.00000000,22.29373150,18.06445403,1505.15555556
mitdb,108,108,,clean_after_5min,100,8,39.06250000,800,8.23974609,75,1480,1629,1304,325,176,88.10810811,80.04910988,83.88549373,45.55555556,73.80555556,0.00000000,11.26182870,23.99593101,1505.15555556
mitdb,108,108,,clean_after_5min,100,9,19.53125000,900,9.26971436,75,1480,1622,1312,310,168,88.64864865,80.88779285,84.59058672,45.55555556,73.88888889,0.00000000,5.64431845,29.99587919,1505.15555556
mitdb,108,108,,clean_after_5min,100,10,9.76562500,1000,10.29968262,75,1480,1628,1327,301,153,89.66216216,81.51105651,85.39253539,43.88888889,73.33333333,0.00000000,2.81951158,36.02463169,1505.15555556
mitdb,108,108,,clean_after_5min,100,11,4.88281250,1100,11.32965088,75,1480,1627,1336,291,144,90.27027027,82.11432084,85.99935629,43.88888889,73.33333333,0.00000000,1.40957104,42.04636996,1505.15555556
mitdb,108,108,,clean_after_5min,125,6,156.25000000,750,7.72476196,75,1480,1616,1450,166,30,97.97297297,89.72772277,93.66925065,7.55555556,49.66666667,0.00000000,41.75403588,12.61427933,1505.15555556
mitdb,108,108,,clean_after_5min,125,7,78.12500000,875,9.01222229,75,1480,1623,1449,174,31,97.90540541,89.27911275,93.39349017,7.55555556,50.00000000,0.00000000,22.28357658,18.06855058,1505.15555556
mitdb,108,108,,clean_after_5min,125,8,39.06250000,1000,10.29968262,75,1480,1613,1451,162,29,98.04054054,89.95660260,93.82476560,7.66666667,50.11111111,0.00000000,11.27844534,23.98326375,1505.15555556
mitdb,108,108,,clean_after_5min,125,9,19.53125000,1125,11.58714294,75,1480,1618,1452,166,28,98.10810811,89.74042027,93.73789542,7.55555556,50.00000000,0.00000000,5.64731605,29.99140666,1505.15555556
mitdb,108,108,,clean_after_5min,125,10,9.76562500,1250,12.87460327,75,1480,1614,1452,162,28,98.10810811,89.96282528,93.85908209,7.66666667,50.05000000,0.00000000,2.81785503,36.02987560,1505.15555556
mitdb,108,108,,clean_after_5min,125,11,4.88281250,1375,14.16206360,75,1480,1615,1451,164,29,98.04054054,89.84520124,93.76413570,7.55555556,50.00000000,0.00000000,1.41005983,42.04349771,1505.15555556
mitdb,108,108,,clean_after_5min,180,6,156.25000000,1080,11.12365723,75,1480,1604,1442,162,38,97.43243243,89.90024938,93.51491569,2.77777778,44.44444444,0.00000000,41.74306074,12.61529059,1505.15555556
mitdb,108,108,,clean_after_5min,180,7,78.12500000,1260,12.97760010,75,1480,1606,1444,162,36,97.56756757,89.91282690,93.58392741,2.77777778,44.44444444,0.00000000,22.28932496,18.06503807,1505.15555556
mitdb,108,108,,clean_after_5min,180,8,39.06250000,1440,14.83154297,75,1480,1595,1442,153,38,97.43243243,90.40752351,93.78861789,2.77777778,44.44444444,0.00000000,11.26861948,23.98956211,1505.15555556
mitdb,108,108,,clean_after_5min,180,9,19.53125000,1620,16.68548584,75,1480,1598,1443,155,37,97.50000000,90.30037547,93.76218324,2.77777778,44.44444444,0.00000000,5.64723913,29.99025282,1505.15555556
mitdb,108,108,,clean_after_5min,180,10,9.76562500,1800,18.53942871,75,1480,1599,1443,156,37,97.50000000,90.24390244,93.73173108,2.77777778,44.44444444,0.00000000,2.81639201,36.03311430,1505.15555556
mitdb,108,108,,clean_after_5min,180,11,4.88281250,1980,20.39337158,75,1480,1598,1444,154,36,97.56756757,90.36295369,93.82716049,2.77777778,44.44444444,0.00000000,1.40986428,42.04343022,1505.15555556
mitdb,108,108,,clean_after_5min,250,6,156.25000000,1500,15.44952393,75,1480,1594,1434,160,46,96.89189189,89.96235885,93.29863370,1.77777778,39.66666667,0.00000000,41.74210974,12.61577166,1505.15555556
mitdb,108,108,,clean_after_5min,250,7,78.12500000,1750,18.02444458,75,1480,1587,1436,151,44,97.02702703,90.48519219,93.64199544,1.77777778,39.33333333,0.00000000,22.29293099,18.06391613,1505.15555556
mitdb,108,108,,clean_after_5min,250,8,39.06250000,2000,20.59936523,75,1480,1597,1439,158,41,97.22972973,90.10644959,93.53266168,1.77777778,39.55555556,0.00000000,11.26584317,23.99198554,1505.15555556
mitdb,108,108,,clean_after_5min,250,9,19.53125000,2250,23.17428589,75,1480,1596,1436,160,44,97.02702703,89.97493734,93.36801040,1.77777778,39.44444444,0.00000000,5.64962723,29.98686371,1505.15555556
mitdb,108,108,,clean_after_5min,250,10,9.76562500,2500,25.74920654,75,1480,1598,1438,160,42,97.16216216,89.98748436,93.43729695,1.77777778,39.44444444,0.00000000,2.81592225,36.03484638,1505.15555556
mitdb,108,108,,clean_after_5min,250,11,4.88281250,2750,28.32412720,75,1480,1595,1438,157,42,97.16216216,90.15673981,93.52845528,1.77777778,39.44444444,0.00000000,1.40895183,42.04933667,1505.15555556
mitdb,108,108,,clean_after_5min,360,6,156.25000000,2160,22.24731445,75,1480,1571,1394,177,86,94.18918919,88.73329090,91.37987545,33.33333333,38.88888889,0.00000000,41.73757328,12.61203614,1505.15555556
mitdb,108,108,,clean_after_5min,360,7,78.12500000,2520,25.95520020,75,1480,1552,1401,151,79,94.66216216,90.27061856,92.41424802,33.33333333,38.88888889,0.00000000,22.28930394,18.06064990,1505.15555556
mitdb,108,108,,clean_after_5min,360,8,39.06250000,2880,29.66308594,75,1480,1564,1408,156,72,95.13513514,90.02557545,92.50985545,33.33333333,38.88888889,0.00000000,11.26773614,23.98584666,1505.15555556
mitdb,108,108,,clean_after_5min,360,9,19.53125000,3240,33.37097168,75,1480,1557,1413,144,67,95.47297297,90.75144509,93.05235430,33.33333333,38.88888889,0.00000000,5.64613681,29.98755208,1505.15555556
mitdb,108,108,,clean_after_5min,360,10,9.76562500,3600,37.07885742,75,1480,1559,1411,148,69,95.33783784,90.50673509,92.85949325,33.33333333,38.88888889,0.00000000,2.81709572,36.02654795,1505.15555556
mitdb,108,108,,clean_after_5min,360,11,4.88281250,3960,40.78674316,75,1480,1560,1412,148,68,95.40540541,90.51282051,92.89473684,33.33333333,38.88888889,0.00000000,1.40980753,42.03938353,1505.15555556
mitdb,108,108,,clean_after_5min,100,6,156.25000000,600,6.17980957,150,1480,1634,1451,183,29,98.04054054,88.80048960,93.19203597,45.55555556,76.11111111,0.00000000,41.76588037,12.61167655,1505.15555556
mitdb,108,108,,clean_after_5min,100,7,78.12500000,700,7.20977783,150,1480,1636,1450,186,30,97.97297297,88.63080685,93.06803594,46.66666667,76.66666667,0.00000000,22.29373150,18.06445403,1505.15555556
mitdb,108,108,,clean_after_5min,100,8,39.06250000,800,8.23974609,150,1480,1629,1442,187,38,97.43243243,88.52056476,92.76294628,47.77777778,76.66666667,0.00000000,11.26182870,23.99593101,1505.15555556
mitdb,108,108,,clean_after_5min,100,9,19.53125000,900,9.26971436,150,1480,1622,1444,178,36,97.56756757,89.02589396,93.10122502,47.77777778,76.66666667,0.00000000,5.64431845,29.99587919,1505.15555556
mitdb,108,108,,clean_after_5min,100,10,9.76562500,1000,10.29968262,150,1480,1628,1447,181,33,97.77027027,88.88206388,93.11454311,46.66666667,76.66666667,0.00000000,2.81951158,36.02463169,1505.15555556
mitdb,108,108,,clean_after_5min,100,11,4.88281250,1100,11.32965088,150,1480,1627,1447,180,33,97.77027027,88.93669330,93.14451239,46.11111111,76.11111111,0.00000000,1.40957104,42.04636996,1505.15555556
mitdb,108,108,,clean_after_5min,125,6,156.25000000,750,7.72476196,150,1480,1616,1452,164,28,98.10810811,89.85148515,93.79844961,7.55555556,49.77777778,0.00000000,41.75403588,12.61427933,1505.15555556
mitdb,108,108,,clean_after_5min,125,7,78.12500000,875,9.01222229,150,1480,1623,1449,174,31,97.90540541,89.27911275,93.39349017,7.55555556,50.00000000,0.00000000,22.28357658,18.06855058,1505.15555556
mitdb,108,108,,clean_after_5min,125,8,39.06250000,1000,10.29968262,150,1480,1613,1452,161,28,98.10810811,90.01859888,93.88942774,7.66666667,50.16111111,0.00000000,11.27844534,23.98326375,1505.15555556
mitdb,108,108,,clean_after_5min,125,9,19.53125000,1125,11.58714294,150,1480,1618,1452,166,28,98.10810811,89.74042027,93.73789542,7.55555556,50.00000000,0.00000000,5.64731605,29.99140666,1505.15555556
mitdb,108,108,,clean_after_5min,125,10,9.76562500,1250,12.87460327,150,1480,1614,1452,162,28,98.10810811,89.96282528,93.85908209,7.66666667,50.05000000,0.00000000,2.81785503,36.02987560,1505.15555556
mitdb,108,108,,clean_after_5min,125,11,4.88281250,1375,14.16206360,150,1480,1615,1451,164,29,98.04054054,89.84520124,93.76413570,7.55555556,50.00000000,0.00000000,1.41005983,42.04349771,1505.15555556
mitdb,108,108,,clean_after_5min,180,6,156.25000000,1080,11.12365723,150,1480,1604,1442,162,38,97.43243243,89.90024938,93.51491569,2.77777778,44.44444444,0.00000000,41.74306074,12.61529059,1505.15555556
mitdb,108,108,,clean_after_5min,180,7,78.12500000,1260,12.97760010,150,1480,1606,1445,161,35,97.63513514,89.97509340,93.64873623,2.77777778,44.44444444,0.00000000,22.28932496,18.06503807,1505.15555556
mitdb,108,108,,clean_after_5min,180,8,39.06250000,1440,14.83154297,150,1480,1595,1443,152,37,97.50000000,90.47021944,93.85365854,2.77777778,44.44444444,0.00000000,11.26861948,23.98956211,1505.15555556
mitdb,108,108,,clean_after_5min,180,9,19.53125000,1620,16.68548584,150,1480,1598,1444,154,36,97.56756757,90.36295369,93.82716049,2.77777778,44.44444444,0.00000000,5.64723913,29.99025282,1505.15555556
mitdb,108,108,,clean_after_5min,180,10,9.76562500,1800,18.53942871,150,1480,1599,1444,155,36,97.56756757,90.30644153,93.79668724,2.77777778,44.44444444,0.00000000,2.81639201,36.03311430,1505.15555556
mitdb,108,108,,clean_after_5min,180,11,4.88281250,1980,20.39337158,150,1480,1598,1445,153,35,97.63513514,90.42553191,93.89213775,2.77777778,44.44444444,0.00000000,1.40986428,42.04343022,1505.15555556
mitdb,108,108,,clean_after_5min,250,6,156.25000000,1500,15.44952393,150,1480,1594,1436,158,44,97.02702703,90.08782936,93.42875732,1.77777778,39.69444444,0.00000000,41.74210974,12.61577166,1505.15555556
mitdb,108,108,,clean_after_5min,250,7,78.12500000,1750,18.02444458,150,1480,1587,1437,150,43,97.09459459,90.54820416,93.70720574,1.77777778,39.33333333,0.00000000,22.29293099,18.06391613,1505.15555556
mitdb,108,108,,clean_after_5min,250,8,39.06250000,2000,20.59936523,150,1480,1597,1441,156,39,97.36486486,90.23168441,93.66265843,1.77777778,39.55555556,0.00000000,11.26584317,23.99198554,1505.15555556
mitdb,108,108,,clean_after_5min,250,9,19.53125000,2250,23.17428589,150,1480,1596,1438,158,42,97.16216216,90.10025063,93.49804941,1.77777778,39.46111111,0.00000000,5.64962723,29.98686371,1505.15555556
mitdb,108,108,,clean_after_5min,250,10,9.76562500,2500,25.74920654,150,1480,1598,1440,158,40,97.29729730,90.11264080,93.56725146,1.77777778,39.55555556,0.00000000,2.81592225,36.03484638,1505.15555556
mitdb,108,108,,clean_after_5min,250,11,4.88281250,2750,28.32412720,150,1480,1595,1440,155,40,97.29729730,90.28213166,93.65853659,1.77777778,39.44444444,0.00000000,1.40895183,42.04933667,1505.15555556
mitdb,108,108,,clean_after_5min,360,6,156.25000000,2160,22.24731445,150,1480,1571,1406,165,74,95.00000000,89.49713558,92.16650279,33.33333333,38.88888889,0.00000000,41.73757328,12.61203614,1505.15555556
mitdb,108,108,,clean_after_5min,360,7,78.12500000,2520,25.95520020,150,1480,1552,1406,146,74,95.00000000,90.59278351,92.74406332,33.33333333,38.88888889,0.00000000,22.28930394,18.06064990,1505.15555556
mitdb,108,108,,clean_after_5min,360,8,39.06250000,2880,29.66308594,150,1480,1564,1415,149,65,95.60810811,90.47314578,92.96977661,33.33333333,38.88888889,0.00000000,11.26773614,23.98584666,1505.15555556
mitdb,108,108,,clean_after_5min,360,9,19.53125000,3240,33.37097168,150,1480,1557,1416,141,64,95.67567568,90.94412331,93.24991768,33.33333333,38.88888889,0.00000000,5.64613681,29.98755208,1505.15555556
mitdb,108,108,,clean_after_5min,360,10,9.76562500,3600,37.07885742,150,1480,1559,1416,143,64,95.67567568,90.82745350,93.18854886,33.33333333,38.88888889,0.00000000,2.81709572,36.02654795,1505.15555556
mitdb,108,108,,clean_after_5min,360,11,4.88281250,3960,40.78674316,150,1480,1560,1417,143,63,95.74324324,90.83333333,93.22368421,33.33333333,38.88888889,0.00000000,1.40980753,42.03938353,1505.15555556
mitdb,109,109,,clean_after_5min,100,6,156.25000000,600,6.17980957,75,2098,2099,2090,9,8,99.61868446,99.57122439,99.59494877,63.88888889,70.55555556,0.00000000,45.89937476,20.80519381,1505.15555556
mitdb,109,109,,clean_after_5min,100,7,78.12500000,700,7.20977783,75,2098,2099,2090,9,8,99.61868446,99.57122439,99.59494877,62.77777778,71.11111111,0.00000000,22.06031258,27.16909596,1505.15555556
mitdb,109,109,,clean_after_5min,100,8,39.06250000,800,8.23974609,75,2098,2099,2090,9,8,99.61868446,99.57122439,99.59494877,64.44444444,71.11111111,0.00000000,11.24339827,33.02337730,1505.15555556
mitdb,109,109,,clean_after_5min,100,9,19.53125000,900,9.26971436,75,2098,2099,2089,10,9,99.57102002,99.52358266,99.54729569,65.00000000,71.11111111,0.00000000,5.64529815,39.00759153,1505.15555556
mitdb,109,109,,clean_after_5min,100,10,9.76562500,1000,10.29968262,75,2098,2099,2091,8,7,99.66634890,99.61886613,99.64260186,65.00000000,71.11111111,0.00000000,2.81798739,45.04254828,1505.15555556
mitdb,109,109,,clean_after_5min,100,11,4.88281250,1100,11.32965088,75,2098,2099,2091,8,7,99.66634890,99.61886613,99.64260186,65.00000000,71.11111111,0.00000000,1.40771092,51.07105960,1505.15555556
mitdb,109,109,,clean_after_5min,125,6,156.25000000,750,7.72476196,75,2098,2097,2093,4,5,99.76167779,99.80925131,99.78545888,2.33333333,62.00000000,0.00000000,45.91832329,20.80188841,1505.15555556
mitdb,109,109,,clean_after_5min,125,7,78.12500000,875,9.01222229,75,2098,2095,2091,4,7,99.66634890,99.80906921,99.73765800,2.33333333,61.88888889,0.00000000,22.09215146,27.15684859,1505.15555556
mitdb,109,109,,clean_after_5min,125,8,39.06250000,1000,10.29968262,75,2098,2097,2093,4,5,99.76167779,99.80925131,99.78545888,2.44444444,62.33333333,0.00000000,11.26068209,33.01031488,1505.15555556
mitdb,109,109,,clean_after_5min,125,9,19.53125000,1125,11.58714294,75,2098,2097,2094,3,4,99.80934223,99.85693848,99.83313468,2.44444444,62.33333333,0.00000000,5.63539440,39.02312252,1505.15555556
mitdb,109,109,,clean_after_5min,125,10,9.76562500,1250,12.87460327,75,2098,2097,2094,3,4,99.80934223,99.85693848,99.83313468,2.44444444,62.22222222,0.00000000,2.82257601,45.02869592,1505.15555556
mitdb,109,109,,clean_after_5min,125,11,4.88281250,1375,14.16206360,75,2098,2097,2094,3,4,99.80934223,99.85693848,99.83313468,2.44444444,62.33333333,0.00000000,1.40941889,51.06080711,1505.15555556
mitdb,109,109,,clean_after_5min,180,6,156.25000000,1080,11.12365723,75,2098,2094,2092,2,6,99.71401335,99.90448902,99.80916031,2.77777778,2.77777778,0.00000000,45.89231411,20.80455977,1505.15555556
mitdb,109,109,,clean_after_5min,180,7,78.12500000,1260,12.97760010,75,2098,2094,2092,2,6,99.71401335,99.90448902,99.80916031,2.77777778,2.77777778,0.00000000,22.09075419,27.15514806,1505.15555556
mitdb,109,109,,clean_after_5min,180,8,39.06250000,1440,14.83154297,75,2098,2094,2092,2,6,99.71401335,99.90448902,99.80916031,2.77777778,2.77777778,0.00000000,11.25798198,33.01014794,1505.15555556
mitdb,109,109,,clean_after_5min,180,9,19.53125000,1620,16.68548584,75,2098,2094,2092,2,6,99.71401335,99.90448902,99.80916031,2.77777778,2.77777778,0.00000000,5.63570130,39.02039959,1505.15555556
mitdb,109,109,,clean_after_5min,180,10,9.76562500,1800,18.53942871,75,2098,2094,2092,2,6,99.71401335,99.90448902,99.80916031,2.77777778,2.77777778,0.00000000,2.82033271,45.03335204,1505.15555556
mitdb,109,109,,clean_after_5min,180,11,4.88281250,1980,20.39337158,75,2098,2094,2092,2,6,99.71401335,99.90448902,99.80916031,2.77777778,2.77777778,0.00000000,1.40993166,51.05539765,1505.15555556
mitdb,109,109,,clean_after_5min,250,6,156.25000000,1500,15.44952393,75,2098,2094,2090,4,8,99.61868446,99.80897803,99.71374046,1.11111111,3.77777778,0.00000000,45.88119963,20.80648971,1505.15555556
mitdb,109,109,,clean_after_5min,250,7,78.12500000,1750,18.02444458,75,2098,2094,2090,4,8,99.61868446,99.80897803,99.71374046,1.11111111,3.55555556,0.00000000,22.09905735,27.15171002,1505.15555556
mitdb,109,109,,clean_after_5min,250,8,39.06250000,2000,20.59936523,75,2098,2094,2090,4,8,99.61868446,99.80897803,99.71374046,1.11111111,3.44444444,0.00000000,11.26742715,33.00268983,1505.15555556
mitdb,109,109,,clean_after_5min,250,9,19.53125000,2250,23.17428589,75,2098,2094,2090,4,8,99.61868446,99.80897803,99.71374046,1.11111111,3.61666667,0.00000000,5.63490770,39.02144886,1505.15555556
mitdb,109,109,,clean_after_5min,250,10,9.76562500,2500,25.74920654,75,2098,2094,2090,4,8,99.61868446,99.80897803,99.71374046,1.11111111,3.61666667,0.00000000,2.81991729,45.03445758,1505.15555556
mitdb,109,109,,clean_after_5min,250,11,4.88281250,2750,28.32412720,75,2098,2094,2090,4,8,99.61868446,99.80897803,99.71374046,1.11111111,3.66666667,0.00000000,1.40963616,51.05704440,1505.15555556
mitdb,109,109,,clean_after_5min,360,6,156.25000000,2160,22.24731445,75,2098,2095,2088,7,10,99.52335558,99.66587112,99.59456237,0.00000000,50.00000000,0.00000000,45.89433528,20.79956672,1505.15555556
mitdb,109,109,,clean_after_5min,360,7,78.12500000,2520,25.95520020,75,2098,2095,2089,6,9,99.57102002,99.71360382,99.64226091,0.00000000,47.22222222,0.00000000,22.08426529,27.15308929,1505.15555556
mitdb,109,109,,clean_after_5min,360,8,39.06250000,2880,29.66308594,75,2098,2096,2089,7,9,99.57102002,99.66603053,99.61850262,0.00000000,47.22222222,0.00000000,11.26333481,33.00140852,1505.15555556
mitdb,109,109,,clean_after_5min,360,9,19.53125000,3240,33.37097168,75,2098,2095,2089,6,9,99.57102002,99.71360382,99.64226091,0.00000000,47.22222222,0.00000000,5.63653016,39.01451169,1505.15555556
mitdb,109,109,,clean_after_5min,360,10,9.76562500,3600,37.07885742,75,2098,2095,2089,6,9,99.57102002,99.71360382,99.64226091,0.00000000,47.22222222,0.00000000,2.81956583,45.03110363,1505.15555556
mitdb,109,109,,clean_after_5min,360,11,4.88281250,3960,40.78674316,75,2098,2096,2089,7,9,99.57102002,99.66603053,99.61850262,0.00000000,47.22222222,0.00000000,1.40985448,51.05126265,1505.15555556
mitdb,109,109,,clean_after_5min,100,6,156.25000000,600,6.17980957,150,2098,2099,2098,1,0,100.00000000,99.95235827,99.97617346,63.88888889,70.55555556,0.00000000,45.89937476,20.80519381,1505.15555556
mitdb,109,109,,clean_after_5min,100,7,78.12500000,700,7.20977783,150,2098,2099,2098,1,0,100.00000000,99.95235827,99.97617346,62.77777778,71.11111111,0.00000000,22.06031258,27.16909596,1505.15555556
mitdb,109,109,,clean_after_5min,100,8,39.06250000,800,8.23974609,150,2098,2099,2098,1,0,100.00000000,99.95235827,99.97617346,64.44444444,71.11111111,0.00000000,11.24339827,33.02337730,1505.15555556
mitdb,109,109,,clean_after_5min,100,9,19.53125000,900,9.26971436,150,2098,2099,2098,1,0,100.00000000,99.95235827,99.97617346,65.00000000,71.11111111,0.00000000,5.64529815,39.00759153,1505.15555556
mitdb,109,109,,clean_after_5min,100,10,9.76562500,1000,10.29968262,150,2098,2099,2098,1,0,100.00000000,99.95235827,99.97617346,65.00000000,71.11111111,0.00000000,2.81798739,45.04254828,1505.15555556
mitdb,109,109,,clean_after_5min,100,11,4.88281250,1100,11.32965088,150,2098,2099,2098,1,0,100.00000000,99.95235827,99.97617346,65.00000000,71.11111111,0.00000000,1.40771092,51.07105960,1505.15555556
mitdb,109,109,,clean_after_5min,125,6,156.25000000,750,7.72476196,150,2098,2097,2096,1,2,99.90467112,99.95231283,99.92848629,2.38888889,62.11111111,0.00000000,45.91832329,20.80188841,1505.15555556
mitdb,109,109,,clean_after_5min,125,7,78.12500000,875,9.01222229,150,2098,2095,2094,1,4,99.80934223,99.95226730,99.88075364,2.33333333,61.88888889,0.00000000,22.09215146,27.15684859,1505.15555556
mitdb,109,109,,clean_after_5min,125,8,39.06250000,1000,10.29968262,150,2098,2097,2096,1,2,99.90467112,99.95231283,99.92848629,2.44444444,62.33333333,0.00000000,11.26068209,33.01031488,1505.15555556
mitdb,109,109,,clean_after_5min,125,9,19.53125000,1125,11.58714294,150,2098,2097,2097,0,1,99.95233556,100.00000000,99.97616210,2.44444444,62.33333333,0.00000000,5.63539440,39.02312252,1505.15555556
mitdb,109,109,,clean_after_5min,125,10,9.76562500,1250,12.87460327,150,2098,2097,2097,0,1,99.95233556,100.00000000,99.97616210,2.44444444,62.33333333,0.00000000,2.82257601,45.02869592,1505.15555556
mitdb,109,109,,clean_after_5min,125,11,4.88281250,1375,14.16206360,150,2098,2097,2097,0,1,99.95233556,100.00000000,99.97616210,2.44444444,62.33333333,0.00000000,1.40941889,51.06080711,1505.15555556
mitdb,109,109,,clean_after_5min,180,6,156.25000000,1080,11.12365723,150,2098,2094,2094,0,4,99.80934223,100.00000000,99.90458015,2.77777778,2.77777778,0.00000000,45.89231411,20.80455977,1505.15555556
mitdb,109,109,,clean_after_5min,180,7,78.12500000,1260,12.97760010,150,2098,2094,2094,0,4,99.80934223,100.00000000,99.90458015,2.77777778,2.77777778,0.00000000,22.09075419,27.15514806,1505.15555556
mitdb,109,109,,clean_after_5min,180,8,39.06250000,1440,14.83154297,150,2098,2094,2094,0,4,99.80934223,100.00000000,99.90458015,2.77777778,2.77777778,0.00000000,11.25798198,33.01014794,1505.15555556
mitdb,109,109,,clean_after_5min,180,9,19.53125000,1620,16.68548584,150,2098,2094,2094,0,4,99.80934223,100.00000000,99.90458015,2.77777778,2.77777778,0.00000000,5.63570130,39.02039959,1505.15555556
mitdb,109,109,,clean_after_5min,180,10,9.76562500,1800,18.53942871,150,2098,2094,2094,0,4,99.80934223,100.00000000,99.90458015,2.77777778,2.77777778,0.00000000,2.82033271,45.03335204,1505.15555556
mitdb,109,109,,clean_after_5min,180,11,4.88281250,1980,20.39337158,150,2098,2094,2094,0,4,99.80934223,100.00000000,99.90458015,2.77777778,2.77777778,0.00000000,1.40993166,51.05539765,1505.15555556
mitdb,109,109,,clean_after_5min,250,6,156.25000000,1500,15.44952393,150,2098,2094,2094,0,4,99.80934223,100.00000000,99.90458015,1.11111111,4.00000000,0.00000000,45.88119963,20.80648971,1505.15555556
mitdb,109,109,,clean_after_5min,250,7,78.12500000,1750,18.02444458,150,2098,2094,2094,0,4,99.80934223,100.00000000,99.90458015,1.11111111,3.77777778,0.00000000,22.09905735,27.15171002,1505.15555556
mitdb,109,109,,clean_after_5min,250,8,39.06250000,2000,20.59936523,150,2098,2094,2094,0,4,99.80934223,100.00000000,99.90458015,1.11111111,3.66666667,0.00000000,11.26742715,33.00268983,1505.15555556
mitdb,109,109,,clean_after_5min,250,9,19.53125000,2250,23.17428589,150,2098,2094,2094,0,4,99.80934223,100.00000000,99.90458015,1.11111111,3.66666667,0.00000000,5.63490770,39.02144886,1505.15555556
mitdb,109,109,,clean_after_5min,250,10,9.76562500,2500,25.74920654,150,2098,2094,2094,0,4,99.80934223,100.00000000,99.90458015,1.11111111,3.66666667,0.00000000,2.81991729,45.03445758,1505.15555556
mitdb,109,109,,clean_after_5min,250,11,4.88281250,2750,28.32412720,150,2098,2094,2094,0,4,99.80934223,100.00000000,99.90458015,1.11111111,3.66666667,0.00000000,1.40963616,51.05704440,1505.15555556
mitdb,109,109,,clean_after_5min,360,6,156.25000000,2160,22.24731445,150,2098,2095,2094,1,4,99.80934223,99.95226730,99.88075364,0.00000000,50.00000000,0.00000000,45.89433528,20.79956672,1505.15555556
mitdb,109,109,,clean_after_5min,360,7,78.12500000,2520,25.95520020,150,2098,2095,2094,1,4,99.80934223,99.95226730,99.88075364,0.00000000,47.22222222,0.00000000,22.08426529,27.15308929,1505.15555556
mitdb,109,109,,clean_after_5min,360,8,39.06250000,2880,29.66308594,150,2098,2096,2094,2,4,99.80934223,99.90458015,99.85693848,0.00000000,47.22222222,0.00000000,11.26333481,33.00140852,1505.15555556
mitdb,109,109,,clean_after_5min,360,9,19.53125000,3240,33.37097168,150,2098,2095,2094,1,4,99.80934223,99.95226730,99.88075364,0.00000000,47.22222222,0.00000000,5.63653016,39.01451169,1505.15555556
mitdb,109,109,,clean_after_5min,360,10,9.76562500,3600,37.07885742,150,2098,2095,2094,1,4,99.80934223,99.95226730,99.88075364,0.00000000,47.22222222,0.00000000,2.81956583,45.03110363,1505.15555556
mitdb,109,109,,clean_after_5min,360,11,4.88281250,3960,40.78674316,150,2098,2096,2094,2,4,99.80934223,99.90458015,99.85693848,0.00000000,47.22222222,0.00000000,1.40985448,51.05126265,1505.15555556
mitdb,111,111,,clean_after_5min,100,6,156.25000000,600,6.17980957,75,1776,1953,1071,882,705,60.30405405,54.83870968,57.44167337,10.55555556,72.22222222,0.00000000,46.84378354,12.17628387,1505.15555556
mitdb,111,111,,clean_after_5min,100,7,78.12500000,700,7.20977783,75,1776,1950,1012,938,764,56.98198198,51.89743590,54.32098765,11.11111111,73.33333333,0.00000000,22.73184974,18.45662764,1505.15555556
mitdb,111,111,,clean_after_5min,100,8,39.06250000,800,8.23974609,75,1776,1955,1001,954,775,56.36261261,51.20204604,53.65853659,11.11111111,73.88888889,0.00000000,11.28816321,24.53685757,1505.15555556
mitdb,111,111,,clean_after_5min,100,9,19.53125000,900,9.26971436,75,1776,1968,969,999,807,54.56081081,49.23780488,51.76282051,11.11111111,73.88888889,0.00000000,5.63051865,30.57835514,1505.15555556
mitdb,111,111,,clean_after_5min,100,10,9.76562500,1000,10.29968262,75,1776,1953,974,979,802,54.84234234,49.87199181,52.23920622,11.11111111,73.88888889,0.00000000,2.81883250,36.58793776,1505.15555556
mitdb,111,111,,clean_after_5min,100,11,4.88281250,1100,11.32965088,75,1776,1969,960,1009,816,54.05405405,48.75571356,51.26835781,11.11111111,73.88888889,0.00000000,1.40857272,42.61373769,1505.15555556
mitdb,111,111,,clean_after_5min,125,6,156.25000000,750,7.72476196,75,1776,1813,1641,172,135,92.39864865,90.51296194,91.44608526,6.55555556,70.66666667,0.00000000,46.83102442,12.17838707,1505.15555556
mitdb,111,111,,clean_after_5min,125,7,78.12500000,875,9.01222229,75,1776,1814,1663,151,113,93.63738739,91.67585447,92.64623955,6.44444444,71.54444444,0.00000000,22.71109093,18.46430031,1505.15555556
mitdb,111,111,,clean_after_5min,125,8,39.06250000,1000,10.29968262,75,1776,1801,1663,138,113,93.63738739,92.33759023,92.98294660,6.55555556,71.55555556,0.00000000,11.28779752,24.53687602,1505.15555556
mitdb,111,111,,clean_after_5min,125,9,19.53125000,1125,11.58714294,75,1776,1803,1666,137,110,93.80630631,92.40155297,93.09863090,6.55555556,71.63888889,0.00000000,5.63917435,30.56474979,1505.15555556
mitdb,111,111,,clean_after_5min,125,10,9.76562500,1250,12.87460327,75,1776,1800,1662,138,114,93.58108108,92.33333333,92.95302013,6.55555556,71.66666667,0.00000000,2.82001445,36.58403356,1505.15555556
mitdb,111,111,,clean_after_5min,125,11,4.88281250,1375,14.16206360,75,1776,1803,1661,142,115,93.52477477,92.12423738,92.81922325,6.55555556,71.66666667,0.00000000,1.41048844,42.60166962,1505.15555556
mitdb,111,111,,clean_after_5min,180,6,156.25000000,1080,11.12365723,75,1776,1777,1770,7,6,99.66216216,99.60607766,99.63411202,2.77777778,41.66666667,0.00000000,46.85783683,12.17066996,1505.15555556
mitdb,111,111,,clean_after_5min,180,7,78.12500000,1260,12.97760010,75,1776,1775,1772,3,4,99.77477477,99.83098592,99.80287243,2.77777778,41.66666667,0.00000000,22.71529436,18.45994730,1505.15555556
mitdb,111,111,,clean_after_5min,180,8,39.06250000,1440,14.83154297,75,1776,1775,1773,2,3,99.83108108,99.88732394,99.85919459,2.77777778,41.66666667,0.00000000,11.28598254,24.53552720,1505.15555556
mitdb,111,111,,clean_after_5min,180,9,19.53125000,1620,16.68548584,75,1776,1775,1773,2,3,99.83108108,99.88732394,99.85919459,2.77777778,41.66666667,0.00000000,5.64280791,30.55640935,1505.15555556
mitdb,111,111,,clean_after_5min,180,10,9.76562500,1800,18.53942871,75,1776,1775,1773,2,3,99.83108108,99.88732394,99.85919459,2.77777778,41.66666667,0.00000000,2.81896188,36.58453061,1505.15555556
mitdb,111,111,,clean_after_5min,180,11,4.88281250,1980,20.39337158,75,1776,1775,1773,2,3,99.83108108,99.88732394,99.85919459,2.77777778,41.66666667,0.00000000,1.40953263,42.60481199,1505.15555556
mitdb,111,111,,clean_after_5min,250,6,156.25000000,1500,15.44952393,75,1776,1774,1770,4,6,99.66216216,99.77452086,99.71830986,2.00000000,38.00000000,0.00000000,46.84087797,12.17389195,1505.15555556
mitdb,111,111,,clean_after_5min,250,7,78.12500000,1750,18.02444458,75,1776,1775,1774,1,2,99.88738739,99.94366197,99.91551676,1.77777778,37.26111111,0.00000000,22.70829840,18.46270063,1505.15555556
mitdb,111,111,,clean_after_5min,250,8,39.06250000,2000,20.59936523,75,1776,1775,1774,1,2,99.88738739,99.94366197,99.91551676,1.77777778,37.44444444,0.00000000,11.28775827,24.53423847,1505.15555556
mitdb,111,111,,clean_after_5min,250,9,19.53125000,2250,23.17428589,75,1776,1775,1774,1,2,99.88738739,99.94366197,99.91551676,1.77777778,37.22222222,0.00000000,5.64238408,30.55713956,1505.15555556
mitdb,111,111,,clean_after_5min,250,10,9.76562500,2500,25.74920654,75,1776,1775,1773,2,3,99.83108108,99.88732394,99.85919459,1.77777778,37.22222222,0.00000000,2.81689630,36.59097531,1505.15555556
mitdb,111,111,,clean_after_5min,250,11,4.88281250,2750,28.32412720,75,1776,1775,1774,1,2,99.88738739,99.94366197,99.91551676,1.77777778,37.22222222,0.00000000,1.41064305,42.59804981,1505.15555556
mitdb,111,111,,clean_after_5min,360,6,156.25000000,2160,22.24731445,75,1776,1774,1774,0,2,99.88738739,100.00000000,99.94366197,2.77777778,2.77777778,0.00000000,46.83990045,12.16991620,1505.15555556
mitdb,111,111,,clean_after_5min,360,7,78.12500000,2520,25.95520020,75,1776,1775,1775,0,1,99.94369369,100.00000000,99.97183892,2.77777778,2.77777778,0.00000000,22.70428853,18.46007752,1505.15555556
mitdb,111,111,,clean_after_5min,360,8,39.06250000,2880,29.66308594,75,1776,1775,1774,1,2,99.88738739,99.94366197,99.91551676,2.77777778,2.77777778,0.00000000,11.28886618,24.52922897,1505.15555556
mitdb,111,111,,clean_after_5min,360,9,19.53125000,3240,33.37097168,75,1776,1775,1775,0,1,99.94369369,100.00000000,99.97183892,2.77777778,2.77777778,0.00000000,5.64367282,30.55099890,1505.15555556
mitdb,111,111,,clean_after_5min,360,10,9.76562500,3600,37.07885742,75,1776,1775,1775,0,1,99.94369369,100.00000000,99.97183892,2.77777778,2.77777778,0.00000000,2.81788984,36.58375525,1505.15555556
mitdb,111,111,,clean_after_5min,360,11,4.88281250,3960,40.78674316,75,1776,1775,1774,1,2,99.88738739,99.94366197,99.91551676,2.77777778,2.77777778,0.00000000,1.40936254,42.60178101,1505.15555556
mitdb,111,111,,clean_after_5min,100,6,156.25000000,600,6.17980957,150,1776,1953,1768,185,8,99.54954955,90.52739375,94.82434969,16.66666667,89.44444444,0.00000000,46.84378354,12.17628387,1505.15555556
mitdb,111,111,,clean_after_5min,100,7,78.12500000,700,7.20977783,150,1776,1950,1765,185,11,99.38063063,90.51282051,94.73966720,22.22222222,87.22222222,0.00000000,22.73184974,18.45662764,1505.15555556
mitdb,111,111,,clean_after_5min,100,8,39.06250000,800,8.23974609,150,1776,1955,1767,188,9,99.49324324,90.38363171,94.71991423,52.77777778,86.66666667,0.00000000,11.28816321,24.53685757,1505.15555556
mitdb,111,111,,clean_after_5min,100,9,19.53125000,900,9.26971436,150,1776,1968,1766,202,10,99.43693694,89.73577236,94.33760684,69.44444444,87.08333333,0.00000000,5.63051865,30.57835514,1505.15555556
mitdb,111,111,,clean_after_5min,100,10,9.76562500,1000,10.29968262,150,1776,1953,1767,186,9,99.49324324,90.47619048,94.77071601,65.00000000,86.66666667,0.00000000,2.81883250,36.58793776,1505.15555556
mitdb,111,111,,clean_after_5min,100,11,4.88281250,1100,11.32965088,150,1776,1969,1767,202,9,99.49324324,89.74098527,94.36582109,72.22222222,86.66666667,0.00000000,1.40857272,42.61373769,1505.15555556
mitdb,111,111,,clean_after_5min,125,6,156.25000000,750,7.72476196,150,1776,1813,1771,42,5,99.71846847,97.68339768,98.69044302,7.00000000,77.00000000,0.00000000,46.83102442,12.17838707,1505.15555556
mitdb,111,111,,clean_after_5min,125,7,78.12500000,875,9.01222229,150,1776,1814,1774,40,2,99.88738739,97.79492834,98.83008357,6.88888889,75.77777778,0.00000000,22.71109093,18.46430031,1505.15555556
mitdb,111,111,,clean_after_5min,125,8,39.06250000,1000,10.29968262,150,1776,1801,1774,27,2,99.88738739,98.50083287,99.18926475,7.00000000,75.66666667,0.00000000,11.28779752,24.53687602,1505.15555556
mitdb,111,111,,clean_after_5min,125,9,19.53125000,1125,11.58714294,150,1776,1803,1774,29,2,99.88738739,98.39156961,99.13383627,6.88888889,75.66666667,0.00000000,5.63917435,30.56474979,1505.15555556
mitdb,111,111,,clean_after_5min,125,10,9.76562500,1250,12.87460327,150,1776,1800,1774,26,2,99.88738739,98.55555556,99.21700224,6.94444444,75.66666667,0.00000000,2.82001445,36.58403356,1505.15555556
mitdb,111,111,,clean_after_5min,125,11,4.88281250,1375,14.16206360,150,1776,1803,1774,29,2,99.88738739,98.39156961,99.13383627,7.00000000,75.66666667,0.00000000,1.41048844,42.60166962,1505.15555556
mitdb,111,111,,clean_after_5min,180,6,156.25000000,1080,11.12365723,150,1776,1777,1775,2,1,99.94369369,99.88745076,99.91556431,2.77777778,41.66666667,0.00000000,46.85783683,12.17066996,1505.15555556
mitdb,111,111,,clean_after_5min,180,7,78.12500000,1260,12.97760010,150,1776,1775,1775,0,1,99.94369369,100.00000000,99.97183892,2.77777778,41.66666667,0.00000000,22.71529436,18.45994730,1505.15555556
mitdb,111,111,,clean_after_5min,180,8,39.06250000,1440,14.83154297,150,1776,1775,1775,0,1,99.94369369,100.00000000,99.97183892,2.77777778,41.66666667,0.00000000,11.28598254,24.53552720,1505.15555556
mitdb,111,111,,clean_after_5min,180,9,19.53125000,1620,16.68548584,150,1776,1775,1775,0,1,99.94369369,100.00000000,99.97183892,2.77777778,41.66666667,0.00000000,5.64280791,30.55640935,1505.15555556
mitdb,111,111,,clean_after_5min,180,10,9.76562500,1800,18.53942871,150,1776,1775,1775,0,1,99.94369369,100.00000000,99.97183892,2.77777778,41.66666667,0.00000000,2.81896188,36.58453061,1505.15555556
mitdb,111,111,,clean_after_5min,180,11,4.88281250,1980,20.39337158,150,1776,1775,1775,0,1,99.94369369,100.00000000,99.97183892,2.77777778,41.66666667,0.00000000,1.40953263,42.60481199,1505.15555556
mitdb,111,111,,clean_after_5min,250,6,156.25000000,1500,15.44952393,150,1776,1774,1774,0,2,99.88738739,100.00000000,99.94366197,2.00000000,38.11111111,0.00000000,46.84087797,12.17389195,1505.15555556
mitdb,111,111,,clean_after_5min,250,7,78.12500000,1750,18.02444458,150,1776,1775,1775,0,1,99.94369369,100.00000000,99.97183892,1.77777778,37.33333333,0.00000000,22.70829840,18.46270063,1505.15555556
mitdb,111,111,,clean_after_5min,250,8,39.06250000,2000,20.59936523,150,1776,1775,1775,0,1,99.94369369,100.00000000,99.97183892,1.77777778,37.44444444,0.00000000,11.28775827,24.53423847,1505.15555556
mitdb,111,111,,clean_after_5min,250,9,19.53125000,2250,23.17428589,150,1776,1775,1775,0,1,99.94369369,100.00000000,99.97183892,1.77777778,37.25555556,0.00000000,5.64238408,30.55713956,1505.15555556
mitdb,111,111,,clean_after_5min,250,10,9.76562500,2500,25.74920654,150,1776,1775,1775,0,1,99.94369369,100.00000000,99.97183892,1.77777778,37.22222222,0.00000000,2.81689630,36.59097531,1505.15555556
mitdb,111,111,,clean_after_5min,250,11,4.88281250,2750,28.32412720,150,1776,1775,1775,0,1,99.94369369,100.00000000,99.97183892,1.77777778,37.22222222,0.00000000,1.41064305,42.59804981,1505.15555556
mitdb,111,111,,clean_after_5min,360,6,156.25000000,2160,22.24731445,150,1776,1774,1774,0,2,99.88738739,100.00000000,99.94366197,2.77777778,2.77777778,0.00000000,46.83990045,12.16991620,1505.15555556
mitdb,111,111,,clean_after_5min,360,7,78.12500000,2520,25.95520020,150,1776,1775,1775,0,1,99.94369369,100.00000000,99.97183892,2.77777778,2.77777778,0.00000000,22.70428853,18.46007752,1505.15555556
mitdb,111,111,,clean_after_5min,360,8,39.06250000,2880,29.66308594,150,1776,1775,1775,0,1,99.94369369,100.00000000,99.97183892,2.77777778,2.77777778,0.00000000,11.28886618,24.52922897,1505.15555556
mitdb,111,111,,clean_after_5min,360,9,19.53125000,3240,33.37097168,150,1776,1775,1775,0,1,99.94369369,100.00000000,99.97183892,2.77777778,2.77777778,0.00000000,5.64367282,30.55099890,1505.15555556
mitdb,111,111,,clean_after_5min,360,10,9.76562500,3600,37.07885742,150,1776,1775,1775,0,1,99.94369369,100.00000000,99.97183892,2.77777778,2.77777778,0.00000000,2.81788984,36.58375525,1505.15555556
mitdb,111,111,,clean_after_5min,360,11,4.88281250,3960,40.78674316,150,1776,1775,1775,0,1,99.94369369,100.00000000,99.97183892,2.77777778,2.77777778,0.00000000,1.40936254,42.60178101,1505.15555556
mitdb,112,112,,clean_after_5min,100,6,156.25000000,600,6.17980957,75,2111,2112,2109,3,2,99.90525817,99.85795455,99.88160076,65.00000000,71.11111111,0.00000000,43.28915168,12.54863031,1505.15555556
mitdb,112,112,,clean_after_5min,100,7,78.12500000,700,7.20977783,75,2111,2111,2108,3,3,99.85788726,99.85788726,99.85788726,9.44444444,69.44444444,0.00000000,22.14094345,18.37228936,1505.15555556
mitdb,112,112,,clean_after_5min,100,8,39.06250000,800,8.23974609,75,2111,2111,2110,1,1,99.95262909,99.95262909,99.95262909,64.44444444,70.55555556,0.00000000,11.29623008,24.21754123,1505.15555556
mitdb,112,112,,clean_after_5min,100,9,19.53125000,900,9.26971436,75,2111,2111,2109,2,2,99.90525817,99.90525817,99.90525817,64.44444444,70.55555556,0.00000000,5.64288071,30.24619443,1505.15555556
mitdb,112,112,,clean_after_5min,100,10,9.76562500,1000,10.29968262,75,2111,2111,2109,2,2,99.90525817,99.90525817,99.90525817,64.44444444,70.55555556,0.00000000,2.81939595,36.27309039,1505.15555556
mitdb,112,112,,clean_after_5min,100,11,4.88281250,1100,11.32965088,75,2111,2111,2110,1,1,99.95262909,99.95262909,99.95262909,64.44444444,70.55555556,0.00000000,1.40804028,42.30391024,1505.15555556
mitdb,112,112,,clean_after_5min,125,6,156.25000000,750,7.72476196,75,2111,2111,2111,0,0,100.00000000,100.00000000,100.00000000,3.44444444,7.44444444,0.00000000,43.28816948,12.54881531,1505.15555556
mitdb,112,112,,clean_after_5min,125,7,78.12500000,875,9.01222229,75,2111,2111,2111,0,0,100.00000000,100.00000000,100.00000000,3.66666667,7.77777778,0.00000000,22.16943897,18.36110567,1505.15555556
mitdb,112,112,,clean_after_5min,125,8,39.06250000,1000,10.29968262,75,2111,2111,2111,0,0,100.00000000,100.00000000,100.00000000,3.77777778,7.77777778,0.00000000,11.26852510,24.23885821,1505.15555556
mitdb,112,112,,clean_after_5min,125,9,19.53125000,1125,11.58714294,75,2111,2111,2111,0,0,100.00000000,100.00000000,100.00000000,3.77777778,7.77777778,0.00000000,5.64821401,30.23797686,1505.15555556
mitdb,112,112,,clean_after_5min,125,10,9.76562500,1250,12.87460327,75,2111,2111,2111,0,0,100.00000000,100.00000000,100.00000000,3.77777778,7.77777778,0.00000000,2.81748945,36.27895376,1505.15555556
mitdb,112,112,,clean_after_5min,125,11,4.88281250,1375,14.16206360,75,2111,2111,2111,0,0,100.00000000,100.00000000,100.00000000,3.77777778,7.77777778,0.00000000,1.41039882,42.28936102,1505.15555556
mitdb,112,112,,clean_after_5min,180,6,156.25000000,1080,11.12365723,75,2111,2111,2111,0,0,100.00000000,100.00000000,100.00000000,2.77777778,5.55555556,0.00000000,43.28825768,12.54748790,1505.15555556
mitdb,112,112,,clean_after_5min,180,7,78.12500000,1260,12.97760010,75,2111,2111,2111,0,0,100.00000000,100.00000000,100.00000000,2.77777778,5.55555556,0.00000000,22.15998866,18.36349934,1505.15555556
mitdb,112,112,,clean_after_5min,180,8,39.06250000,1440,14.83154297,75,2111,2111,2111,0,0,100.00000000,100.00000000,100.00000000,2.77777778,5.55555556,0.00000000,11.28001476,24.22869666,1505.15555556
mitdb,112,112,,clean_after_5min,180,9,19.53125000,1620,16.68548584,75,2111,2111,2111,0,0,100.00000000,100.00000000,100.00000000,2.77777778,5.55555556,0.00000000,5.64371329,30.24359117,1505.15555556
mitdb,112,112,,clean_after_5min,180,10,9.76562500,1800,18.53942871,75,2111,2111,2111,0,0,100.00000000,100.00000000,100.00000000,2.77777778,5.55555556,0.00000000,2.81984628,36.27038133,1505.15555556
mitdb,112,112,,clean_after_5min,180,11,4.88281250,1980,20.39337158,75,2111,2111,2111,0,0,100.00000000,100.00000000,100.00000000,2.77777778,5.55555556,0.00000000,1.41098719,42.28442862,1505.15555556
mitdb,112,112,,clean_after_5min,250,6,156.25000000,1500,15.44952393,75,2111,2111,2111,0,0,100.00000000,100.00000000,100.00000000,1.11111111,3.11111111,0.00000000,43.30009951,12.54643534,1505.15555556
mitdb,112,112,,clean_after_5min,250,7,78.12500000,1750,18.02444458,75,2111,2111,2111,0,0,100.00000000,100.00000000,100.00000000,1.11111111,2.88888889,0.00000000,22.16116181,18.36436274,1505.15555556
mitdb,112,112,,clean_after_5min,250,8,39.06250000,2000,20.59936523,75,2111,2111,2111,0,0,100.00000000,100.00000000,100.00000000,1.11111111,2.88888889,0.00000000,11.27808363,24.23150702,1505.15555556
mitdb,112,112,,clean_after_5min,250,9,19.53125000,2250,23.17428589,75,2111,2111,2111,0,0,100.00000000,100.00000000,100.00000000,1.11111111,2.88888889,0.00000000,5.64017433,30.25036269,1505.15555556
mitdb,112,112,,clean_after_5min,250,10,9.76562500,2500,25.74920654,75,2111,2111,2111,0,0,100.00000000,100.00000000,100.00000000,1.11111111,2.88888889,0.00000000,2.81809615,36.27709711,1505.15555556
mitdb,112,112,,clean_after_5min,250,11,4.88281250,2750,28.32412720,75,2111,2111,2111,0,0,100.00000000,100.00000000,100.00000000,1.11111111,2.88888889,0.00000000,1.41034103,42.28973043,1505.15555556
mitdb,112,112,,clean_after_5min,360,6,156.25000000,2160,22.24731445,75,2111,2111,2111,0,0,100.00000000,100.00000000,100.00000000,0.00000000,2.77777778,0.00000000,43.29340047,12.54272591,1505.15555556
mitdb,112,112,,clean_after_5min,360,7,78.12500000,2520,25.95520020,75,2111,2111,2111,0,0,100.00000000,100.00000000,100.00000000,0.00000000,2.77777778,0.00000000,22.15385584,18.36217338,1505.15555556
mitdb,112,112,,clean_after_5min,360,8,39.06250000,2880,29.66308594,75,2111,2111,2111,0,0,100.00000000,100.00000000,100.00000000,0.00000000,2.77777778,0.00000000,11.28497278,24.22114957,1505.15555556
mitdb,112,112,,clean_after_5min,360,9,19.53125000,3240,33.37097168,75,2111,2111,2111,0,0,100.00000000,100.00000000,100.00000000,0.00000000,2.77777778,0.00000000,5.63990233,30.24572822,1505.15555556
mitdb,112,112,,clean_after_5min,360,10,9.76562500,3600,37.07885742,75,2111,2111,2111,0,0,100.00000000,100.00000000,100.00000000,0.00000000,2.77777778,0.00000000,2.82056022,36.26445236,1505.15555556
mitdb,112,112,,clean_after_5min,360,11,4.88281250,3960,40.78674316,75,2111,2111,2111,0,0,100.00000000,100.00000000,100.00000000,0.00000000,2.77777778,0.00000000,1.40993636,42.28716966,1505.15555556
mitdb,112,112,,clean_after_5min,100,6,156.25000000,600,6.17980957,150,2111,2112,2111,1,0,100.00000000,99.95265152,99.97632015,65.00000000,71.11111111,0.00000000,43.28915168,12.54863031,1505.15555556
mitdb,112,112,,clean_after_5min,100,7,78.12500000,700,7.20977783,150,2111,2111,2111,0,0,100.00000000,100.00000000,100.00000000,9.44444444,69.44444444,0.00000000,22.14094345,18.37228936,1505.15555556
mitdb,112,112,,clean_after_5min,100,8,39.06250000,800,8.23974609,150,2111,2111,2111,0,0,100.00000000,100.00000000,100.00000000,64.44444444,70.55555556,0.00000000,11.29623008,24.21754123,1505.15555556
mitdb,112,112,,clean_after_5min,100,9,19.53125000,900,9.26971436,150,2111,2111,2111,0,0,100.00000000,100.00000000,100.00000000,64.44444444,70.55555556,0.00000000,5.64288071,30.24619443,1505.15555556
mitdb,112,112,,clean_after_5min,100,10,9.76562500,1000,10.29968262,150,2111,2111,2111,0,0,100.00000000,100.00000000,100.00000000,64.44444444,70.55555556,0.00000000,2.81939595,36.27309039,1505.15555556
mitdb,112,112,,clean_after_5min,100,11,4.88281250,1100,11.32965088,150,2111,2111,2111,0,0,100.00000000,100.00000000,100.00000000,64.44444444,70.55555556,0.00000000,1.40804028,42.30391024,1505.15555556
mitdb,112,112,,clean_after_5min,125,6,156.25000000,750,7.72476196,150,2111,2111,2111,0,0,100.00000000,100.00000000,100.00000000,3.44444444,7.44444444,0.00000000,43.28816948,12.54881531,1505.15555556
mitdb,112,112,,clean_after_5min,125,7,78.12500000,875,9.01222229,150,2111,2111,2111,0,0,100.00000000,100.00000000,100.00000000,3.66666667,7.77777778,0.00000000,22.16943897,18.36110567,1505.15555556
mitdb,112,112,,clean_after_5min,125,8,39.06250000,1000,10.29968262,150,2111,2111,2111,0,0,100.00000000,100.00000000,100.00000000,3.77777778,7.77777778,0.00000000,11.26852510,24.23885821,1505.15555556
mitdb,112,112,,clean_after_5min,125,9,19.53125000,1125,11.58714294,150,2111,2111,2111,0,0,100.00000000,100.00000000,100.00000000,3.77777778,7.77777778,0.00000000,5.64821401,30.23797686,1505.15555556
mitdb,112,112,,clean_after_5min,125,10,9.76562500,1250,12.87460327,150,2111,2111,2111,0,0,100.00000000,100.00000000,100.00000000,3.77777778,7.77777778,0.00000000,2.81748945,36.27895376,1505.15555556
mitdb,112,112,,clean_after_5min,125,11,4.88281250,1375,14.16206360,150,2111,2111,2111,0,0,100.00000000,100.00000000,100.00000000,3.77777778,7.77777778,0.00000000,1.41039882,42.28936102,1505.15555556
mitdb,112,112,,clean_after_5min,180,6,156.25000000,1080,11.12365723,150,2111,2111,2111,0,0,100.00000000,100.00000000,100.00000000,2.77777778,5.55555556,0.00000000,43.28825768,12.54748790,1505.15555556
mitdb,112,112,,clean_after_5min,180,7,78.12500000,1260,12.97760010,150,2111,2111,2111,0,0,100.00000000,100.00000000,100.00000000,2.77777778,5.55555556,0.00000000,22.15998866,18.36349934,1505.15555556
mitdb,112,112,,clean_after_5min,180,8,39.06250000,1440,14.83154297,150,2111,2111,2111,0,0,100.00000000,100.00000000,100.00000000,2.77777778,5.55555556,0.00000000,11.28001476,24.22869666,1505.15555556
mitdb,112,112,,clean_after_5min,180,9,19.53125000,1620,16.68548584,150,2111,2111,2111,0,0,100.00000000,100.00000000,100.00000000,2.77777778,5.55555556,0.00000000,5.64371329,30.24359117,1505.15555556
mitdb,112,112,,clean_after_5min,180,10,9.76562500,1800,18.53942871,150,2111,2111,2111,0,0,100.00000000,100.00000000,100.00000000,2.77777778,5.55555556,0.00000000,2.81984628,36.27038133,1505.15555556
mitdb,112,112,,clean_after_5min,180,11,4.88281250,1980,20.39337158,150,2111,2111,2111,0,0,100.00000000,100.00000000,100.00000000,2.77777778,5.55555556,0.00000000,1.41098719,42.28442862,1505.15555556
mitdb,112,112,,clean_after_5min,250,6,156.25000000,1500,15.44952393,150,2111,2111,2111,0,0,100.00000000,100.00000000,100.00000000,1.11111111,3.11111111,0.00000000,43.30009951,12.54643534,1505.15555556
mitdb,112,112,,clean_after_5min,250,7,78.12500000,1750,18.02444458,150,2111,2111,2111,0,0,100.00000000,100.00000000,100.00000000,1.11111111,2.88888889,0.00000000,22.16116181,18.36436274,1505.15555556
mitdb,112,112,,clean_after_5min,250,8,39.06250000,2000,20.59936523,150,2111,2111,2111,0,0,100.00000000,100.00000000,100.00000000,1.11111111,2.88888889,0.00000000,11.27808363,24.23150702,1505.15555556
mitdb,112,112,,clean_after_5min,250,9,19.53125000,2250,23.17428589,150,2111,2111,2111,0,0,100.00000000,100.00000000,100.00000000,1.11111111,2.88888889,0.00000000,5.64017433,30.25036269,1505.15555556
mitdb,112,112,,clean_after_5min,250,10,9.76562500,2500,25.74920654,150,2111,2111,2111,0,0,100.00000000,100.00000000,100.00000000,1.11111111,2.88888889,0.00000000,2.81809615,36.27709711,1505.15555556
mitdb,112,112,,clean_after_5min,250,11,4.88281250,2750,28.32412720,150,2111,2111,2111,0,0,100.00000000,100.00000000,100.00000000,1.11111111,2.88888889,0.00000000,1.41034103,42.28973043,1505.15555556
mitdb,112,112,,clean_after_5min,360,6,156.25000000,2160,22.24731445,150,2111,2111,2111,0,0,100.00000000,100.00000000,100.00000000,0.00000000,2.77777778,0.00000000,43.29340047,12.54272591,1505.15555556
mitdb,112,112,,clean_after_5min,360,7,78.12500000,2520,25.95520020,150,2111,2111,2111,0,0,100.00000000,100.00000000,100.00000000,0.00000000,2.77777778,0.00000000,22.15385584,18.36217338,1505.15555556
mitdb,112,112,,clean_after_5min,360,8,39.06250000,2880,29.66308594,150,2111,2111,2111,0,0,100.00000000,100.00000000,100.00000000,0.00000000,2.77777778,0.00000000,11.28497278,24.22114957,1505.15555556
mitdb,112,112,,clean_after_5min,360,9,19.53125000,3240,33.37097168,150,2111,2111,2111,0,0,100.00000000,100.00000000,100.00000000,0.00000000,2.77777778,0.00000000,5.63990233,30.24572822,1505.15555556
mitdb,112,112,,clean_after_5min,360,10,9.76562500,3600,37.07885742,150,2111,2111,2111,0,0,100.00000000,100.00000000,100.00000000,0.00000000,2.77777778,0.00000000,2.82056022,36.26445236,1505.15555556
mitdb,112,112,,clean_after_5min,360,11,4.88281250,3960,40.78674316,150,2111,2111,2111,0,0,100.00000000,100.00000000,100.00000000,0.00000000,2.77777778,0.00000000,1.40993636,42.28716966,1505.15555556
mitdb,113,113,,clean_after_5min,100,6,156.25000000,600,6.17980957,75,1505,3003,1500,1503,5,99.66777409,49.95004995,66.54835847,4.44444444,62.22222222,0.00000000,46.05126274,18.41969000,1505.15555556
mitdb,113,113,,clean_after_5min,100,7,78.12500000,700,7.20977783,75,1505,3002,1500,1502,5,99.66777409,49.96668887,66.56312403,5.55555556,62.80555556,0.00000000,23.27281833,24.34754127,1505.15555556
mitdb,113,113,,clean_after_5min,100,8,39.06250000,800,8.23974609,75,1505,3005,1500,1505,5,99.66777409,49.91680532,66.51884701,5.55555556,62.77777778,0.00000000,11.31953855,30.60794641,1505.15555556
mitdb,113,113,,clean_after_5min,100,9,19.53125000,900,9.26971436,75,1505,3004,1500,1504,5,99.66777409,49.93342210,66.53359947,5.55555556,62.77777778,0.00000000,5.65340222,36.63832315,1505.15555556
mitdb,113,113,,clean_after_5min,100,10,9.76562500,1000,10.29968262,75,1505,3005,1500,1505,5,99.66777409,49.91680532,66.51884701,5.55555556,62.77777778,0.00000000,2.81505950,42.69476930,1505.15555556
mitdb,113,113,,clean_after_5min,100,11,4.88281250,1100,11.32965088,75,1505,3005,1500,1505,5,99.66777409,49.91680532,66.51884701,5.55555556,62.77777778,0.00000000,1.40953672,48.70299297,1505.15555556
mitdb,113,113,,clean_after_5min,125,6,156.25000000,750,7.72476196,75,1505,1599,1503,96,2,99.86710963,93.99624765,96.84278351,2.11111111,4.77777778,0.00000000,46.07934095,18.41409769,1505.15555556
mitdb,113,113,,clean_after_5min,125,7,78.12500000,875,9.01222229,75,1505,1596,1503,93,2,99.86710963,94.17293233,96.93647211,2.11111111,4.77777778,0.00000000,23.26509127,24.35012765,1505.15555556
mitdb,113,113,,clean_after_5min,125,8,39.06250000,1000,10.29968262,75,1505,1597,1503,94,2,99.86710963,94.11396368,96.90522244,2.11111111,4.88888889,0.00000000,11.31686003,30.60970397,1505.15555556
mitdb,113,113,,clean_after_5min,125,9,19.53125000,1125,11.58714294,75,1505,1597,1503,94,2,99.86710963,94.11396368,96.90522244,2.11111111,4.77777778,0.00000000,5.63423114,36.66752967,1505.15555556
mitdb,113,113,,clean_after_5min,125,10,9.76562500,1250,12.87460327,75,1505,1597,1503,94,2,99.86710963,94.11396368,96.90522244,2.11111111,4.77777778,0.00000000,2.82160066,42.67431191,1505.15555556
mitdb,113,113,,clean_after_5min,125,11,4.88281250,1375,14.16206360,75,1505,1597,1503,94,2,99.86710963,94.11396368,96.90522244,2.11111111,4.88888889,0.00000000,1.41011059,48.69915936,1505.15555556
mitdb,113,113,,clean_after_5min,180,6,156.25000000,1080,11.12365723,75,1505,1505,1505,0,0,100.00000000,100.00000000,100.00000000,0.00000000,2.77777778,0.00000000,46.04073561,18.41971518,1505.15555556
mitdb,113,113,,clean_after_5min,180,7,78.12500000,1260,12.97760010,75,1505,1505,1505,0,0,100.00000000,100.00000000,100.00000000,0.00000000,2.77777778,0.00000000,23.26725216,24.34765833,1505.15555556
mitdb,113,113,,clean_after_5min,180,8,39.06250000,1440,14.83154297,75,1505,1505,1505,0,0,100.00000000,100.00000000,100.00000000,0.00000000,2.77777778,0.00000000,11.32861314,30.59902533,1505.15555556
mitdb,113,113,,clean_after_5min,180,9,19.53125000,1620,16.68548584,75,1505,1505,1505,0,0,100.00000000,100.00000000,100.00000000,0.00000000,2.77777778,0.00000000,5.63940806,36.65788985,1505.15555556
mitdb,113,113,,clean_after_5min,180,10,9.76562500,1800,18.53942871,75,1505,1505,1505,0,0,100.00000000,100.00000000,100.00000000,0.00000000,2.77777778,0.00000000,2.81742893,42.68550087,1505.15555556
mitdb,113,113,,clean_after_5min,180,11,4.88281250,1980,20.39337158,75,1505,1505,1505,0,0,100.00000000,100.00000000,100.00000000,0.00000000,2.77777778,0.00000000,1.40953597,48.70103700,1505.15555556
mitdb,113,113,,clean_after_5min,250,6,156.25000000,1500,15.44952393,75,1505,1505,1505,0,0,100.00000000,100.00000000,100.00000000,1.00000000,2.66666667,0.00000000,46.05005230,18.41864244,1505.15555556
mitdb,113,113,,clean_after_5min,250,7,78.12500000,1750,18.02444458,75,1505,1505,1505,0,0,100.00000000,100.00000000,100.00000000,1.00000000,2.66666667,0.00000000,23.26447852,24.34937855,1505.15555556
mitdb,113,113,,clean_after_5min,250,8,39.06250000,2000,20.59936523,75,1505,1505,1505,0,0,100.00000000,100.00000000,100.00000000,1.00000000,2.66666667,0.00000000,11.31874209,30.60728171,1505.15555556
mitdb,113,113,,clean_after_5min,250,9,19.53125000,2250,23.17428589,75,1505,1505,1505,0,0,100.00000000,100.00000000,100.00000000,1.00000000,2.66666667,0.00000000,5.64091336,36.65625640,1505.15555556
mitdb,113,113,,clean_after_5min,250,10,9.76562500,2500,25.74920654,75,1505,1505,1505,0,0,100.00000000,100.00000000,100.00000000,1.00000000,2.66666667,0.00000000,2.81944345,42.67997722,1505.15555556
mitdb,113,113,,clean_after_5min,250,11,4.88281250,2750,28.32412720,75,1505,1505,1505,0,0,100.00000000,100.00000000,100.00000000,1.00000000,2.66666667,0.00000000,1.40981269,48.70001666,1505.15555556
mitdb,113,113,,clean_after_5min,360,6,156.25000000,2160,22.24731445,75,1505,1505,1505,0,0,100.00000000,100.00000000,100.00000000,0.00000000,0.00000000,0.00000000,46.04513729,18.41562653,1505.15555556
mitdb,113,113,,clean_after_5min,360,7,78.12500000,2520,25.95520020,75,1505,1505,1505,0,0,100.00000000,100.00000000,100.00000000,0.00000000,0.00000000,0.00000000,23.27288427,24.34229778,1505.15555556
mitdb,113,113,,clean_after_5min,360,8,39.06250000,2880,29.66308594,75,1505,1505,1505,0,0,100.00000000,100.00000000,100.00000000,0.00000000,0.00000000,0.00000000,11.32278838,30.60023417,1505.15555556
mitdb,113,113,,clean_after_5min,360,9,19.53125000,3240,33.37097168,75,1505,1505,1505,0,0,100.00000000,100.00000000,100.00000000,0.00000000,0.00000000,0.00000000,5.64161896,36.65122697,1505.15555556
mitdb,113,113,,clean_after_5min,360,10,9.76562500,3600,37.07885742,75,1505,1505,1505,0,0,100.00000000,100.00000000,100.00000000,0.00000000,0.00000000,0.00000000,2.81855965,42.67875736,1505.15555556
mitdb,113,113,,clean_after_5min,360,11,4.88281250,3960,40.78674316,75,1505,1505,1505,0,0,100.00000000,100.00000000,100.00000000,0.00000000,0.00000000,0.00000000,1.40959932,48.69738836,1505.15555556
mitdb,113,113,,clean_after_5min,100,6,156.25000000,600,6.17980957,150,1505,3003,1500,1503,5,99.66777409,49.95004995,66.54835847,4.44444444,62.22222222,0.00000000,46.05126274,18.41969000,1505.15555556
mitdb,113,113,,clean_after_5min,100,7,78.12500000,700,7.20977783,150,1505,3002,1500,1502,5,99.66777409,49.96668887,66.56312403,5.55555556,62.80555556,0.00000000,23.27281833,24.34754127,1505.15555556
mitdb,113,113,,clean_after_5min,100,8,39.06250000,800,8.23974609,150,1505,3005,1500,1505,5,99.66777409,49.91680532,66.51884701,5.55555556,62.77777778,0.00000000,11.31953855,30.60794641,1505.15555556
mitdb,113,113,,clean_after_5min,100,9,19.53125000,900,9.26971436,150,1505,3004,1500,1504,5,99.66777409,49.93342210,66.53359947,5.55555556,62.77777778,0.00000000,5.65340222,36.63832315,1505.15555556
mitdb,113,113,,clean_after_5min,100,10,9.76562500,1000,10.29968262,150,1505,3005,1500,1505,5,99.66777409,49.91680532,66.51884701,5.55555556,62.77777778,0.00000000,2.81505950,42.69476930,1505.15555556
mitdb,113,113,,clean_after_5min,100,11,4.88281250,1100,11.32965088,150,1505,3005,1500,1505,5,99.66777409,49.91680532,66.51884701,5.55555556,62.77777778,0.00000000,1.40953672,48.70299297,1505.15555556
mitdb,113,113,,clean_after_5min,125,6,156.25000000,750,7.72476196,150,1505,1599,1503,96,2,99.86710963,93.99624765,96.84278351,2.11111111,4.77777778,0.00000000,46.07934095,18.41409769,1505.15555556
mitdb,113,113,,clean_after_5min,125,7,78.12500000,875,9.01222229,150,1505,1596,1503,93,2,99.86710963,94.17293233,96.93647211,2.11111111,4.77777778,0.00000000,23.26509127,24.35012765,1505.15555556
mitdb,113,113,,clean_after_5min,125,8,39.06250000,1000,10.29968262,150,1505,1597,1503,94,2,99.86710963,94.11396368,96.90522244,2.11111111,4.88888889,0.00000000,11.31686003,30.60970397,1505.15555556
mitdb,113,113,,clean_after_5min,125,9,19.53125000,1125,11.58714294,150,1505,1597,1503,94,2,99.86710963,94.11396368,96.90522244,2.11111111,4.77777778,0.00000000,5.63423114,36.66752967,1505.15555556
mitdb,113,113,,clean_after_5min,125,10,9.76562500,1250,12.87460327,150,1505,1597,1503,94,2,99.86710963,94.11396368,96.90522244,2.11111111,4.77777778,0.00000000,2.82160066,42.67431191,1505.15555556
mitdb,113,113,,clean_after_5min,125,11,4.88281250,1375,14.16206360,150,1505,1597,1503,94,2,99.86710963,94.11396368,96.90522244,2.11111111,4.88888889,0.00000000,1.41011059,48.69915936,1505.15555556
mitdb,113,113,,clean_after_5min,180,6,156.25000000,1080,11.12365723,150,1505,1505,1505,0,0,100.00000000,100.00000000,100.00000000,0.00000000,2.77777778,0.00000000,46.04073561,18.41971518,1505.15555556
mitdb,113,113,,clean_after_5min,180,7,78.12500000,1260,12.97760010,150,1505,1505,1505,0,0,100.00000000,100.00000000,100.00000000,0.00000000,2.77777778,0.00000000,23.26725216,24.34765833,1505.15555556
mitdb,113,113,,clean_after_5min,180,8,39.06250000,1440,14.83154297,150,1505,1505,1505,0,0,100.00000000,100.00000000,100.00000000,0.00000000,2.77777778,0.00000000,11.32861314,30.59902533,1505.15555556
mitdb,113,113,,clean_after_5min,180,9,19.53125000,1620,16.68548584,150,1505,1505,1505,0,0,100.00000000,100.00000000,100.00000000,0.00000000,2.77777778,0.00000000,5.63940806,36.65788985,1505.15555556
mitdb,113,113,,clean_after_5min,180,10,9.76562500,1800,18.53942871,150,1505,1505,1505,0,0,100.00000000,100.00000000,100.00000000,0.00000000,2.77777778,0.00000000,2.81742893,42.68550087,1505.15555556
mitdb,113,113,,clean_after_5min,180,11,4.88281250,1980,20.39337158,150,1505,1505,1505,0,0,100.00000000,100.00000000,100.00000000,0.00000000,2.77777778,0.00000000,1.40953597,48.70103700,1505.15555556
mitdb,113,113,,clean_after_5min,250,6,156.25000000,1500,15.44952393,150,1505,1505,1505,0,0,100.00000000,100.00000000,100.00000000,1.00000000,2.66666667,0.00000000,46.05005230,18.41864244,1505.15555556
mitdb,113,113,,clean_after_5min,250,7,78.12500000,1750,18.02444458,150,1505,1505,1505,0,0,100.00000000,100.00000000,100.00000000,1.00000000,2.66666667,0.00000000,23.26447852,24.34937855,1505.15555556
mitdb,113,113,,clean_after_5min,250,8,39.06250000,2000,20.59936523,150,1505,1505,1505,0,0,100.00000000,100.00000000,100.00000000,1.00000000,2.66666667,0.00000000,11.31874209,30.60728171,1505.15555556
mitdb,113,113,,clean_after_5min,250,9,19.53125000,2250,23.17428589,150,1505,1505,1505,0,0,100.00000000,100.00000000,100.00000000,1.00000000,2.66666667,0.00000000,5.64091336,36.65625640,1505.15555556
mitdb,113,113,,clean_after_5min,250,10,9.76562500,2500,25.74920654,150,1505,1505,1505,0,0,100.00000000,100.00000000,100.00000000,1.00000000,2.66666667,0.00000000,2.81944345,42.67997722,1505.15555556
mitdb,113,113,,clean_after_5min,250,11,4.88281250,2750,28.32412720,150,1505,1505,1505,0,0,100.00000000,100.00000000,100.00000000,1.00000000,2.66666667,0.00000000,1.40981269,48.70001666,1505.15555556
mitdb,113,113,,clean_after_5min,360,6,156.25000000,2160,22.24731445,150,1505,1505,1505,0,0,100.00000000,100.00000000,100.00000000,0.00000000,0.00000000,0.00000000,46.04513729,18.41562653,1505.15555556
mitdb,113,113,,clean_after_5min,360,7,78.12500000,2520,25.95520020,150,1505,1505,1505,0,0,100.00000000,100.00000000,100.00000000,0.00000000,0.00000000,0.00000000,23.27288427,24.34229778,1505.15555556
mitdb,113,113,,clean_after_5min,360,8,39.06250000,2880,29.66308594,150,1505,1505,1505,0,0,100.00000000,100.00000000,100.00000000,0.00000000,0.00000000,0.00000000,11.32278838,30.60023417,1505.15555556
mitdb,113,113,,clean_after_5min,360,9,19.53125000,3240,33.37097168,150,1505,1505,1505,0,0,100.00000000,100.00000000,100.00000000,0.00000000,0.00000000,0.00000000,5.64161896,36.65122697,1505.15555556
mitdb,113,113,,clean_after_5min,360,10,9.76562500,3600,37.07885742,150,1505,1505,1505,0,0,100.00000000,100.00000000,100.00000000,0.00000000,0.00000000,0.00000000,2.81855965,42.67875736,1505.15555556
mitdb,113,113,,clean_after_5min,360,11,4.88281250,3960,40.78674316,150,1505,1505,1505,0,0,100.00000000,100.00000000,100.00000000,0.00000000,0.00000000,0.00000000,1.40959932,48.69738836,1505.15555556
mitdb,114,114,,clean_after_5min,100,6,156.25000000,600,6.17980957,75,1603,2561,1073,1488,530,66.93699314,41.89769621,51.53698367,30.55555556,71.66666667,0.00000000,44.69336333,8.70316919,1505.15555556
mitdb,114,114,,clean_after_5min,100,7,78.12500000,700,7.20977783,75,1603,2330,1383,947,220,86.27573300,59.35622318,70.32799390,26.66666667,70.00000000,0.00000000,22.23449088,14.76748616,1505.15555556
mitdb,114,114,,clean_after_5min,100,8,39.06250000,800,8.23974609,75,1603,2365,1429,936,174,89.14535246,60.42283298,72.02620968,31.11111111,71.11111111,0.00000000,11.29797751,20.64801583,1505.15555556
mitdb,114,114,,clean_after_5min,100,9,19.53125000,900,9.26971436,75,1603,2396,1426,970,177,88.95820337,59.51585977,71.31782946,31.66666667,71.11111111,0.00000000,5.64332287,26.67733198,1505.15555556
mitdb,114,114,,clean_after_5min,100,10,9.76562500,1000,10.29968262,75,1603,2432,1419,1013,184,88.52152215,58.34703947,70.33457249,31.66666667,71.11111111,0.00000000,2.81816798,32.70869243,1505.15555556
mitdb,114,114,,clean_after_5min,100,11,4.88281250,1100,11.32965088,75,1603,2377,1430,947,173,89.20773550,60.15986538,71.85929648,30.27777778,70.55555556,0.00000000,1.40695839,38.74240485,1505.15555556
mitdb,114,114,,clean_after_5min,125,6,156.25000000,750,7.72476196,75,1603,2228,1298,930,305,80.97317530,58.25852783,67.76298617,14.27777778,53.23888889,0.00000000,44.69468889,8.70300172,1505.15555556
mitdb,114,114,,clean_after_5min,125,7,78.12500000,875,9.01222229,75,1603,1987,1416,571,187,88.33437305,71.26321087,78.88579387,9.38888889,48.44444444,0.00000000,22.23719921,14.76651836,1505.15555556
mitdb,114,114,,clean_after_5min,125,8,39.06250000,1000,10.29968262,75,1603,2014,1442,572,161,89.95633188,71.59880834,79.73458667,9.50000000,48.77222222,0.00000000,11.29600799,20.64962027,1505.15555556
mitdb,114,114,,clean_after_5min,125,9,19.53125000,1125,11.58714294,75,1603,1998,1424,574,179,88.83343731,71.27127127,79.08914191,8.77777778,48.31666667,0.00000000,5.63920141,26.68376798,1505.15555556
mitdb,114,114,,clean_after_5min,125,10,9.76562500,1250,12.87460327,75,1603,2022,1451,571,152,90.51777916,71.76063304,80.05517241,9.00000000,48.22222222,0.00000000,2.81458063,32.71984621,1505.15555556
mitdb,114,114,,clean_after_5min,125,11,4.88281250,1375,14.16206360,75,1603,2031,1448,583,155,90.33063007,71.29492861,79.69179967,9.11111111,48.29444444,0.00000000,1.41167164,38.71344628,1505.15555556
mitdb,114,114,,clean_after_5min,180,6,156.25000000,1080,11.12365723,75,1603,2071,1402,669,201,87.46101061,67.69676485,76.32008710,38.88888889,47.22222222,0.00000000,44.68200866,8.70410592,1505.15555556
mitdb,114,114,,clean_after_5min,180,7,78.12500000,1260,12.97760010,75,1603,1571,1453,118,150,90.64254523,92.48886060,91.55639572,36.11111111,47.22222222,0.00000000,22.25340171,14.75883153,1505.15555556
mitdb,114,114,,clean_after_5min,180,8,39.06250000,1440,14.83154297,75,1603,1432,1298,134,305,80.97317530,90.64245810,85.53542010,36.11111111,44.44444444,0.00000000,11.29317653,20.65043735,1505.15555556
mitdb,114,114,,clean_after_5min,180,9,19.53125000,1620,16.68548584,75,1603,1429,1283,146,320,80.03742982,89.78306508,84.63060686,33.33333333,44.44444444,0.00000000,5.64044756,26.68048837,1505.15555556
mitdb,114,114,,clean_after_5min,180,10,9.76562500,1800,18.53942871,75,1603,1396,1293,103,310,80.66126014,92.62177650,86.22874291,36.11111111,44.44444444,0.00000000,2.81942312,32.70355454,1505.15555556
mitdb,114,114,,clean_after_5min,180,11,4.88281250,1980,20.39337158,75,1603,1438,1289,149,314,80.41172801,89.63838665,84.77474515,36.11111111,44.44444444,0.00000000,1.40831022,38.73279308,1505.15555556
mitdb,114,114,,clean_after_5min,250,6,156.25000000,1500,15.44952393,75,1603,1858,1490,368,113,92.95071740,80.19375673,86.10228258,38.05555556,45.61666667,0.00000000,44.69461821,8.70157858,1505.15555556
mitdb,114,114,,clean_after_5min,250,7,78.12500000,1750,18.02444458,75,1603,1545,1538,7,65,95.94510293,99.54692557,97.71283355,37.77777778,43.66666667,0.00000000,22.23941254,14.76421700,1505.15555556
mitdb,114,114,,clean_after_5min,250,8,39.06250000,2000,20.59936523,75,1603,1550,1548,2,55,96.56893325,99.87096774,98.19219791,38.00000000,43.22222222,0.00000000,11.29368410,20.64997050,1505.15555556
mitdb,114,114,,clean_after_5min,250,9,19.53125000,2250,23.17428589,75,1603,1543,1541,2,62,96.13225203,99.87038237,97.96567069,37.88888889,43.11111111,0.00000000,5.64461672,26.67399405,1505.15555556
mitdb,114,114,,clean_after_5min,250,10,9.76562500,2500,25.74920654,75,1603,1543,1541,2,62,96.13225203,99.87038237,97.96567069,37.88888889,43.00000000,0.00000000,2.81580073,32.71464487,1505.15555556
mitdb,114,114,,clean_after_5min,250,11,4.88281250,2750,28.32412720,75,1603,1544,1542,2,61,96.19463506,99.87046632,97.99809342,38.00000000,43.11111111,0.00000000,1.41004042,38.72205194,1505.15555556
mitdb,114,114,,clean_after_5min,360,6,156.25000000,2160,22.24731445,75,1603,1606,1586,20,17,98.93948846,98.75466999,98.84699283,33.33333333,38.88888889,0.00000000,44.68684996,8.69991222,1505.15555556
mitdb,114,114,,clean_after_5min,360,7,78.12500000,2520,25.95520020,75,1603,1596,1594,2,9,99.43855271,99.87468672,99.65614254,33.33333333,38.88888889,0.00000000,22.25310981,14.75569283,1505.15555556
mitdb,114,114,,clean_after_5min,360,8,39.06250000,2880,29.66308594,75,1603,1592,1591,1,12,99.25140362,99.93718593,99.59311424,33.33333333,38.88888889,0.00000000,11.28887937,20.65049040,1505.15555556
mitdb,114,114,,clean_after_5min,360,9,19.53125000,3240,33.37097168,75,1603,1595,1594,1,9,99.43855271,99.93730408,99.68730457,33.33333333,38.88888889,0.00000000,5.64427119,26.67134960,1505.15555556
mitdb,114,114,,clean_after_5min,360,10,9.76562500,3600,37.07885742,75,1603,1595,1594,1,9,99.43855271,99.93730408,99.68730457,33.33333333,38.88888889,0.00000000,2.81914275,32.70116569,1505.15555556
mitdb,114,114,,clean_after_5min,360,11,4.88281250,3960,40.78674316,75,1603,1595,1594,1,9,99.43855271,99.93730408,99.68730457,33.33333333,38.88888889,0.00000000,1.40800890,38.73139906,1505.15555556
mitdb,114,114,,clean_after_5min,100,6,156.25000000,600,6.17980957,150,1603,2561,1433,1128,170,89.39488459,55.95470519,68.82804995,45.55555556,98.33333333,0.00000000,44.69336333,8.70316919,1505.15555556
mitdb,114,114,,clean_after_5min,100,7,78.12500000,700,7.20977783,150,1603,2330,1453,877,150,90.64254523,62.36051502,73.88761759,30.55555556,74.44444444,0.00000000,22.23449088,14.76748616,1505.15555556
mitdb,114,114,,clean_after_5min,100,8,39.06250000,800,8.23974609,150,1603,2365,1499,866,104,93.51216469,63.38266385,75.55443548,33.33333333,74.44444444,0.00000000,11.29797751,20.64801583,1505.15555556
mitdb,114,114,,clean_after_5min,100,9,19.53125000,900,9.26971436,150,1603,2396,1496,900,107,93.32501560,62.43739566,74.81870468,33.88888889,74.44444444,0.00000000,5.64332287,26.67733198,1505.15555556
mitdb,114,114,,clean_after_5min,100,10,9.76562500,1000,10.29968262,150,1603,2432,1488,944,115,92.82595134,61.18421053,73.75464684,33.88888889,74.44444444,0.00000000,2.81816798,32.70869243,1505.15555556
mitdb,114,114,,clean_after_5min,100,11,4.88281250,1100,11.32965088,150,1603,2377,1496,881,107,93.32501560,62.93647455,75.17587940,32.50000000,73.88888889,0.00000000,1.40695839,38.74240485,1505.15555556
mitdb,114,114,,clean_after_5min,125,6,156.25000000,750,7.72476196,150,1603,2228,1489,739,114,92.88833437,66.83123878,77.73427304,26.11111111,92.73333333,0.00000000,44.69468889,8.70300172,1505.15555556
mitdb,114,114,,clean_after_5min,125,7,78.12500000,875,9.01222229,150,1603,1987,1432,555,171,89.33250156,72.06844489,79.77715877,10.11111111,49.26111111,0.00000000,22.23719921,14.76651836,1505.15555556
mitdb,114,114,,clean_after_5min,125,8,39.06250000,1000,10.29968262,150,1603,2014,1454,560,149,90.70492826,72.19463754,80.39811999,9.88888889,49.37222222,0.00000000,11.29600799,20.64962027,1505.15555556
mitdb,114,114,,clean_after_5min,125,9,19.53125000,1125,11.58714294,150,1603,1998,1430,568,173,89.20773550,71.57157157,79.42238267,8.88888889,48.55555556,0.00000000,5.63920141,26.68376798,1505.15555556
mitdb,114,114,,clean_after_5min,125,10,9.76562500,1250,12.87460327,150,1603,2022,1454,568,149,90.70492826,71.90900099,80.22068966,9.11111111,48.37222222,0.00000000,2.81458063,32.71984621,1505.15555556
mitdb,114,114,,clean_after_5min,125,11,4.88281250,1375,14.16206360,150,1603,2031,1454,577,149,90.70492826,71.59034958,80.02201431,9.22222222,48.55555556,0.00000000,1.41167164,38.71344628,1505.15555556
mitdb,114,114,,clean_after_5min,180,6,156.25000000,1080,11.12365723,150,1603,2071,1496,575,107,93.32501560,72.23563496,81.43712575,38.88888889,77.77777778,0.00000000,44.68200866,8.70410592,1505.15555556
mitdb,114,114,,clean_after_5min,180,7,78.12500000,1260,12.97760010,150,1603,1571,1466,105,137,91.45352464,93.31635901,92.37555135,36.11111111,47.22222222,0.00000000,22.25340171,14.75883153,1505.15555556
mitdb,114,114,,clean_after_5min,180,8,39.06250000,1440,14.83154297,150,1603,1432,1298,134,305,80.97317530,90.64245810,85.53542010,36.11111111,44.44444444,0.00000000,11.29317653,20.65043735,1505.15555556
mitdb,114,114,,clean_after_5min,180,9,19.53125000,1620,16.68548584,150,1603,1429,1283,146,320,80.03742982,89.78306508,84.63060686,33.33333333,44.44444444,0.00000000,5.64044756,26.68048837,1505.15555556
mitdb,114,114,,clean_after_5min,180,10,9.76562500,1800,18.53942871,150,1603,1396,1293,103,310,80.66126014,92.62177650,86.22874291,36.11111111,44.44444444,0.00000000,2.81942312,32.70355454,1505.15555556
mitdb,114,114,,clean_after_5min,180,11,4.88281250,1980,20.39337158,150,1603,1438,1289,149,314,80.41172801,89.63838665,84.77474515,36.11111111,44.44444444,0.00000000,1.40831022,38.73279308,1505.15555556
mitdb,114,114,,clean_after_5min,250,6,156.25000000,1500,15.44952393,150,1603,1858,1533,325,70,95.63318777,82.50807320,88.58711355,38.22222222,65.88888889,0.00000000,44.69461821,8.70157858,1505.15555556
mitdb,114,114,,clean_after_5min,250,7,78.12500000,1750,18.02444458,150,1603,1545,1538,7,65,95.94510293,99.54692557,97.71283355,37.77777778,43.66666667,0.00000000,22.23941254,14.76421700,1505.15555556
mitdb,114,114,,clean_after_5min,250,8,39.06250000,2000,20.59936523,150,1603,1550,1548,2,55,96.56893325,99.87096774,98.19219791,38.00000000,43.22222222,0.00000000,11.29368410,20.64997050,1505.15555556
mitdb,114,114,,clean_after_5min,250,9,19.53125000,2250,23.17428589,150,1603,1543,1541,2,62,96.13225203,99.87038237,97.96567069,37.88888889,43.11111111,0.00000000,5.64461672,26.67399405,1505.15555556
mitdb,114,114,,clean_after_5min,250,10,9.76562500,2500,25.74920654,150,1603,1543,1541,2,62,96.13225203,99.87038237,97.96567069,37.88888889,43.00000000,0.00000000,2.81580073,32.71464487,1505.15555556
mitdb,114,114,,clean_after_5min,250,11,4.88281250,2750,28.32412720,150,1603,1544,1542,2,61,96.19463506,99.87046632,97.99809342,38.00000000,43.11111111,0.00000000,1.41004042,38.72205194,1505.15555556
mitdb,114,114,,clean_after_5min,360,6,156.25000000,2160,22.24731445,150,1603,1606,1588,18,15,99.06425452,98.87920299,98.97164226,33.33333333,38.88888889,0.00000000,44.68684996,8.69991222,1505.15555556
mitdb,114,114,,clean_after_5min,360,7,78.12500000,2520,25.95520020,150,1603,1596,1594,2,9,99.43855271,99.87468672,99.65614254,33.33333333,38.88888889,0.00000000,22.25310981,14.75569283,1505.15555556
mitdb,114,114,,clean_after_5min,360,8,39.06250000,2880,29.66308594,150,1603,1592,1591,1,12,99.25140362,99.93718593,99.59311424,33.33333333,38.88888889,0.00000000,11.28887937,20.65049040,1505.15555556
mitdb,114,114,,clean_after_5min,360,9,19.53125000,3240,33.37097168,150,1603,1595,1594,1,9,99.43855271,99.93730408,99.68730457,33.33333333,38.88888889,0.00000000,5.64427119,26.67134960,1505.15555556
mitdb,114,114,,clean_after_5min,360,10,9.76562500,3600,37.07885742,150,1603,1595,1594,1,9,99.43855271,99.93730408,99.68730457,33.33333333,38.88888889,0.00000000,2.81914275,32.70116569,1505.15555556
mitdb,114,114,,clean_after_5min,360,11,4.88281250,3960,40.78674316,150,1603,1595,1594,1,9,99.43855271,99.93730408,99.68730457,33.33333333,38.88888889,0.00000000,1.40800890,38.73139906,1505.15555556
mitdb,115,115,,clean_after_5min,100,6,156.25000000,600,6.17980957,75,1636,1636,1636,0,0,100.00000000,100.00000000,100.00000000,6.38888889,65.55555556,0.00000000,42.53591915,17.18955139,1505.15555556
mitdb,115,115,,clean_after_5min,100,7,78.12500000,700,7.20977783,75,1636,1636,1636,0,0,100.00000000,100.00000000,100.00000000,6.66666667,65.00000000,0.00000000,22.69983781,22.64421275,1505.15555556
mitdb,115,115,,clean_after_5min,100,8,39.06250000,800,8.23974609,75,1636,1636,1636,0,0,100.00000000,100.00000000,100.00000000,6.66666667,65.00000000,0.00000000,11.26990149,28.72626543,1505.15555556
mitdb,115,115,,clean_after_5min,100,9,19.53125000,900,9.26971436,75,1636,1636,1636,0,0,100.00000000,100.00000000,100.00000000,6.66666667,65.00000000,0.00000000,5.63144908,34.75226460,1505.15555556
mitdb,115,115,,clean_after_5min,100,10,9.76562500,1000,10.29968262,75,1636,1636,1636,0,0,100.00000000,100.00000000,100.00000000,6.66666667,65.00000000,0.00000000,2.81859115,40.76402616,1505.15555556
mitdb,115,115,,clean_after_5min,100,11,4.88281250,1100,11.32965088,75,1636,1636,1636,0,0,100.00000000,100.00000000,100.00000000,6.66666667,65.00000000,0.00000000,1.40986116,46.78114090,1505.15555556
mitdb,115,115,,clean_after_5min,125,6,156.25000000,750,7.72476196,75,1636,1636,1636,0,0,100.00000000,100.00000000,100.00000000,2.44444444,6.36111111,0.00000000,42.56835631,17.18297513,1505.15555556
mitdb,115,115,,clean_after_5min,125,7,78.12500000,875,9.01222229,75,1636,1636,1636,0,0,100.00000000,100.00000000,100.00000000,2.33333333,6.22222222,0.00000000,22.70638186,22.64175400,1505.15555556
mitdb,115,115,,clean_after_5min,125,8,39.06250000,1000,10.29968262,75,1636,1636,1636,0,0,100.00000000,100.00000000,100.00000000,2.33333333,6.22222222,0.00000000,11.25963810,28.73422411,1505.15555556
mitdb,115,115,,clean_after_5min,125,9,19.53125000,1125,11.58714294,75,1636,1636,1636,0,0,100.00000000,100.00000000,100.00000000,2.33333333,6.22222222,0.00000000,5.63553467,34.74601023,1505.15555556
mitdb,115,115,,clean_after_5min,125,10,9.76562500,1250,12.87460327,75,1636,1636,1636,0,0,100.00000000,100.00000000,100.00000000,2.33333333,6.22222222,0.00000000,2.81858959,40.76407587,1505.15555556
mitdb,115,115,,clean_after_5min,125,11,4.88281250,1375,14.16206360,75,1636,1636,1636,0,0,100.00000000,100.00000000,100.00000000,2.33333333,6.22222222,0.00000000,1.40867520,46.78849540,1505.15555556
mitdb,115,115,,clean_after_5min,180,6,156.25000000,1080,11.12365723,75,1636,1636,1636,0,0,100.00000000,100.00000000,100.00000000,2.77777778,5.55555556,0.00000000,42.55921654,17.18334900,1505.15555556
mitdb,115,115,,clean_after_5min,180,7,78.12500000,1260,12.97760010,75,1636,1636,1636,0,0,100.00000000,100.00000000,100.00000000,2.77777778,2.77777778,0.00000000,22.69607239,22.64420733,1505.15555556
mitdb,115,115,,clean_after_5min,180,8,39.06250000,1440,14.83154297,75,1636,1636,1636,0,0,100.00000000,100.00000000,100.00000000,2.77777778,2.77777778,0.00000000,11.27484967,28.72100628,1505.15555556
mitdb,115,115,,clean_after_5min,180,9,19.53125000,1620,16.68548584,75,1636,1636,1636,0,0,100.00000000,100.00000000,100.00000000,2.77777778,2.77777778,0.00000000,5.62741353,34.75704488,1505.15555556
mitdb,115,115,,clean_after_5min,180,10,9.76562500,1800,18.53942871,75,1636,1636,1636,0,0,100.00000000,100.00000000,100.00000000,2.77777778,2.77777778,0.00000000,2.81950479,40.75976474,1505.15555556
mitdb,115,115,,clean_after_5min,180,11,4.88281250,1980,20.39337158,75,1636,1636,1636,0,0,100.00000000,100.00000000,100.00000000,2.77777778,2.77777778,0.00000000,1.40796450,46.79138742,1505.15555556
mitdb,115,115,,clean_after_5min,250,6,156.25000000,1500,15.44952393,75,1636,1636,1636,0,0,100.00000000,100.00000000,100.00000000,1.22222222,3.22222222,0.00000000,42.55105404,17.18626985,1505.15555556
mitdb,115,115,,clean_after_5min,250,7,78.12500000,1750,18.02444458,75,1636,1636,1636,0,0,100.00000000,100.00000000,100.00000000,1.22222222,3.11111111,0.00000000,22.69715580,22.64504752,1505.15555556
mitdb,115,115,,clean_after_5min,250,8,39.06250000,2000,20.59936523,75,1636,1636,1636,0,0,100.00000000,100.00000000,100.00000000,1.22222222,3.11111111,0.00000000,11.26996630,28.72602395,1505.15555556
mitdb,115,115,,clean_after_5min,250,9,19.53125000,2250,23.17428589,75,1636,1636,1636,0,0,100.00000000,100.00000000,100.00000000,1.22222222,3.11111111,0.00000000,5.63552693,34.74578571,1505.15555556
mitdb,115,115,,clean_after_5min,250,10,9.76562500,2500,25.74920654,75,1636,1636,1636,0,0,100.00000000,100.00000000,100.00000000,1.22222222,3.11111111,0.00000000,2.81796738,40.76575707,1505.15555556
mitdb,115,115,,clean_after_5min,250,11,4.88281250,2750,28.32412720,75,1636,1636,1636,0,0,100.00000000,100.00000000,100.00000000,1.22222222,3.11111111,0.00000000,1.40786946,46.79322851,1505.15555556
mitdb,115,115,,clean_after_5min,360,6,156.25000000,2160,22.24731445,75,1636,1636,1636,0,0,100.00000000,100.00000000,100.00000000,0.00000000,2.77777778,0.00000000,42.56706113,17.17718882,1505.15555556
mitdb,115,115,,clean_after_5min,360,7,78.12500000,2520,25.95520020,75,1636,1636,1636,0,0,100.00000000,100.00000000,100.00000000,0.00000000,2.77777778,0.00000000,22.69421954,22.64035713,1505.15555556
mitdb,115,115,,clean_after_5min,360,8,39.06250000,2880,29.66308594,75,1636,1636,1636,0,0,100.00000000,100.00000000,100.00000000,0.00000000,2.77777778,0.00000000,11.27338599,28.71757462,1505.15555556
mitdb,115,115,,clean_after_5min,360,9,19.53125000,3240,33.37097168,75,1636,1636,1636,0,0,100.00000000,100.00000000,100.00000000,0.00000000,2.77777778,0.00000000,5.63240917,34.74477823,1505.15555556
mitdb,115,115,,clean_after_5min,360,10,9.76562500,3600,37.07885742,75,1636,1636,1636,0,0,100.00000000,100.00000000,100.00000000,0.00000000,2.77777778,0.00000000,2.81876828,40.75747465,1505.15555556
mitdb,115,115,,clean_after_5min,360,11,4.88281250,3960,40.78674316,75,1636,1636,1636,0,0,100.00000000,100.00000000,100.00000000,0.00000000,2.77777778,0.00000000,1.40925143,46.77889249,1505.15555556
mitdb,115,115,,clean_after_5min,100,6,156.25000000,600,6.17980957,150,1636,1636,1636,0,0,100.00000000,100.00000000,100.00000000,6.38888889,65.55555556,0.00000000,42.53591915,17.18955139,1505.15555556
mitdb,115,115,,clean_after_5min,100,7,78.12500000,700,7.20977783,150,1636,1636,1636,0,0,100.00000000,100.00000000,100.00000000,6.66666667,65.00000000,0.00000000,22.69983781,22.64421275,1505.15555556
mitdb,115,115,,clean_after_5min,100,8,39.06250000,800,8.23974609,150,1636,1636,1636,0,0,100.00000000,100.00000000,100.00000000,6.66666667,65.00000000,0.00000000,11.26990149,28.72626543,1505.15555556
mitdb,115,115,,clean_after_5min,100,9,19.53125000,900,9.26971436,150,1636,1636,1636,0,0,100.00000000,100.00000000,100.00000000,6.66666667,65.00000000,0.00000000,5.63144908,34.75226460,1505.15555556
mitdb,115,115,,clean_after_5min,100,10,9.76562500,1000,10.29968262,150,1636,1636,1636,0,0,100.00000000,100.00000000,100.00000000,6.66666667,65.00000000,0.00000000,2.81859115,40.76402616,1505.15555556
mitdb,115,115,,clean_after_5min,100,11,4.88281250,1100,11.32965088,150,1636,1636,1636,0,0,100.00000000,100.00000000,100.00000000,6.66666667,65.00000000,0.00000000,1.40986116,46.78114090,1505.15555556
mitdb,115,115,,clean_after_5min,125,6,156.25000000,750,7.72476196,150,1636,1636,1636,0,0,100.00000000,100.00000000,100.00000000,2.44444444,6.36111111,0.00000000,42.56835631,17.18297513,1505.15555556
mitdb,115,115,,clean_after_5min,125,7,78.12500000,875,9.01222229,150,1636,1636,1636,0,0,100.00000000,100.00000000,100.00000000,2.33333333,6.22222222,0.00000000,22.70638186,22.64175400,1505.15555556
mitdb,115,115,,clean_after_5min,125,8,39.06250000,1000,10.29968262,150,1636,1636,1636,0,0,100.00000000,100.00000000,100.00000000,2.33333333,6.22222222,0.00000000,11.25963810,28.73422411,1505.15555556
mitdb,115,115,,clean_after_5min,125,9,19.53125000,1125,11.58714294,150,1636,1636,1636,0,0,100.00000000,100.00000000,100.00000000,2.33333333,6.22222222,0.00000000,5.63553467,34.74601023,1505.15555556
mitdb,115,115,,clean_after_5min,125,10,9.76562500,1250,12.87460327,150,1636,1636,1636,0,0,100.00000000,100.00000000,100.00000000,2.33333333,6.22222222,0.00000000,2.81858959,40.76407587,1505.15555556
mitdb,115,115,,clean_after_5min,125,11,4.88281250,1375,14.16206360,150,1636,1636,1636,0,0,100.00000000,100.00000000,100.00000000,2.33333333,6.22222222,0.00000000,1.40867520,46.78849540,1505.15555556
mitdb,115,115,,clean_after_5min,180,6,156.25000000,1080,11.12365723,150,1636,1636,1636,0,0,100.00000000,100.00000000,100.00000000,2.77777778,5.55555556,0.00000000,42.55921654,17.18334900,1505.15555556
mitdb,115,115,,clean_after_5min,180,7,78.12500000,1260,12.97760010,150,1636,1636,1636,0,0,100.00000000,100.00000000,100.00000000,2.77777778,2.77777778,0.00000000,22.69607239,22.64420733,1505.15555556
mitdb,115,115,,clean_after_5min,180,8,39.06250000,1440,14.83154297,150,1636,1636,1636,0,0,100.00000000,100.00000000,100.00000000,2.77777778,2.77777778,0.00000000,11.27484967,28.72100628,1505.15555556
mitdb,115,115,,clean_after_5min,180,9,19.53125000,1620,16.68548584,150,1636,1636,1636,0,0,100.00000000,100.00000000,100.00000000,2.77777778,2.77777778,0.00000000,5.62741353,34.75704488,1505.15555556
mitdb,115,115,,clean_after_5min,180,10,9.76562500,1800,18.53942871,150,1636,1636,1636,0,0,100.00000000,100.00000000,100.00000000,2.77777778,2.77777778,0.00000000,2.81950479,40.75976474,1505.15555556
mitdb,115,115,,clean_after_5min,180,11,4.88281250,1980,20.39337158,150,1636,1636,1636,0,0,100.00000000,100.00000000,100.00000000,2.77777778,2.77777778,0.00000000,1.40796450,46.79138742,1505.15555556
mitdb,115,115,,clean_after_5min,250,6,156.25000000,1500,15.44952393,150,1636,1636,1636,0,0,100.00000000,100.00000000,100.00000000,1.22222222,3.22222222,0.00000000,42.55105404,17.18626985,1505.15555556
mitdb,115,115,,clean_after_5min,250,7,78.12500000,1750,18.02444458,150,1636,1636,1636,0,0,100.00000000,100.00000000,100.00000000,1.22222222,3.11111111,0.00000000,22.69715580,22.64504752,1505.15555556
mitdb,115,115,,clean_after_5min,250,8,39.06250000,2000,20.59936523,150,1636,1636,1636,0,0,100.00000000,100.00000000,100.00000000,1.22222222,3.11111111,0.00000000,11.26996630,28.72602395,1505.15555556
mitdb,115,115,,clean_after_5min,250,9,19.53125000,2250,23.17428589,150,1636,1636,1636,0,0,100.00000000,100.00000000,100.00000000,1.22222222,3.11111111,0.00000000,5.63552693,34.74578571,1505.15555556
mitdb,115,115,,clean_after_5min,250,10,9.76562500,2500,25.74920654,150,1636,1636,1636,0,0,100.00000000,100.00000000,100.00000000,1.22222222,3.11111111,0.00000000,2.81796738,40.76575707,1505.15555556
mitdb,115,115,,clean_after_5min,250,11,4.88281250,2750,28.32412720,150,1636,1636,1636,0,0,100.00000000,100.00000000,100.00000000,1.22222222,3.11111111,0.00000000,1.40786946,46.79322851,1505.15555556
mitdb,115,115,,clean_after_5min,360,6,156.25000000,2160,22.24731445,150,1636,1636,1636,0,0,100.00000000,100.00000000,100.00000000,0.00000000,2.77777778,0.00000000,42.56706113,17.17718882,1505.15555556
mitdb,115,115,,clean_after_5min,360,7,78.12500000,2520,25.95520020,150,1636,1636,1636,0,0,100.00000000,100.00000000,100.00000000,0.00000000,2.77777778,0.00000000,22.69421954,22.64035713,1505.15555556
mitdb,115,115,,clean_after_5min,360,8,39.06250000,2880,29.66308594,150,1636,1636,1636,0,0,100.00000000,100.00000000,100.00000000,0.00000000,2.77777778,0.00000000,11.27338599,28.71757462,1505.15555556
mitdb,115,115,,clean_after_5min,360,9,19.53125000,3240,33.37097168,150,1636,1636,1636,0,0,100.00000000,100.00000000,100.00000000,0.00000000,2.77777778,0.00000000,5.63240917,34.74477823,1505.15555556
mitdb,115,115,,clean_after_5min,360,10,9.76562500,3600,37.07885742,150,1636,1636,1636,0,0,100.00000000,100.00000000,100.00000000,0.00000000,2.77777778,0.00000000,2.81876828,40.75747465,1505.15555556
mitdb,115,115,,clean_after_5min,360,11,4.88281250,3960,40.78674316,150,1636,1636,1636,0,0,100.00000000,100.00000000,100.00000000,0.00000000,2.77777778,0.00000000,1.40925143,46.77889249,1505.15555556
mitdb,116,116,,clean_after_5min,100,6,156.25000000,600,6.17980957,75,2016,1996,1912,84,104,94.84126984,95.79158317,95.31405783,59.44444444,64.44444444,0.00000000,45.21667407,21.29850642,1505.15555556
mitdb,116,116,,clean_after_5min,100,7,78.12500000,700,7.20977783,75,2016,1996,1915,81,101,94.99007937,95.94188377,95.46360917,59.44444444,64.44444444,0.00000000,22.57463784,27.33206287,1505.15555556
mitdb,116,116,,clean_after_5min,100,8,39.06250000,800,8.23974609,75,2016,1996,1913,83,103,94.89087302,95.84168337,95.36390828,59.44444444,64.44444444,0.00000000,11.26966763,33.36625655,1505.15555556
mitdb,116,116,,clean_after_5min,100,9,19.53125000,900,9.26971436,75,2016,1996,1913,83,103,94.89087302,95.84168337,95.36390828,59.44444444,64.44444444,0.00000000,5.62848825,39.39664342,1505.15555556
mitdb,116,116,,clean_after_5min,100,10,9.76562500,1000,10.29968262,75,2016,1996,1913,83,103,94.89087302,95.84168337,95.36390828,59.44444444,64.44444444,0.00000000,2.82210148,45.39302616,1505.15555556
mitdb,116,116,,clean_after_5min,100,11,4.88281250,1100,11.32965088,75,2016,1996,1913,83,103,94.89087302,95.84168337,95.36390828,59.44444444,64.44444444,0.00000000,1.41050183,51.41700565,1505.15555556
mitdb,116,116,,clean_after_5min,125,6,156.25000000,750,7.72476196,75,2016,1994,1988,6,28,98.61111111,99.69909729,99.15211970,2.11111111,5.88888889,0.00000000,45.20100863,21.30165150,1505.15555556
mitdb,116,116,,clean_after_5min,125,7,78.12500000,875,9.01222229,75,2016,1995,1990,5,26,98.71031746,99.74937343,99.22712541,2.11111111,6.00000000,0.00000000,22.56884833,27.33442606,1505.15555556
mitdb,116,116,,clean_after_5min,125,8,39.06250000,1000,10.29968262,75,2016,1995,1990,5,26,98.71031746,99.74937343,99.22712541,2.11111111,6.11111111,0.00000000,11.27224566,33.36440512,1505.15555556
mitdb,116,116,,clean_after_5min,125,9,19.53125000,1125,11.58714294,75,2016,1995,1990,5,26,98.71031746,99.74937343,99.22712541,2.11111111,5.88888889,0.00000000,5.63769451,39.38258323,1505.15555556
mitdb,116,116,,clean_after_5min,125,10,9.76562500,1250,12.87460327,75,2016,1995,1990,5,26,98.71031746,99.74937343,99.22712541,2.11111111,5.95000000,0.00000000,2.82334940,45.38932149,1505.15555556
mitdb,116,116,,clean_after_5min,125,11,4.88281250,1375,14.16206360,75,2016,1995,1990,5,26,98.71031746,99.74937343,99.22712541,2.11111111,5.95000000,0.00000000,1.40752198,51.43551031,1505.15555556
mitdb,116,116,,clean_after_5min,180,6,156.25000000,1080,11.12365723,75,2016,1995,1992,3,24,98.80952381,99.84962406,99.32685116,2.77777778,2.77777778,0.00000000,45.22899401,21.29453079,1505.15555556
mitdb,116,116,,clean_after_5min,180,7,78.12500000,1260,12.97760010,75,2016,1995,1992,3,24,98.80952381,99.84962406,99.32685116,2.77777778,2.77777778,0.00000000,22.56801570,27.33300185,1505.15555556
mitdb,116,116,,clean_after_5min,180,8,39.06250000,1440,14.83154297,75,2016,1995,1992,3,24,98.80952381,99.84962406,99.32685116,2.77777778,2.77777778,0.00000000,11.27165141,33.36311838,1505.15555556
mitdb,116,116,,clean_after_5min,180,9,19.53125000,1620,16.68548584,75,2016,1995,1992,3,24,98.80952381,99.84962406,99.32685116,2.77777778,2.77777778,0.00000000,5.63178514,39.38994780,1505.15555556
mitdb,116,116,,clean_after_5min,180,10,9.76562500,1800,18.53942871,75,2016,1995,1992,3,24,98.80952381,99.84962406,99.32685116,2.77777778,2.77777778,0.00000000,2.82221756,45.39105956,1505.15555556
mitdb,116,116,,clean_after_5min,180,11,4.88281250,1980,20.39337158,75,2016,1995,1992,3,24,98.80952381,99.84962406,99.32685116,2.77777778,2.77777778,0.00000000,1.40897871,51.42478076,1505.15555556
mitdb,116,116,,clean_after_5min,250,6,156.25000000,1500,15.44952393,75,2016,1995,1992,3,24,98.80952381,99.84962406,99.32685116,1.00000000,2.77777778,0.00000000,45.21031338,21.29902953,1505.15555556
mitdb,116,116,,clean_after_5min,250,7,78.12500000,1750,18.02444458,75,2016,1995,1992,3,24,98.80952381,99.84962406,99.32685116,1.00000000,2.77777778,0.00000000,22.57374639,27.33170705,1505.15555556
mitdb,116,116,,clean_after_5min,250,8,39.06250000,2000,20.59936523,75,2016,1995,1992,3,24,98.80952381,99.84962406,99.32685116,1.00000000,2.77777778,0.00000000,11.26130501,33.37200545,1505.15555556
mitdb,116,116,,clean_after_5min,250,9,19.53125000,2250,23.17428589,75,2016,1995,1992,3,24,98.80952381,99.84962406,99.32685116,1.00000000,2.77777778,0.00000000,5.63773385,39.38168850,1505.15555556
mitdb,116,116,,clean_after_5min,250,10,9.76562500,2500,25.74920654,75,2016,1995,1992,3,24,98.80952381,99.84962406,99.32685116,1.00000000,2.77777778,0.00000000,2.82187018,45.39303927,1505.15555556
mitdb,116,116,,clean_after_5min,250,11,4.88281250,2750,28.32412720,75,2016,1995,1992,3,24,98.80952381,99.84962406,99.32685116,1.00000000,2.77777778,0.00000000,1.40918734,51.42440520,1505.15555556
mitdb,116,116,,clean_after_5min,360,6,156.25000000,2160,22.24731445,75,2016,1995,1993,2,23,98.85912698,99.89974937,99.37671404,0.00000000,2.77777778,0.00000000,45.23121342,21.28959185,1505.15555556
mitdb,116,116,,clean_after_5min,360,7,78.12500000,2520,25.95520020,75,2016,1995,1993,2,23,98.85912698,99.89974937,99.37671404,0.00000000,2.77777778,0.00000000,22.57949118,27.32407361,1505.15555556
mitdb,116,116,,clean_after_5min,360,8,39.06250000,2880,29.66308594,75,2016,1995,1993,2,23,98.85912698,99.89974937,99.37671404,0.00000000,2.77777778,0.00000000,11.26853210,33.36100971,1505.15555556
mitdb,116,116,,clean_after_5min,360,9,19.53125000,3240,33.37097168,75,2016,1995,1993,2,23,98.85912698,99.89974937,99.37671404,0.00000000,2.77777778,0.00000000,5.63211789,39.38492189,1505.15555556
mitdb,116,116,,clean_after_5min,360,10,9.76562500,3600,37.07885742,75,2016,1995,1993,2,23,98.85912698,99.89974937,99.37671404,0.00000000,2.77777778,0.00000000,2.82050749,45.39181149,1505.15555556
mitdb,116,116,,clean_after_5min,360,11,4.88281250,3960,40.78674316,75,2016,1995,1993,2,23,98.85912698,99.89974937,99.37671404,0.00000000,2.77777778,0.00000000,1.40902619,51.41997534,1505.15555556
mitdb,116,116,,clean_after_5min,100,6,156.25000000,600,6.17980957,150,2016,1996,1992,4,24,98.80952381,99.79959920,99.30209372,59.44444444,66.36111111,0.00000000,45.21667407,21.29850642,1505.15555556
mitdb,116,116,,clean_after_5min,100,7,78.12500000,700,7.20977783,150,2016,1996,1991,5,25,98.75992063,99.74949900,99.25224327,59.44444444,65.83333333,0.00000000,22.57463784,27.33206287,1505.15555556
mitdb,116,116,,clean_after_5min,100,8,39.06250000,800,8.23974609,150,2016,1996,1991,5,25,98.75992063,99.74949900,99.25224327,59.44444444,65.83333333,0.00000000,11.26966763,33.36625655,1505.15555556
mitdb,116,116,,clean_after_5min,100,9,19.53125000,900,9.26971436,150,2016,1996,1991,5,25,98.75992063,99.74949900,99.25224327,59.44444444,65.55555556,0.00000000,5.62848825,39.39664342,1505.15555556
mitdb,116,116,,clean_after_5min,100,10,9.76562500,1000,10.29968262,150,2016,1996,1991,5,25,98.75992063,99.74949900,99.25224327,59.44444444,65.55555556,0.00000000,2.82210148,45.39302616,1505.15555556
mitdb,116,116,,clean_after_5min,100,11,4.88281250,1100,11.32965088,150,2016,1996,1991,5,25,98.75992063,99.74949900,99.25224327,59.44444444,65.55555556,0.00000000,1.41050183,51.41700565,1505.15555556
mitdb,116,116,,clean_after_5min,125,6,156.25000000,750,7.72476196,150,2016,1994,1992,2,24,98.80952381,99.89969910,99.35162095,2.11111111,6.05000000,0.00000000,45.20100863,21.30165150,1505.15555556
mitdb,116,116,,clean_after_5min,125,7,78.12500000,875,9.01222229,150,2016,1995,1993,2,23,98.85912698,99.89974937,99.37671404,2.11111111,6.15555556,0.00000000,22.56884833,27.33442606,1505.15555556
mitdb,116,116,,clean_after_5min,125,8,39.06250000,1000,10.29968262,150,2016,1995,1993,2,23,98.85912698,99.89974937,99.37671404,2.11111111,6.22222222,0.00000000,11.27224566,33.36440512,1505.15555556
mitdb,116,116,,clean_after_5min,125,9,19.53125000,1125,11.58714294,150,2016,1995,1993,2,23,98.85912698,99.89974937,99.37671404,2.11111111,6.04444444,0.00000000,5.63769451,39.38258323,1505.15555556
mitdb,116,116,,clean_after_5min,125,10,9.76562500,1250,12.87460327,150,2016,1995,1993,2,23,98.85912698,99.89974937,99.37671404,2.11111111,6.11111111,0.00000000,2.82334940,45.38932149,1505.15555556
mitdb,116,116,,clean_after_5min,125,11,4.88281250,1375,14.16206360,150,2016,1995,1993,2,23,98.85912698,99.89974937,99.37671404,2.11111111,6.11111111,0.00000000,1.40752198,51.43551031,1505.15555556
mitdb,116,116,,clean_after_5min,180,6,156.25000000,1080,11.12365723,150,2016,1995,1993,2,23,98.85912698,99.89974937,99.37671404,2.77777778,2.77777778,0.00000000,45.22899401,21.29453079,1505.15555556
mitdb,116,116,,clean_after_5min,180,7,78.12500000,1260,12.97760010,150,2016,1995,1993,2,23,98.85912698,99.89974937,99.37671404,2.77777778,2.77777778,0.00000000,22.56801570,27.33300185,1505.15555556
mitdb,116,116,,clean_after_5min,180,8,39.06250000,1440,14.83154297,150,2016,1995,1993,2,23,98.85912698,99.89974937,99.37671404,2.77777778,2.77777778,0.00000000,11.27165141,33.36311838,1505.15555556
mitdb,116,116,,clean_after_5min,180,9,19.53125000,1620,16.68548584,150,2016,1995,1993,2,23,98.85912698,99.89974937,99.37671404,2.77777778,2.77777778,0.00000000,5.63178514,39.38994780,1505.15555556
mitdb,116,116,,clean_after_5min,180,10,9.76562500,1800,18.53942871,150,2016,1995,1993,2,23,98.85912698,99.89974937,99.37671404,2.77777778,2.77777778,0.00000000,2.82221756,45.39105956,1505.15555556
mitdb,116,116,,clean_after_5min,180,11,4.88281250,1980,20.39337158,150,2016,1995,1993,2,23,98.85912698,99.89974937,99.37671404,2.77777778,2.77777778,0.00000000,1.40897871,51.42478076,1505.15555556
mitdb,116,116,,clean_after_5min,250,6,156.25000000,1500,15.44952393,150,2016,1995,1993,2,23,98.85912698,99.89974937,99.37671404,1.00000000,2.77777778,0.00000000,45.21031338,21.29902953,1505.15555556
mitdb,116,116,,clean_after_5min,250,7,78.12500000,1750,18.02444458,150,2016,1995,1993,2,23,98.85912698,99.89974937,99.37671404,1.00000000,2.77777778,0.00000000,22.57374639,27.33170705,1505.15555556
mitdb,116,116,,clean_after_5min,250,8,39.06250000,2000,20.59936523,150,2016,1995,1993,2,23,98.85912698,99.89974937,99.37671404,1.00000000,2.77777778,0.00000000,11.26130501,33.37200545,1505.15555556
mitdb,116,116,,clean_after_5min,250,9,19.53125000,2250,23.17428589,150,2016,1995,1993,2,23,98.85912698,99.89974937,99.37671404,1.00000000,2.77777778,0.00000000,5.63773385,39.38168850,1505.15555556
mitdb,116,116,,clean_after_5min,250,10,9.76562500,2500,25.74920654,150,2016,1995,1993,2,23,98.85912698,99.89974937,99.37671404,1.00000000,2.77777778,0.00000000,2.82187018,45.39303927,1505.15555556
mitdb,116,116,,clean_after_5min,250,11,4.88281250,2750,28.32412720,150,2016,1995,1993,2,23,98.85912698,99.89974937,99.37671404,1.00000000,2.77777778,0.00000000,1.40918734,51.42440520,1505.15555556
mitdb,116,116,,clean_after_5min,360,6,156.25000000,2160,22.24731445,150,2016,1995,1993,2,23,98.85912698,99.89974937,99.37671404,0.00000000,2.77777778,0.00000000,45.23121342,21.28959185,1505.15555556
mitdb,116,116,,clean_after_5min,360,7,78.12500000,2520,25.95520020,150,2016,1995,1993,2,23,98.85912698,99.89974937,99.37671404,0.00000000,2.77777778,0.00000000,22.57949118,27.32407361,1505.15555556
mitdb,116,116,,clean_after_5min,360,8,39.06250000,2880,29.66308594,150,2016,1995,1993,2,23,98.85912698,99.89974937,99.37671404,0.00000000,2.77777778,0.00000000,11.26853210,33.36100971,1505.15555556
mitdb,116,116,,clean_after_5min,360,9,19.53125000,3240,33.37097168,150,2016,1995,1993,2,23,98.85912698,99.89974937,99.37671404,0.00000000,2.77777778,0.00000000,5.63211789,39.38492189,1505.15555556
mitdb,116,116,,clean_after_5min,360,10,9.76562500,3600,37.07885742,150,2016,1995,1993,2,23,98.85912698,99.89974937,99.37671404,0.00000000,2.77777778,0.00000000,2.82050749,45.39181149,1505.15555556
mitdb,116,116,,clean_after_5min,360,11,4.88281250,3960,40.78674316,150,2016,1995,1993,2,23,98.85912698,99.89974937,99.37671404,0.00000000,2.77777778,0.00000000,1.40902619,51.41997534,1505.15555556
mitdb,117,117,,clean_after_5min,100,6,156.25000000,600,6.17980957,75,1284,2564,705,1859,579,54.90654206,27.49609984,36.64241164,33.33333333,47.66666667,0.00000000,50.44773300,11.81030177,1505.15555556
mitdb,117,117,,clean_after_5min,100,7,78.12500000,700,7.20977783,75,1284,2567,808,1759,476,62.92834891,31.47643163,41.96312646,32.22222222,45.00000000,0.00000000,23.14663724,18.57737676,1505.15555556
mitdb,117,117,,clean_after_5min,100,8,39.06250000,800,8.23974609,75,1284,2567,799,1768,485,62.22741433,31.12582781,41.49571540,33.33333333,45.05555556,0.00000000,11.27260578,24.82664849,1505.15555556
mitdb,117,117,,clean_after_5min,100,9,19.53125000,900,9.26971436,75,1284,2567,796,1771,488,61.99376947,31.00895988,41.33991171,32.77777778,45.00000000,0.00000000,5.64412985,30.83519493,1505.15555556
mitdb,117,117,,clean_after_5min,100,10,9.76562500,1000,10.29968262,75,1284,2567,807,1760,477,62.85046729,31.43747565,41.91119190,32.77777778,45.55555556,0.00000000,2.82229939,36.85507323,1505.15555556
mitdb,117,117,,clean_after_5min,100,11,4.88281250,1100,11.32965088,75,1284,2567,811,1756,473,63.16199377,31.59329957,42.11893015,32.77777778,45.00000000,0.00000000,1.40995092,42.88305494,1505.15555556
mitdb,117,117,,clean_after_5min,125,6,156.25000000,750,7.72476196,75,1284,1284,1284,0,0,100.00000000,100.00000000,100.00000000,24.38888889,40.00000000,0.00000000,50.42296624,11.81420668,1505.15555556
mitdb,117,117,,clean_after_5min,125,7,78.12500000,875,9.01222229,75,1284,1284,1284,0,0,100.00000000,100.00000000,100.00000000,25.33333333,39.98333333,0.00000000,23.15331479,18.57451096,1505.15555556
mitdb,117,117,,clean_after_5min,125,8,39.06250000,1000,10.29968262,75,1284,1284,1284,0,0,100.00000000,100.00000000,100.00000000,24.88888889,39.65000000,0.00000000,11.27998211,24.82060628,1505.15555556
mitdb,117,117,,clean_after_5min,125,9,19.53125000,1125,11.58714294,75,1284,1284,1284,0,0,100.00000000,100.00000000,100.00000000,24.88888889,39.76111111,0.00000000,5.63717576,30.84554298,1505.15555556
mitdb,117,117,,clean_after_5min,125,10,9.76562500,1250,12.87460327,75,1284,1284,1284,0,0,100.00000000,100.00000000,100.00000000,24.88888889,39.76111111,0.00000000,2.81903650,36.86476050,1505.15555556
mitdb,117,117,,clean_after_5min,125,11,4.88281250,1375,14.16206360,75,1284,1284,1284,0,0,100.00000000,100.00000000,100.00000000,24.88888889,39.66666667,0.00000000,1.41174251,42.87166467,1505.15555556
mitdb,117,117,,clean_after_5min,180,6,156.25000000,1080,11.12365723,75,1284,1284,1284,0,0,100.00000000,100.00000000,100.00000000,19.44444444,30.55555556,0.00000000,50.40770411,11.81524704,1505.15555556
mitdb,117,117,,clean_after_5min,180,7,78.12500000,1260,12.97760010,75,1284,1284,1284,0,0,100.00000000,100.00000000,100.00000000,19.44444444,33.33333333,0.00000000,23.14883687,18.57460190,1505.15555556
mitdb,117,117,,clean_after_5min,180,8,39.06250000,1440,14.83154297,75,1284,1284,1284,0,0,100.00000000,100.00000000,100.00000000,19.44444444,33.33333333,0.00000000,11.27660419,24.82161865,1505.15555556
mitdb,117,117,,clean_after_5min,180,9,19.53125000,1620,16.68548584,75,1284,1284,1284,0,0,100.00000000,100.00000000,100.00000000,19.44444444,33.33333333,0.00000000,5.63545742,30.84660194,1505.15555556
mitdb,117,117,,clean_after_5min,180,10,9.76562500,1800,18.53942871,75,1284,1284,1284,0,0,100.00000000,100.00000000,100.00000000,19.44444444,33.33333333,0.00000000,2.82224484,36.85329164,1505.15555556
mitdb,117,117,,clean_after_5min,180,11,4.88281250,1980,20.39337158,75,1284,1284,1284,0,0,100.00000000,100.00000000,100.00000000,19.44444444,32.91666667,0.00000000,1.40759931,42.89560450,1505.15555556
mitdb,117,117,,clean_after_5min,250,6,156.25000000,1500,15.44952393,75,1284,1284,1284,0,0,100.00000000,100.00000000,100.00000000,17.77777778,29.55555556,0.00000000,50.42206350,11.81362767,1505.15555556
mitdb,117,117,,clean_after_5min,250,7,78.12500000,1750,18.02444458,75,1284,1284,1284,0,0,100.00000000,100.00000000,100.00000000,18.00000000,29.55555556,0.00000000,23.14789574,18.57580962,1505.15555556
mitdb,117,117,,clean_after_5min,250,8,39.06250000,2000,20.59936523,75,1284,1284,1284,0,0,100.00000000,100.00000000,100.00000000,18.00000000,29.53888889,0.00000000,11.27224135,24.82583439,1505.15555556
mitdb,117,117,,clean_after_5min,250,9,19.53125000,2250,23.17428589,75,1284,1284,1284,0,0,100.00000000,100.00000000,100.00000000,18.00000000,29.31666667,0.00000000,5.64117260,30.83865222,1505.15555556
mitdb,117,117,,clean_after_5min,250,10,9.76562500,2500,25.74920654,75,1284,1284,1284,0,0,100.00000000,100.00000000,100.00000000,18.00000000,29.44444444,0.00000000,2.81937708,36.86297669,1505.15555556
mitdb,117,117,,clean_after_5min,250,11,4.88281250,2750,28.32412720,75,1284,1284,1284,0,0,100.00000000,100.00000000,100.00000000,18.00000000,29.31666667,0.00000000,1.41061622,42.87786248,1505.15555556
mitdb,117,117,,clean_after_5min,360,6,156.25000000,2160,22.24731445,75,1284,1284,1284,0,0,100.00000000,100.00000000,100.00000000,16.66666667,30.55555556,0.00000000,50.42202891,11.81009195,1505.15555556
mitdb,117,117,,clean_after_5min,360,7,78.12500000,2520,25.95520020,75,1284,1284,1284,0,0,100.00000000,100.00000000,100.00000000,16.66666667,27.77777778,0.00000000,23.14403077,18.57371834,1505.15555556
mitdb,117,117,,clean_after_5min,360,8,39.06250000,2880,29.66308594,75,1284,1284,1284,0,0,100.00000000,100.00000000,100.00000000,16.66666667,27.77777778,0.00000000,11.27831052,24.81761734,1505.15555556
mitdb,117,117,,clean_after_5min,360,9,19.53125000,3240,33.37097168,75,1284,1284,1284,0,0,100.00000000,100.00000000,100.00000000,16.66666667,27.77777778,0.00000000,5.63835773,30.83944577,1505.15555556
mitdb,117,117,,clean_after_5min,360,10,9.76562500,3600,37.07885742,75,1284,1284,1284,0,0,100.00000000,100.00000000,100.00000000,16.66666667,27.77777778,0.00000000,2.81789895,36.86399000,1505.15555556
mitdb,117,117,,clean_after_5min,360,11,4.88281250,3960,40.78674316,75,1284,1284,1284,0,0,100.00000000,100.00000000,100.00000000,16.66666667,27.77777778,0.00000000,1.40908600,42.88374832,1505.15555556
mitdb,117,117,,clean_after_5min,100,6,156.25000000,600,6.17980957,150,1284,2564,1235,1329,49,96.18380062,48.16692668,64.18918919,42.77777778,99.44444444,0.00000000,50.44773300,11.81030177,1505.15555556
mitdb,117,117,,clean_after_5min,100,7,78.12500000,700,7.20977783,150,1284,2567,1259,1308,25,98.05295950,49.04557850,65.38561413,38.88888889,98.33333333,0.00000000,23.14663724,18.57737676,1505.15555556
mitdb,117,117,,clean_after_5min,100,8,39.06250000,800,8.23974609,150,1284,2567,1270,1297,14,98.90965732,49.47409427,65.95689431,40.00000000,96.11111111,0.00000000,11.27260578,24.82664849,1505.15555556
mitdb,117,117,,clean_after_5min,100,9,19.53125000,900,9.26971436,150,1284,2567,1277,1290,7,99.45482866,49.74678613,66.32043625,39.44444444,97.77777778,0.00000000,5.64412985,30.83519493,1505.15555556
mitdb,117,117,,clean_after_5min,100,10,9.76562500,1000,10.29968262,150,1284,2567,1279,1288,5,99.61059190,49.82469809,66.42430538,40.00000000,96.72222222,0.00000000,2.82229939,36.85507323,1505.15555556
mitdb,117,117,,clean_after_5min,100,11,4.88281250,1100,11.32965088,150,1284,2567,1278,1289,6,99.53271028,49.78574211,66.37237081,39.44444444,96.19444444,0.00000000,1.40995092,42.88305494,1505.15555556
mitdb,117,117,,clean_after_5min,125,6,156.25000000,750,7.72476196,150,1284,1284,1284,0,0,100.00000000,100.00000000,100.00000000,24.38888889,40.00000000,0.00000000,50.42296624,11.81420668,1505.15555556
mitdb,117,117,,clean_after_5min,125,7,78.12500000,875,9.01222229,150,1284,1284,1284,0,0,100.00000000,100.00000000,100.00000000,25.33333333,39.98333333,0.00000000,23.15331479,18.57451096,1505.15555556
mitdb,117,117,,clean_after_5min,125,8,39.06250000,1000,10.29968262,150,1284,1284,1284,0,0,100.00000000,100.00000000,100.00000000,24.88888889,39.65000000,0.00000000,11.27998211,24.82060628,1505.15555556
mitdb,117,117,,clean_after_5min,125,9,19.53125000,1125,11.58714294,150,1284,1284,1284,0,0,100.00000000,100.00000000,100.00000000,24.88888889,39.76111111,0.00000000,5.63717576,30.84554298,1505.15555556
mitdb,117,117,,clean_after_5min,125,10,9.76562500,1250,12.87460327,150,1284,1284,1284,0,0,100.00000000,100.00000000,100.00000000,24.88888889,39.76111111,0.00000000,2.81903650,36.86476050,1505.15555556
mitdb,117,117,,clean_after_5min,125,11,4.88281250,1375,14.16206360,150,1284,1284,1284,0,0,100.00000000,100.00000000,100.00000000,24.88888889,39.66666667,0.00000000,1.41174251,42.87166467,1505.15555556
mitdb,117,117,,clean_after_5min,180,6,156.25000000,1080,11.12365723,150,1284,1284,1284,0,0,100.00000000,100.00000000,100.00000000,19.44444444,30.55555556,0.00000000,50.40770411,11.81524704,1505.15555556
mitdb,117,117,,clean_after_5min,180,7,78.12500000,1260,12.97760010,150,1284,1284,1284,0,0,100.00000000,100.00000000,100.00000000,19.44444444,33.33333333,0.00000000,23.14883687,18.57460190,1505.15555556
mitdb,117,117,,clean_after_5min,180,8,39.06250000,1440,14.83154297,150,1284,1284,1284,0,0,100.00000000,100.00000000,100.00000000,19.44444444,33.33333333,0.00000000,11.27660419,24.82161865,1505.15555556
mitdb,117,117,,clean_after_5min,180,9,19.53125000,1620,16.68548584,150,1284,1284,1284,0,0,100.00000000,100.00000000,100.00000000,19.44444444,33.33333333,0.00000000,5.63545742,30.84660194,1505.15555556
mitdb,117,117,,clean_after_5min,180,10,9.76562500,1800,18.53942871,150,1284,1284,1284,0,0,100.00000000,100.00000000,100.00000000,19.44444444,33.33333333,0.00000000,2.82224484,36.85329164,1505.15555556
mitdb,117,117,,clean_after_5min,180,11,4.88281250,1980,20.39337158,150,1284,1284,1284,0,0,100.00000000,100.00000000,100.00000000,19.44444444,32.91666667,0.00000000,1.40759931,42.89560450,1505.15555556
mitdb,117,117,,clean_after_5min,250,6,156.25000000,1500,15.44952393,150,1284,1284,1284,0,0,100.00000000,100.00000000,100.00000000,17.77777778,29.55555556,0.00000000,50.42206350,11.81362767,1505.15555556
mitdb,117,117,,clean_after_5min,250,7,78.12500000,1750,18.02444458,150,1284,1284,1284,0,0,100.00000000,100.00000000,100.00000000,18.00000000,29.55555556,0.00000000,23.14789574,18.57580962,1505.15555556
mitdb,117,117,,clean_after_5min,250,8,39.06250000,2000,20.59936523,150,1284,1284,1284,0,0,100.00000000,100.00000000,100.00000000,18.00000000,29.53888889,0.00000000,11.27224135,24.82583439,1505.15555556
mitdb,117,117,,clean_after_5min,250,9,19.53125000,2250,23.17428589,150,1284,1284,1284,0,0,100.00000000,100.00000000,100.00000000,18.00000000,29.31666667,0.00000000,5.64117260,30.83865222,1505.15555556
mitdb,117,117,,clean_after_5min,250,10,9.76562500,2500,25.74920654,150,1284,1284,1284,0,0,100.00000000,100.00000000,100.00000000,18.00000000,29.44444444,0.00000000,2.81937708,36.86297669,1505.15555556
mitdb,117,117,,clean_after_5min,250,11,4.88281250,2750,28.32412720,150,1284,1284,1284,0,0,100.00000000,100.00000000,100.00000000,18.00000000,29.31666667,0.00000000,1.41061622,42.87786248,1505.15555556
mitdb,117,117,,clean_after_5min,360,6,156.25000000,2160,22.24731445,150,1284,1284,1284,0,0,100.00000000,100.00000000,100.00000000,16.66666667,30.55555556,0.00000000,50.42202891,11.81009195,1505.15555556
mitdb,117,117,,clean_after_5min,360,7,78.12500000,2520,25.95520020,150,1284,1284,1284,0,0,100.00000000,100.00000000,100.00000000,16.66666667,27.77777778,0.00000000,23.14403077,18.57371834,1505.15555556
mitdb,117,117,,clean_after_5min,360,8,39.06250000,2880,29.66308594,150,1284,1284,1284,0,0,100.00000000,100.00000000,100.00000000,16.66666667,27.77777778,0.00000000,11.27831052,24.81761734,1505.15555556
mitdb,117,117,,clean_after_5min,360,9,19.53125000,3240,33.37097168,150,1284,1284,1284,0,0,100.00000000,100.00000000,100.00000000,16.66666667,27.77777778,0.00000000,5.63835773,30.83944577,1505.15555556
mitdb,117,117,,clean_after_5min,360,10,9.76562500,3600,37.07885742,150,1284,1284,1284,0,0,100.00000000,100.00000000,100.00000000,16.66666667,27.77777778,0.00000000,2.81789895,36.86399000,1505.15555556
mitdb,117,117,,clean_after_5min,360,11,4.88281250,3960,40.78674316,150,1284,1284,1284,0,0,100.00000000,100.00000000,100.00000000,16.66666667,27.77777778,0.00000000,1.40908600,42.88374832,1505.15555556
mitdb,118,118,,clean_after_5min,100,6,156.25000000,600,6.17980957,75,1916,1916,1915,1,1,99.94780793,99.94780793,99.94780793,7.22222222,12.22222222,0.00000000,47.26142655,18.44019334,1505.15555556
mitdb,118,118,,clean_after_5min,100,7,78.12500000,700,7.20977783,75,1916,1916,1915,1,1,99.94780793,99.94780793,99.94780793,7.22222222,12.22222222,0.00000000,22.59523407,24.84999298,1505.15555556
mitdb,118,118,,clean_after_5min,100,8,39.06250000,800,8.23974609,75,1916,1916,1915,1,1,99.94780793,99.94780793,99.94780793,7.22222222,12.22222222,0.00000000,11.27648096,30.88685805,1505.15555556
mitdb,118,118,,clean_after_5min,100,9,19.53125000,900,9.26971436,75,1916,1916,1915,1,1,99.94780793,99.94780793,99.94780793,7.22222222,12.22222222,0.00000000,5.63510802,36.91228495,1505.15555556
mitdb,118,118,,clean_after_5min,100,10,9.76562500,1000,10.29968262,75,1916,1916,1915,1,1,99.94780793,99.94780793,99.94780793,7.22222222,12.22222222,0.00000000,2.82205113,42.91903232,1505.15555556
mitdb,118,118,,clean_after_5min,100,11,4.88281250,1100,11.32965088,75,1916,1916,1915,1,1,99.94780793,99.94780793,99.94780793,7.22222222,12.22222222,0.00000000,1.41029121,48.94415388,1505.15555556
mitdb,118,118,,clean_after_5min,125,6,156.25000000,750,7.72476196,75,1916,1916,1916,0,0,100.00000000,100.00000000,100.00000000,4.11111111,8.00000000,0.00000000,47.26788442,18.43991331,1505.15555556
mitdb,118,118,,clean_after_5min,125,7,78.12500000,875,9.01222229,75,1916,1916,1916,0,0,100.00000000,100.00000000,100.00000000,4.00000000,7.88888889,0.00000000,22.61187123,24.84450653,1505.15555556
mitdb,118,118,,clean_after_5min,125,8,39.06250000,1000,10.29968262,75,1916,1916,1916,0,0,100.00000000,100.00000000,100.00000000,4.00000000,7.88888889,0.00000000,11.26100816,30.89969114,1505.15555556
mitdb,118,118,,clean_after_5min,125,9,19.53125000,1125,11.58714294,75,1916,1916,1916,0,0,100.00000000,100.00000000,100.00000000,4.00000000,7.91666667,0.00000000,5.63315689,36.91619966,1505.15555556
mitdb,118,118,,clean_after_5min,125,10,9.76562500,1250,12.87460327,75,1916,1916,1916,0,0,100.00000000,100.00000000,100.00000000,4.00000000,8.00000000,0.00000000,2.81569000,42.93953983,1505.15555556
mitdb,118,118,,clean_after_5min,125,11,4.88281250,1375,14.16206360,75,1916,1916,1916,0,0,100.00000000,100.00000000,100.00000000,4.00000000,8.00000000,0.00000000,1.40832028,48.95720794,1505.15555556
mitdb,118,118,,clean_after_5min,180,6,156.25000000,1080,11.12365723,75,1916,1916,1916,0,0,100.00000000,100.00000000,100.00000000,2.77777778,2.77777778,0.00000000,47.24264849,18.44368495,1505.15555556
mitdb,118,118,,clean_after_5min,180,7,78.12500000,1260,12.97760010,75,1916,1916,1916,0,0,100.00000000,100.00000000,100.00000000,2.77777778,2.77777778,0.00000000,22.59367148,24.85063349,1505.15555556
mitdb,118,118,,clean_after_5min,180,8,39.06250000,1440,14.83154297,75,1916,1916,1916,0,0,100.00000000,100.00000000,100.00000000,2.77777778,2.77777778,0.00000000,11.27236511,30.89006875,1505.15555556
mitdb,118,118,,clean_after_5min,180,9,19.53125000,1620,16.68548584,75,1916,1916,1916,0,0,100.00000000,100.00000000,100.00000000,2.77777778,2.77777778,0.00000000,5.64055132,36.90393858,1505.15555556
mitdb,118,118,,clean_after_5min,180,10,9.76562500,1800,18.53942871,75,1916,1916,1916,0,0,100.00000000,100.00000000,100.00000000,2.77777778,2.77777778,0.00000000,2.81942920,42.92714581,1505.15555556
mitdb,118,118,,clean_after_5min,180,11,4.88281250,1980,20.39337158,75,1916,1916,1916,0,0,100.00000000,100.00000000,100.00000000,2.77777778,2.77777778,0.00000000,1.40731179,48.96256318,1505.15555556
mitdb,118,118,,clean_after_5min,250,6,156.25000000,1500,15.44952393,75,1916,1916,1916,0,0,100.00000000,100.00000000,100.00000000,1.00000000,2.77777778,0.00000000,47.26304952,18.44050986,1505.15555556
mitdb,118,118,,clean_after_5min,250,7,78.12500000,1750,18.02444458,75,1916,1916,1916,0,0,100.00000000,100.00000000,100.00000000,1.00000000,2.66666667,0.00000000,22.59677274,24.85001630,1505.15555556
mitdb,118,118,,clean_after_5min,250,8,39.06250000,2000,20.59936523,75,1916,1916,1916,0,0,100.00000000,100.00000000,100.00000000,1.00000000,2.66666667,0.00000000,11.27054370,30.89204731,1505.15555556
mitdb,118,118,,clean_after_5min,250,9,19.53125000,2250,23.17428589,75,1916,1916,1916,0,0,100.00000000,100.00000000,100.00000000,1.00000000,2.66666667,0.00000000,5.63455652,36.91374987,1505.15555556
mitdb,118,118,,clean_after_5min,250,10,9.76562500,2500,25.74920654,75,1916,1916,1916,0,0,100.00000000,100.00000000,100.00000000,1.00000000,2.66666667,0.00000000,2.81735096,42.93412564,1505.15555556
mitdb,118,118,,clean_after_5min,250,11,4.88281250,2750,28.32412720,75,1916,1916,1916,0,0,100.00000000,100.00000000,100.00000000,1.00000000,2.66666667,0.00000000,1.40860368,48.95516826,1505.15555556
mitdb,118,118,,clean_after_5min,360,6,156.25000000,2160,22.24731445,75,1916,1916,1916,0,0,100.00000000,100.00000000,100.00000000,2.77777778,2.77777778,0.00000000,47.25205042,18.43626827,1505.15555556
mitdb,118,118,,clean_after_5min,360,7,78.12500000,2520,25.95520020,75,1916,1916,1916,0,0,100.00000000,100.00000000,100.00000000,2.77777778,2.77777778,0.00000000,22.58818781,24.84705364,1505.15555556
mitdb,118,118,,clean_after_5min,360,8,39.06250000,2880,29.66308594,75,1916,1916,1916,0,0,100.00000000,100.00000000,100.00000000,2.77777778,2.77777778,0.00000000,11.27512859,30.88225136,1505.15555556
mitdb,118,118,,clean_after_5min,360,9,19.53125000,3240,33.37097168,75,1916,1916,1916,0,0,100.00000000,100.00000000,100.00000000,2.77777778,2.77777778,0.00000000,5.64002835,36.89905570,1505.15555556
mitdb,118,118,,clean_after_5min,360,10,9.76562500,3600,37.07885742,75,1916,1916,1916,0,0,100.00000000,100.00000000,100.00000000,2.77777778,2.77777778,0.00000000,2.81647945,42.93054970,1505.15555556
mitdb,118,118,,clean_after_5min,360,11,4.88281250,3960,40.78674316,75,1916,1916,1916,0,0,100.00000000,100.00000000,100.00000000,2.77777778,2.77777778,0.00000000,1.40945249,48.94367262,1505.15555556
mitdb,118,118,,clean_after_5min,100,6,156.25000000,600,6.17980957,150,1916,1916,1916,0,0,100.00000000,100.00000000,100.00000000,7.22222222,12.22222222,0.00000000,47.26142655,18.44019334,1505.15555556
mitdb,118,118,,clean_after_5min,100,7,78.12500000,700,7.20977783,150,1916,1916,1916,0,0,100.00000000,100.00000000,100.00000000,7.22222222,12.22222222,0.00000000,22.59523407,24.84999298,1505.15555556
mitdb,118,118,,clean_after_5min,100,8,39.06250000,800,8.23974609,150,1916,1916,1916,0,0,100.00000000,100.00000000,100.00000000,7.22222222,12.22222222,0.00000000,11.27648096,30.88685805,1505.15555556
mitdb,118,118,,clean_after_5min,100,9,19.53125000,900,9.26971436,150,1916,1916,1916,0,0,100.00000000,100.00000000,100.00000000,7.22222222,12.22222222,0.00000000,5.63510802,36.91228495,1505.15555556
mitdb,118,118,,clean_after_5min,100,10,9.76562500,1000,10.29968262,150,1916,1916,1916,0,0,100.00000000,100.00000000,100.00000000,7.22222222,12.22222222,0.00000000,2.82205113,42.91903232,1505.15555556
mitdb,118,118,,clean_after_5min,100,11,4.88281250,1100,11.32965088,150,1916,1916,1916,0,0,100.00000000,100.00000000,100.00000000,7.22222222,12.22222222,0.00000000,1.41029121,48.94415388,1505.15555556
mitdb,118,118,,clean_after_5min,125,6,156.25000000,750,7.72476196,150,1916,1916,1916,0,0,100.00000000,100.00000000,100.00000000,4.11111111,8.00000000,0.00000000,47.26788442,18.43991331,1505.15555556
mitdb,118,118,,clean_after_5min,125,7,78.12500000,875,9.01222229,150,1916,1916,1916,0,0,100.00000000,100.00000000,100.00000000,4.00000000,7.88888889,0.00000000,22.61187123,24.84450653,1505.15555556
mitdb,118,118,,clean_after_5min,125,8,39.06250000,1000,10.29968262,150,1916,1916,1916,0,0,100.00000000,100.00000000,100.00000000,4.00000000,7.88888889,0.00000000,11.26100816,30.89969114,1505.15555556
mitdb,118,118,,clean_after_5min,125,9,19.53125000,1125,11.58714294,150,1916,1916,1916,0,0,100.00000000,100.00000000,100.00000000,4.00000000,7.91666667,0.00000000,5.63315689,36.91619966,1505.15555556
mitdb,118,118,,clean_after_5min,125,10,9.76562500,1250,12.87460327,150,1916,1916,1916,0,0,100.00000000,100.00000000,100.00000000,4.00000000,8.00000000,0.00000000,2.81569000,42.93953983,1505.15555556
mitdb,118,118,,clean_after_5min,125,11,4.88281250,1375,14.16206360,150,1916,1916,1916,0,0,100.00000000,100.00000000,100.00000000,4.00000000,8.00000000,0.00000000,1.40832028,48.95720794,1505.15555556
mitdb,118,118,,clean_after_5min,180,6,156.25000000,1080,11.12365723,150,1916,1916,1916,0,0,100.00000000,100.00000000,100.00000000,2.77777778,2.77777778,0.00000000,47.24264849,18.44368495,1505.15555556
mitdb,118,118,,clean_after_5min,180,7,78.12500000,1260,12.97760010,150,1916,1916,1916,0,0,100.00000000,100.00000000,100.00000000,2.77777778,2.77777778,0.00000000,22.59367148,24.85063349,1505.15555556
mitdb,118,118,,clean_after_5min,180,8,39.06250000,1440,14.83154297,150,1916,1916,1916,0,0,100.00000000,100.00000000,100.00000000,2.77777778,2.77777778,0.00000000,11.27236511,30.89006875,1505.15555556
mitdb,118,118,,clean_after_5min,180,9,19.53125000,1620,16.68548584,150,1916,1916,1916,0,0,100.00000000,100.00000000,100.00000000,2.77777778,2.77777778,0.00000000,5.64055132,36.90393858,1505.15555556
mitdb,118,118,,clean_after_5min,180,10,9.76562500,1800,18.53942871,150,1916,1916,1916,0,0,100.00000000,100.00000000,100.00000000,2.77777778,2.77777778,0.00000000,2.81942920,42.92714581,1505.15555556
mitdb,118,118,,clean_after_5min,180,11,4.88281250,1980,20.39337158,150,1916,1916,1916,0,0,100.00000000,100.00000000,100.00000000,2.77777778,2.77777778,0.00000000,1.40731179,48.96256318,1505.15555556
mitdb,118,118,,clean_after_5min,250,6,156.25000000,1500,15.44952393,150,1916,1916,1916,0,0,100.00000000,100.00000000,100.00000000,1.00000000,2.77777778,0.00000000,47.26304952,18.44050986,1505.15555556
mitdb,118,118,,clean_after_5min,250,7,78.12500000,1750,18.02444458,150,1916,1916,1916,0,0,100.00000000,100.00000000,100.00000000,1.00000000,2.66666667,0.00000000,22.59677274,24.85001630,1505.15555556
mitdb,118,118,,clean_after_5min,250,8,39.06250000,2000,20.59936523,150,1916,1916,1916,0,0,100.00000000,100.00000000,100.00000000,1.00000000,2.66666667,0.00000000,11.27054370,30.89204731,1505.15555556
mitdb,118,118,,clean_after_5min,250,9,19.53125000,2250,23.17428589,150,1916,1916,1916,0,0,100.00000000,100.00000000,100.00000000,1.00000000,2.66666667,0.00000000,5.63455652,36.91374987,1505.15555556
mitdb,118,118,,clean_after_5min,250,10,9.76562500,2500,25.74920654,150,1916,1916,1916,0,0,100.00000000,100.00000000,100.00000000,1.00000000,2.66666667,0.00000000,2.81735096,42.93412564,1505.15555556
mitdb,118,118,,clean_after_5min,250,11,4.88281250,2750,28.32412720,150,1916,1916,1916,0,0,100.00000000,100.00000000,100.00000000,1.00000000,2.66666667,0.00000000,1.40860368,48.95516826,1505.15555556
mitdb,118,118,,clean_after_5min,360,6,156.25000000,2160,22.24731445,150,1916,1916,1916,0,0,100.00000000,100.00000000,100.00000000,2.77777778,2.77777778,0.00000000,47.25205042,18.43626827,1505.15555556
mitdb,118,118,,clean_after_5min,360,7,78.12500000,2520,25.95520020,150,1916,1916,1916,0,0,100.00000000,100.00000000,100.00000000,2.77777778,2.77777778,0.00000000,22.58818781,24.84705364,1505.15555556
mitdb,118,118,,clean_after_5min,360,8,39.06250000,2880,29.66308594,150,1916,1916,1916,0,0,100.00000000,100.00000000,100.00000000,2.77777778,2.77777778,0.00000000,11.27512859,30.88225136,1505.15555556
mitdb,118,118,,clean_after_5min,360,9,19.53125000,3240,33.37097168,150,1916,1916,1916,0,0,100.00000000,100.00000000,100.00000000,2.77777778,2.77777778,0.00000000,5.64002835,36.89905570,1505.15555556
mitdb,118,118,,clean_after_5min,360,10,9.76562500,3600,37.07885742,150,1916,1916,1916,0,0,100.00000000,100.00000000,100.00000000,2.77777778,2.77777778,0.00000000,2.81647945,42.93054970,1505.15555556
mitdb,118,118,,clean_after_5min,360,11,4.88281250,3960,40.78674316,150,1916,1916,1916,0,0,100.00000000,100.00000000,100.00000000,2.77777778,2.77777778,0.00000000,1.40945249,48.94367262,1505.15555556
mitdb,119,119,,clean_after_5min,100,6,156.25000000,600,6.17980957,75,1660,1911,1660,251,0,100.00000000,86.86551544,92.97115654,57.77777778,63.88888889,0.00000000,43.65576726,21.24208223,1505.15555556
mitdb,119,119,,clean_after_5min,100,7,78.12500000,700,7.20977783,75,1660,1915,1660,255,0,100.00000000,86.68407311,92.86713287,58.33333333,63.33333333,0.00000000,22.71221442,26.91772515,1505.15555556
mitdb,119,119,,clean_after_5min,100,8,39.06250000,800,8.23974609,75,1660,1882,1660,222,0,100.00000000,88.20403826,93.73235460,57.77777778,63.33333333,0.00000000,11.26593101,33.00757300,1505.15555556
mitdb,119,119,,clean_after_5min,100,9,19.53125000,900,9.26971436,75,1660,1885,1660,225,0,100.00000000,88.06366048,93.65303244,57.77777778,63.33333333,0.00000000,5.63064359,39.03175398,1505.15555556
mitdb,119,119,,clean_after_5min,100,10,9.76562500,1000,10.29968262,75,1660,1915,1660,255,0,100.00000000,86.68407311,92.86713287,58.33333333,63.33333333,0.00000000,2.82331422,45.02773045,1505.15555556
mitdb,119,119,,clean_after_5min,100,11,4.88281250,1100,11.32965088,75,1660,1876,1660,216,0,100.00000000,88.48614072,93.89140271,57.77777778,63.33333333,0.00000000,1.40855754,51.06742287,1505.15555556
mitdb,119,119,,clean_after_5min,125,6,156.25000000,750,7.72476196,75,1660,1683,1660,23,0,100.00000000,98.63339275,99.31199521,2.55555556,54.22777778,0.00000000,43.65535028,21.24174076,1505.15555556
mitdb,119,119,,clean_after_5min,125,7,78.12500000,875,9.01222229,75,1660,1684,1660,24,0,100.00000000,98.57482185,99.28229665,2.44444444,54.11666667,0.00000000,22.67668778,26.93089789,1505.15555556
mitdb,119,119,,clean_after_5min,125,8,39.06250000,1000,10.29968262,75,1660,1683,1660,23,0,100.00000000,98.63339275,99.31199521,2.44444444,54.33333333,0.00000000,11.26535230,33.00759474,1505.15555556
mitdb,119,119,,clean_after_5min,125,9,19.53125000,1125,11.58714294,75,1660,1684,1660,24,0,100.00000000,98.57482185,99.28229665,2.44444444,54.33333333,0.00000000,5.63594953,39.02314840,1505.15555556
mitdb,119,119,,clean_after_5min,125,10,9.76562500,1250,12.87460327,75,1660,1683,1660,23,0,100.00000000,98.63339275,99.31199521,2.44444444,54.22222222,0.00000000,2.81462309,45.05408538,1505.15555556
mitdb,119,119,,clean_after_5min,125,11,4.88281250,1375,14.16206360,75,1660,1683,1660,23,0,100.00000000,98.63339275,99.31199521,2.44444444,54.22222222,0.00000000,1.41164849,51.04795895,1505.15555556
mitdb,119,119,,clean_after_5min,180,6,156.25000000,1080,11.12365723,75,1660,1660,1660,0,0,100.00000000,100.00000000,100.00000000,2.77777778,47.22222222,0.00000000,43.65943123,21.23872563,1505.15555556
mitdb,119,119,,clean_after_5min,180,7,78.12500000,1260,12.97760010,75,1660,1660,1660,0,0,100.00000000,100.00000000,100.00000000,2.77777778,47.22222222,0.00000000,22.70374218,26.91833818,1505.15555556
mitdb,119,119,,clean_after_5min,180,8,39.06250000,1440,14.83154297,75,1660,1660,1660,0,0,100.00000000,100.00000000,100.00000000,2.77777778,47.22222222,0.00000000,11.27060618,33.00134161,1505.15555556
mitdb,119,119,,clean_after_5min,180,9,19.53125000,1620,16.68548584,75,1660,1660,1660,0,0,100.00000000,100.00000000,100.00000000,2.77777778,47.22222222,0.00000000,5.63042589,39.02946217,1505.15555556
mitdb,119,119,,clean_after_5min,180,10,9.76562500,1800,18.53942871,75,1660,1660,1660,0,0,100.00000000,100.00000000,100.00000000,2.77777778,47.22222222,0.00000000,2.81975187,45.03606923,1505.15555556
mitdb,119,119,,clean_after_5min,180,11,4.88281250,1980,20.39337158,75,1660,1660,1660,0,0,100.00000000,100.00000000,100.00000000,2.77777778,47.22222222,0.00000000,1.40813094,51.06742629,1505.15555556
mitdb,119,119,,clean_after_5min,250,6,156.25000000,1500,15.44952393,75,1660,1660,1643,17,17,98.97590361,98.97590361,98.97590361,1.44444444,45.00000000,0.00000000,43.65035949,21.24053388,1505.15555556
mitdb,119,119,,clean_after_5min,250,7,78.12500000,1750,18.02444458,75,1660,1660,1639,21,21,98.73493976,98.73493976,98.73493976,1.44444444,45.00000000,0.00000000,22.69389731,26.92210866,1505.15555556
mitdb,119,119,,clean_after_5min,250,8,39.06250000,2000,20.59936523,75,1660,1660,1641,19,19,98.85542169,98.85542169,98.85542169,1.44444444,45.00000000,0.00000000,11.25871244,33.01051583,1505.15555556
mitdb,119,119,,clean_after_5min,250,9,19.53125000,2250,23.17428589,75,1660,1660,1637,23,23,98.61445783,98.61445783,98.61445783,1.44444444,45.00000000,0.00000000,5.63738261,39.01874014,1505.15555556
mitdb,119,119,,clean_after_5min,250,10,9.76562500,2500,25.74920654,75,1660,1660,1640,20,20,98.79518072,98.79518072,98.79518072,1.44444444,45.00000000,0.00000000,2.81857928,45.03968526,1505.15555556
mitdb,119,119,,clean_after_5min,250,11,4.88281250,2750,28.32412720,75,1660,1660,1638,22,22,98.67469880,98.67469880,98.67469880,1.44444444,45.00000000,0.00000000,1.41103946,51.04950719,1505.15555556
mitdb,119,119,,clean_after_5min,360,6,156.25000000,2160,22.24731445,75,1660,1660,1599,61,61,96.32530120,96.32530120,96.32530120,0.00000000,72.22222222,0.00000000,43.65613385,21.23603377,1505.15555556
mitdb,119,119,,clean_after_5min,360,7,78.12500000,2520,25.95520020,75,1660,1660,1589,71,71,95.72289157,95.72289157,95.72289157,0.00000000,72.22222222,0.00000000,22.70318359,26.91520400,1505.15555556
mitdb,119,119,,clean_after_5min,360,8,39.06250000,2880,29.66308594,75,1660,1660,1581,79,79,95.24096386,95.24096386,95.24096386,0.00000000,72.22222222,0.00000000,11.26372819,33.00329598,1505.15555556
mitdb,119,119,,clean_after_5min,360,9,19.53125000,3240,33.37097168,75,1660,1660,1586,74,74,95.54216867,95.54216867,95.54216867,0.00000000,72.22222222,0.00000000,5.63514331,39.01883992,1505.15555556
mitdb,119,119,,clean_after_5min,360,10,9.76562500,3600,37.07885742,75,1660,1660,1583,77,77,95.36144578,95.36144578,95.36144578,0.00000000,72.22222222,0.00000000,2.81857673,45.03634198,1505.15555556
mitdb,119,119,,clean_after_5min,360,11,4.88281250,3960,40.78674316,75,1660,1660,1582,78,78,95.30120482,95.30120482,95.30120482,0.00000000,72.22222222,0.00000000,1.40828397,51.06313452,1505.15555556
mitdb,119,119,,clean_after_5min,100,6,156.25000000,600,6.17980957,150,1660,1911,1660,251,0,100.00000000,86.86551544,92.97115654,57.77777778,63.88888889,0.00000000,43.65576726,21.24208223,1505.15555556
mitdb,119,119,,clean_after_5min,100,7,78.12500000,700,7.20977783,150,1660,1915,1660,255,0,100.00000000,86.68407311,92.86713287,58.33333333,63.33333333,0.00000000,22.71221442,26.91772515,1505.15555556
mitdb,119,119,,clean_after_5min,100,8,39.06250000,800,8.23974609,150,1660,1882,1660,222,0,100.00000000,88.20403826,93.73235460,57.77777778,63.33333333,0.00000000,11.26593101,33.00757300,1505.15555556
mitdb,119,119,,clean_after_5min,100,9,19.53125000,900,9.26971436,150,1660,1885,1660,225,0,100.00000000,88.06366048,93.65303244,57.77777778,63.33333333,0.00000000,5.63064359,39.03175398,1505.15555556
mitdb,119,119,,clean_after_5min,100,10,9.76562500,1000,10.29968262,150,1660,1915,1660,255,0,100.00000000,86.68407311,92.86713287,58.33333333,63.33333333,0.00000000,2.82331422,45.02773045,1505.15555556
mitdb,119,119,,clean_after_5min,100,11,4.88281250,1100,11.32965088,150,1660,1876,1660,216,0,100.00000000,88.48614072,93.89140271,57.77777778,63.33333333,0.00000000,1.40855754,51.06742287,1505.15555556
mitdb,119,119,,clean_after_5min,125,6,156.25000000,750,7.72476196,150,1660,1683,1660,23,0,100.00000000,98.63339275,99.31199521,2.55555556,54.22777778,0.00000000,43.65535028,21.24174076,1505.15555556
mitdb,119,119,,clean_after_5min,125,7,78.12500000,875,9.01222229,150,1660,1684,1660,24,0,100.00000000,98.57482185,99.28229665,2.44444444,54.11666667,0.00000000,22.67668778,26.93089789,1505.15555556
mitdb,119,119,,clean_after_5min,125,8,39.06250000,1000,10.29968262,150,1660,1683,1660,23,0,100.00000000,98.63339275,99.31199521,2.44444444,54.33333333,0.00000000,11.26535230,33.00759474,1505.15555556
mitdb,119,119,,clean_after_5min,125,9,19.53125000,1125,11.58714294,150,1660,1684,1660,24,0,100.00000000,98.57482185,99.28229665,2.44444444,54.33333333,0.00000000,5.63594953,39.02314840,1505.15555556
mitdb,119,119,,clean_after_5min,125,10,9.76562500,1250,12.87460327,150,1660,1683,1660,23,0,100.00000000,98.63339275,99.31199521,2.44444444,54.22222222,0.00000000,2.81462309,45.05408538,1505.15555556
mitdb,119,119,,clean_after_5min,125,11,4.88281250,1375,14.16206360,150,1660,1683,1660,23,0,100.00000000,98.63339275,99.31199521,2.44444444,54.22222222,0.00000000,1.41164849,51.04795895,1505.15555556
mitdb,119,119,,clean_after_5min,180,6,156.25000000,1080,11.12365723,150,1660,1660,1660,0,0,100.00000000,100.00000000,100.00000000,2.77777778,47.22222222,0.00000000,43.65943123,21.23872563,1505.15555556
mitdb,119,119,,clean_after_5min,180,7,78.12500000,1260,12.97760010,150,1660,1660,1660,0,0,100.00000000,100.00000000,100.00000000,2.77777778,47.22222222,0.00000000,22.70374218,26.91833818,1505.15555556
mitdb,119,119,,clean_after_5min,180,8,39.06250000,1440,14.83154297,150,1660,1660,1660,0,0,100.00000000,100.00000000,100.00000000,2.77777778,47.22222222,0.00000000,11.27060618,33.00134161,1505.15555556
mitdb,119,119,,clean_after_5min,180,9,19.53125000,1620,16.68548584,150,1660,1660,1660,0,0,100.00000000,100.00000000,100.00000000,2.77777778,47.22222222,0.00000000,5.63042589,39.02946217,1505.15555556
mitdb,119,119,,clean_after_5min,180,10,9.76562500,1800,18.53942871,150,1660,1660,1660,0,0,100.00000000,100.00000000,100.00000000,2.77777778,47.22222222,0.00000000,2.81975187,45.03606923,1505.15555556
mitdb,119,119,,clean_after_5min,180,11,4.88281250,1980,20.39337158,150,1660,1660,1660,0,0,100.00000000,100.00000000,100.00000000,2.77777778,47.22222222,0.00000000,1.40813094,51.06742629,1505.15555556
mitdb,119,119,,clean_after_5min,250,6,156.25000000,1500,15.44952393,150,1660,1660,1660,0,0,100.00000000,100.00000000,100.00000000,1.44444444,45.33888889,0.00000000,43.65035949,21.24053388,1505.15555556
mitdb,119,119,,clean_after_5min,250,7,78.12500000,1750,18.02444458,150,1660,1660,1660,0,0,100.00000000,100.00000000,100.00000000,1.44444444,45.44444444,0.00000000,22.69389731,26.92210866,1505.15555556
mitdb,119,119,,clean_after_5min,250,8,39.06250000,2000,20.59936523,150,1660,1660,1660,0,0,100.00000000,100.00000000,100.00000000,1.44444444,45.33888889,0.00000000,11.25871244,33.01051583,1505.15555556
mitdb,119,119,,clean_after_5min,250,9,19.53125000,2250,23.17428589,150,1660,1660,1660,0,0,100.00000000,100.00000000,100.00000000,1.44444444,45.44444444,0.00000000,5.63738261,39.01874014,1505.15555556
mitdb,119,119,,clean_after_5min,250,10,9.76562500,2500,25.74920654,150,1660,1660,1660,0,0,100.00000000,100.00000000,100.00000000,1.44444444,45.44444444,0.00000000,2.81857928,45.03968526,1505.15555556
mitdb,119,119,,clean_after_5min,250,11,4.88281250,2750,28.32412720,150,1660,1660,1660,0,0,100.00000000,100.00000000,100.00000000,1.44444444,45.44444444,0.00000000,1.41103946,51.04950719,1505.15555556
mitdb,119,119,,clean_after_5min,360,6,156.25000000,2160,22.24731445,150,1660,1660,1660,0,0,100.00000000,100.00000000,100.00000000,0.00000000,72.22222222,0.00000000,43.65613385,21.23603377,1505.15555556
mitdb,119,119,,clean_after_5min,360,7,78.12500000,2520,25.95520020,150,1660,1660,1660,0,0,100.00000000,100.00000000,100.00000000,0.00000000,75.00000000,0.00000000,22.70318359,26.91520400,1505.15555556
mitdb,119,119,,clean_after_5min,360,8,39.06250000,2880,29.66308594,150,1660,1660,1660,0,0,100.00000000,100.00000000,100.00000000,0.00000000,75.00000000,0.00000000,11.26372819,33.00329598,1505.15555556
mitdb,119,119,,clean_after_5min,360,9,19.53125000,3240,33.37097168,150,1660,1660,1660,0,0,100.00000000,100.00000000,100.00000000,0.00000000,75.00000000,0.00000000,5.63514331,39.01883992,1505.15555556
mitdb,119,119,,clean_after_5min,360,10,9.76562500,3600,37.07885742,150,1660,1660,1660,0,0,100.00000000,100.00000000,100.00000000,0.00000000,75.00000000,0.00000000,2.81857673,45.03634198,1505.15555556
mitdb,119,119,,clean_after_5min,360,11,4.88281250,3960,40.78674316,150,1660,1660,1660,0,0,100.00000000,100.00000000,100.00000000,0.00000000,75.00000000,0.00000000,1.40828397,51.06313452,1505.15555556
mitdb,121,121,,clean_after_5min,100,6,156.25000000,600,6.17980957,75,1560,1558,1556,2,4,99.74358974,99.87163030,99.80756895,62.22222222,67.77777778,0.00000000,49.44871202,10.88790408,1505.15555556
mitdb,121,121,,clean_after_5min,100,7,78.12500000,700,7.20977783,75,1560,1557,1556,1,4,99.74358974,99.93577392,99.83958935,62.77777778,68.33333333,0.00000000,22.27169656,17.81593774,1505.15555556
mitdb,121,121,,clean_after_5min,100,8,39.06250000,800,8.23974609,75,1560,1557,1556,1,4,99.74358974,99.93577392,99.83958935,62.77777778,67.77777778,0.00000000,11.26748779,23.73446184,1505.15555556
mitdb,121,121,,clean_after_5min,100,9,19.53125000,900,9.26971436,75,1560,1557,1556,1,4,99.74358974,99.93577392,99.83958935,62.77777778,67.77777778,0.00000000,5.64353146,29.73998475,1505.15555556
mitdb,121,121,,clean_after_5min,100,10,9.76562500,1000,10.29968262,75,1560,1557,1557,0,3,99.80769231,100.00000000,99.90375361,62.77777778,67.77777778,0.00000000,2.82120768,35.76230260,1505.15555556
mitdb,121,121,,clean_after_5min,100,11,4.88281250,1100,11.32965088,75,1560,1557,1556,1,4,99.74358974,99.93577392,99.83958935,62.77777778,67.77777778,0.00000000,1.40756217,41.80165202,1505.15555556
mitdb,121,121,,clean_after_5min,125,6,156.25000000,750,7.72476196,75,1560,1558,1558,0,2,99.87179487,100.00000000,99.93585632,2.55555556,59.11111111,0.00000000,49.43334508,10.89084564,1505.15555556
mitdb,121,121,,clean_after_5min,125,7,78.12500000,875,9.01222229,75,1560,1557,1557,0,3,99.80769231,100.00000000,99.90375361,3.22222222,59.44444444,0.00000000,22.26985713,17.81689702,1505.15555556
mitdb,121,121,,clean_after_5min,125,8,39.06250000,1000,10.29968262,75,1560,1557,1557,0,3,99.80769231,100.00000000,99.90375361,3.00000000,59.11111111,0.00000000,11.28376242,23.72216697,1505.15555556
mitdb,121,121,,clean_after_5min,125,9,19.53125000,1125,11.58714294,75,1560,1557,1557,0,3,99.80769231,100.00000000,99.90375361,3.00000000,59.02222222,0.00000000,5.62959578,29.76170139,1505.15555556
mitdb,121,121,,clean_after_5min,125,10,9.76562500,1250,12.87460327,75,1560,1557,1557,0,3,99.80769231,100.00000000,99.90375361,3.00000000,59.11111111,0.00000000,2.82013986,35.76583271,1505.15555556
mitdb,121,121,,clean_after_5min,125,11,4.88281250,1375,14.16206360,75,1560,1557,1557,0,3,99.80769231,100.00000000,99.90375361,3.00000000,59.00000000,0.00000000,1.40797883,41.79932311,1505.15555556
mitdb,121,121,,clean_after_5min,180,6,156.25000000,1080,11.12365723,75,1560,1558,1558,0,2,99.87179487,100.00000000,99.93585632,2.77777778,2.77777778,0.00000000,49.44496847,10.88738629,1505.15555556
mitdb,121,121,,clean_after_5min,180,7,78.12500000,1260,12.97760010,75,1560,1558,1558,0,2,99.87179487,100.00000000,99.93585632,2.77777778,2.77777778,0.00000000,22.27172000,17.81475321,1505.15555556
mitdb,121,121,,clean_after_5min,180,8,39.06250000,1440,14.83154297,75,1560,1558,1558,0,2,99.87179487,100.00000000,99.93585632,2.77777778,2.77777778,0.00000000,11.28022992,23.72346934,1505.15555556
mitdb,121,121,,clean_after_5min,180,9,19.53125000,1620,16.68548584,75,1560,1558,1558,0,2,99.87179487,100.00000000,99.93585632,2.77777778,2.77777778,0.00000000,5.63787969,29.74751229,1505.15555556
mitdb,121,121,,clean_after_5min,180,10,9.76562500,1800,18.53942871,75,1560,1558,1558,0,2,99.87179487,100.00000000,99.93585632,2.77777778,2.77777778,0.00000000,2.81856443,35.76926905,1505.15555556
mitdb,121,121,,clean_after_5min,180,11,4.88281250,1980,20.39337158,75,1560,1558,1558,0,2,99.87179487,100.00000000,99.93585632,2.77777778,2.77777778,0.00000000,1.41049575,41.78239272,1505.15555556
mitdb,121,121,,clean_after_5min,250,6,156.25000000,1500,15.44952393,75,1560,1559,1559,0,1,99.93589744,100.00000000,99.96793844,1.11111111,3.00000000,0.00000000,49.44510756,10.88752212,1505.15555556
mitdb,121,121,,clean_after_5min,250,7,78.12500000,1750,18.02444458,75,1560,1559,1559,0,1,99.93589744,100.00000000,99.96793844,1.11111111,2.88888889,0.00000000,22.26596599,17.81715781,1505.15555556
mitdb,121,121,,clean_after_5min,250,8,39.06250000,2000,20.59936523,75,1560,1559,1559,0,1,99.93589744,100.00000000,99.96793844,1.11111111,2.77777778,0.00000000,11.28267803,23.72174473,1505.15555556
mitdb,121,121,,clean_after_5min,250,9,19.53125000,2250,23.17428589,75,1560,1559,1559,0,1,99.93589744,100.00000000,99.96793844,1.11111111,2.88888889,0.00000000,5.63422613,29.75330317,1505.15555556
mitdb,121,121,,clean_after_5min,250,10,9.76562500,2500,25.74920654,75,1560,1559,1559,0,1,99.93589744,100.00000000,99.96793844,1.11111111,2.77777778,0.00000000,2.81873318,35.76890928,1505.15555556
mitdb,121,121,,clean_after_5min,250,11,4.88281250,2750,28.32412720,75,1560,1559,1559,0,1,99.93589744,100.00000000,99.96793844,1.11111111,2.88888889,0.00000000,1.41005797,41.78524927,1505.15555556
mitdb,121,121,,clean_after_5min,360,6,156.25000000,2160,22.24731445,75,1560,1559,1559,0,1,99.93589744,100.00000000,99.96793844,0.00000000,2.77777778,0.00000000,49.43898264,10.88447708,1505.15555556
mitdb,121,121,,clean_after_5min,360,7,78.12500000,2520,25.95520020,75,1560,1559,1559,0,1,99.93589744,100.00000000,99.96793844,0.00000000,2.77777778,0.00000000,22.27114351,17.81101726,1505.15555556
mitdb,121,121,,clean_after_5min,360,8,39.06250000,2880,29.66308594,75,1560,1559,1559,0,1,99.93589744,100.00000000,99.96793844,0.00000000,2.77777778,0.00000000,11.28091585,23.71898040,1505.15555556
mitdb,121,121,,clean_after_5min,360,9,19.53125000,3240,33.37097168,75,1560,1559,1559,0,1,99.93589744,100.00000000,99.96793844,0.00000000,2.77777778,0.00000000,5.63500210,29.74798594,1505.15555556
mitdb,121,121,,clean_after_5min,360,10,9.76562500,3600,37.07885742,75,1560,1559,1559,0,1,99.93589744,100.00000000,99.96793844,0.00000000,2.77777778,0.00000000,2.81835492,35.76595390,1505.15555556
mitdb,121,121,,clean_after_5min,360,11,4.88281250,3960,40.78674316,75,1560,1559,1559,0,1,99.93589744,100.00000000,99.96793844,0.00000000,2.77777778,0.00000000,1.40973269,41.78313219,1505.15555556
mitdb,121,121,,clean_after_5min,100,6,156.25000000,600,6.17980957,150,1560,1558,1557,1,3,99.80769231,99.93581515,99.87171264,62.22222222,67.77777778,0.00000000,49.44871202,10.88790408,1505.15555556
mitdb,121,121,,clean_after_5min,100,7,78.12500000,700,7.20977783,150,1560,1557,1556,1,4,99.74358974,99.93577392,99.83958935,62.77777778,68.33333333,0.00000000,22.27169656,17.81593774,1505.15555556
mitdb,121,121,,clean_after_5min,100,8,39.06250000,800,8.23974609,150,1560,1557,1556,1,4,99.74358974,99.93577392,99.83958935,62.77777778,67.77777778,0.00000000,11.26748779,23.73446184,1505.15555556
mitdb,121,121,,clean_after_5min,100,9,19.53125000,900,9.26971436,150,1560,1557,1556,1,4,99.74358974,99.93577392,99.83958935,62.77777778,67.77777778,0.00000000,5.64353146,29.73998475,1505.15555556
mitdb,121,121,,clean_after_5min,100,10,9.76562500,1000,10.29968262,150,1560,1557,1557,0,3,99.80769231,100.00000000,99.90375361,62.77777778,67.77777778,0.00000000,2.82120768,35.76230260,1505.15555556
mitdb,121,121,,clean_after_5min,100,11,4.88281250,1100,11.32965088,150,1560,1557,1556,1,4,99.74358974,99.93577392,99.83958935,62.77777778,67.77777778,0.00000000,1.40756217,41.80165202,1505.15555556
mitdb,121,121,,clean_after_5min,125,6,156.25000000,750,7.72476196,150,1560,1558,1558,0,2,99.87179487,100.00000000,99.93585632,2.55555556,59.11111111,0.00000000,49.43334508,10.89084564,1505.15555556
mitdb,121,121,,clean_after_5min,125,7,78.12500000,875,9.01222229,150,1560,1557,1557,0,3,99.80769231,100.00000000,99.90375361,3.22222222,59.44444444,0.00000000,22.26985713,17.81689702,1505.15555556
mitdb,121,121,,clean_after_5min,125,8,39.06250000,1000,10.29968262,150,1560,1557,1557,0,3,99.80769231,100.00000000,99.90375361,3.00000000,59.11111111,0.00000000,11.28376242,23.72216697,1505.15555556
mitdb,121,121,,clean_after_5min,125,9,19.53125000,1125,11.58714294,150,1560,1557,1557,0,3,99.80769231,100.00000000,99.90375361,3.00000000,59.02222222,0.00000000,5.62959578,29.76170139,1505.15555556
mitdb,121,121,,clean_after_5min,125,10,9.76562500,1250,12.87460327,150,1560,1557,1557,0,3,99.80769231,100.00000000,99.90375361,3.00000000,59.11111111,0.00000000,2.82013986,35.76583271,1505.15555556
mitdb,121,121,,clean_after_5min,125,11,4.88281250,1375,14.16206360,150,1560,1557,1557,0,3,99.80769231,100.00000000,99.90375361,3.00000000,59.00000000,0.00000000,1.40797883,41.79932311,1505.15555556
mitdb,121,121,,clean_after_5min,180,6,156.25000000,1080,11.12365723,150,1560,1558,1558,0,2,99.87179487,100.00000000,99.93585632,2.77777778,2.77777778,0.00000000,49.44496847,10.88738629,1505.15555556
mitdb,121,121,,clean_after_5min,180,7,78.12500000,1260,12.97760010,150,1560,1558,1558,0,2,99.87179487,100.00000000,99.93585632,2.77777778,2.77777778,0.00000000,22.27172000,17.81475321,1505.15555556
mitdb,121,121,,clean_after_5min,180,8,39.06250000,1440,14.83154297,150,1560,1558,1558,0,2,99.87179487,100.00000000,99.93585632,2.77777778,2.77777778,0.00000000,11.28022992,23.72346934,1505.15555556
mitdb,121,121,,clean_after_5min,180,9,19.53125000,1620,16.68548584,150,1560,1558,1558,0,2,99.87179487,100.00000000,99.93585632,2.77777778,2.77777778,0.00000000,5.63787969,29.74751229,1505.15555556
mitdb,121,121,,clean_after_5min,180,10,9.76562500,1800,18.53942871,150,1560,1558,1558,0,2,99.87179487,100.00000000,99.93585632,2.77777778,2.77777778,0.00000000,2.81856443,35.76926905,1505.15555556
mitdb,121,121,,clean_after_5min,180,11,4.88281250,1980,20.39337158,150,1560,1558,1558,0,2,99.87179487,100.00000000,99.93585632,2.77777778,2.77777778,0.00000000,1.41049575,41.78239272,1505.15555556
mitdb,121,121,,clean_after_5min,250,6,156.25000000,1500,15.44952393,150,1560,1559,1559,0,1,99.93589744,100.00000000,99.96793844,1.11111111,3.00000000,0.00000000,49.44510756,10.88752212,1505.15555556
mitdb,121,121,,clean_after_5min,250,7,78.12500000,1750,18.02444458,150,1560,1559,1559,0,1,99.93589744,100.00000000,99.96793844,1.11111111,2.88888889,0.00000000,22.26596599,17.81715781,1505.15555556
mitdb,121,121,,clean_after_5min,250,8,39.06250000,2000,20.59936523,150,1560,1559,1559,0,1,99.93589744,100.00000000,99.96793844,1.11111111,2.77777778,0.00000000,11.28267803,23.72174473,1505.15555556
mitdb,121,121,,clean_after_5min,250,9,19.53125000,2250,23.17428589,150,1560,1559,1559,0,1,99.93589744,100.00000000,99.96793844,1.11111111,2.88888889,0.00000000,5.63422613,29.75330317,1505.15555556
mitdb,121,121,,clean_after_5min,250,10,9.76562500,2500,25.74920654,150,1560,1559,1559,0,1,99.93589744,100.00000000,99.96793844,1.11111111,2.77777778,0.00000000,2.81873318,35.76890928,1505.15555556
mitdb,121,121,,clean_after_5min,250,11,4.88281250,2750,28.32412720,150,1560,1559,1559,0,1,99.93589744,100.00000000,99.96793844,1.11111111,2.88888889,0.00000000,1.41005797,41.78524927,1505.15555556
mitdb,121,121,,clean_after_5min,360,6,156.25000000,2160,22.24731445,150,1560,1559,1559,0,1,99.93589744,100.00000000,99.96793844,0.00000000,2.77777778,0.00000000,49.43898264,10.88447708,1505.15555556
mitdb,121,121,,clean_after_5min,360,7,78.12500000,2520,25.95520020,150,1560,1559,1559,0,1,99.93589744,100.00000000,99.96793844,0.00000000,2.77777778,0.00000000,22.27114351,17.81101726,1505.15555556
mitdb,121,121,,clean_after_5min,360,8,39.06250000,2880,29.66308594,150,1560,1559,1559,0,1,99.93589744,100.00000000,99.96793844,0.00000000,2.77777778,0.00000000,11.28091585,23.71898040,1505.15555556
mitdb,121,121,,clean_after_5min,360,9,19.53125000,3240,33.37097168,150,1560,1559,1559,0,1,99.93589744,100.00000000,99.96793844,0.00000000,2.77777778,0.00000000,5.63500210,29.74798594,1505.15555556
mitdb,121,121,,clean_after_5min,360,10,9.76562500,3600,37.07885742,150,1560,1559,1559,0,1,99.93589744,100.00000000,99.96793844,0.00000000,2.77777778,0.00000000,2.81835492,35.76595390,1505.15555556
mitdb,121,121,,clean_after_5min,360,11,4.88281250,3960,40.78674316,150,1560,1559,1559,0,1,99.93589744,100.00000000,99.96793844,0.00000000,2.77777778,0.00000000,1.40973269,41.78313219,1505.15555556
mitdb,122,122,,clean_after_5min,100,6,156.25000000,600,6.17980957,75,2054,2054,2053,1,1,99.95131451,99.95131451,99.95131451,60.00000000,65.00000000,0.00000000,45.60529711,17.88325673,1505.15555556
mitdb,122,122,,clean_after_5min,100,7,78.12500000,700,7.20977783,75,2054,2054,2054,0,0,100.00000000,100.00000000,100.00000000,59.44444444,63.88888889,0.00000000,23.97434060,23.46862910,1505.15555556
mitdb,122,122,,clean_after_5min,100,8,39.06250000,800,8.23974609,75,2054,2054,2053,1,1,99.95131451,99.95131451,99.95131451,59.44444444,63.88888889,0.00000000,11.24666981,30.04308362,1505.15555556
mitdb,122,122,,clean_after_5min,100,9,19.53125000,900,9.26971436,75,2054,2054,2053,1,1,99.95131451,99.95131451,99.95131451,59.44444444,64.44444444,0.00000000,5.64023342,36.03762098,1505.15555556
mitdb,122,122,,clean_after_5min,100,10,9.76562500,1000,10.29968262,75,2054,2054,2054,0,0,100.00000000,100.00000000,100.00000000,59.44444444,64.44444444,0.00000000,2.82001680,42.05852860,1505.15555556
mitdb,122,122,,clean_after_5min,100,11,4.88281250,1100,11.32965088,75,2054,2054,2054,0,0,100.00000000,100.00000000,100.00000000,59.44444444,64.08333333,0.00000000,1.40863959,48.08756470,1505.15555556
mitdb,122,122,,clean_after_5min,125,6,156.25000000,750,7.72476196,75,2054,2054,2054,0,0,100.00000000,100.00000000,100.00000000,2.11111111,5.44444444,0.00000000,45.57176608,17.88985298,1505.15555556
mitdb,122,122,,clean_after_5min,125,7,78.12500000,875,9.01222229,75,2054,2054,2054,0,0,100.00000000,100.00000000,100.00000000,2.00000000,4.88888889,0.00000000,23.96896642,23.47078403,1505.15555556
mitdb,122,122,,clean_after_5min,125,8,39.06250000,1000,10.29968262,75,2054,2054,2054,0,0,100.00000000,100.00000000,100.00000000,2.00000000,4.77777778,0.00000000,11.25820870,30.03438427,1505.15555556
mitdb,122,122,,clean_after_5min,125,9,19.53125000,1125,11.58714294,75,2054,2054,2054,0,0,100.00000000,100.00000000,100.00000000,2.00000000,4.77777778,0.00000000,5.64551753,36.02969497,1505.15555556
mitdb,122,122,,clean_after_5min,125,10,9.76562500,1250,12.87460327,75,2054,2054,2054,0,0,100.00000000,100.00000000,100.00000000,2.00000000,4.77777778,0.00000000,2.81930547,42.06092750,1505.15555556
mitdb,122,122,,clean_after_5min,125,11,4.88281250,1375,14.16206360,75,2054,2054,2054,0,0,100.00000000,100.00000000,100.00000000,2.00000000,4.77777778,0.00000000,1.40607886,48.10357662,1505.15555556
mitdb,122,122,,clean_after_5min,180,6,156.25000000,1080,11.12365723,75,2054,2054,2054,0,0,100.00000000,100.00000000,100.00000000,0.00000000,2.77777778,0.00000000,45.55787009,17.89081449,1505.15555556
mitdb,122,122,,clean_after_5min,180,7,78.12500000,1260,12.97760010,75,2054,2054,2054,0,0,100.00000000,100.00000000,100.00000000,0.00000000,2.77777778,0.00000000,23.94618357,23.47735658,1505.15555556
mitdb,122,122,,clean_after_5min,180,8,39.06250000,1440,14.83154297,75,2054,2054,2054,0,0,100.00000000,100.00000000,100.00000000,0.00000000,2.77777778,0.00000000,11.26691587,30.02598170,1505.15555556
mitdb,122,122,,clean_after_5min,180,9,19.53125000,1620,16.68548584,75,2054,2054,2054,0,0,100.00000000,100.00000000,100.00000000,0.00000000,2.77777778,0.00000000,5.64079426,36.03527753,1505.15555556
mitdb,122,122,,clean_after_5min,180,10,9.76562500,1800,18.53942871,75,2054,2054,2054,0,0,100.00000000,100.00000000,100.00000000,0.00000000,2.77777778,0.00000000,2.81751336,42.06476304,1505.15555556
mitdb,122,122,,clean_after_5min,180,11,4.88281250,1980,20.39337158,75,2054,2054,2054,0,0,100.00000000,100.00000000,100.00000000,0.00000000,2.77777778,0.00000000,1.40769798,48.09189297,1505.15555556
mitdb,122,122,,clean_after_5min,250,6,156.25000000,1500,15.44952393,75,2054,2054,2054,0,0,100.00000000,100.00000000,100.00000000,1.00000000,2.77777778,0.00000000,45.58327409,17.88674802,1505.15555556
mitdb,122,122,,clean_after_5min,250,7,78.12500000,1750,18.02444458,75,2054,2054,2053,1,1,99.95131451,99.95131451,99.95131451,1.11111111,2.77777778,0.00000000,23.95094822,23.47640410,1505.15555556
mitdb,122,122,,clean_after_5min,250,8,39.06250000,2000,20.59936523,75,2054,2054,2054,0,0,100.00000000,100.00000000,100.00000000,1.11111111,2.77777778,0.00000000,11.26015343,30.03197217,1505.15555556
mitdb,122,122,,clean_after_5min,250,9,19.53125000,2250,23.17428589,75,2054,2054,2053,1,1,99.95131451,99.95131451,99.95131451,1.11111111,2.77777778,0.00000000,5.64385505,36.03134131,1505.15555556
mitdb,122,122,,clean_after_5min,250,10,9.76562500,2500,25.74920654,75,2054,2054,2054,0,0,100.00000000,100.00000000,100.00000000,1.11111111,2.77777778,0.00000000,2.81812778,42.06364472,1505.15555556
mitdb,122,122,,clean_after_5min,250,11,4.88281250,2750,28.32412720,75,2054,2054,2054,0,0,100.00000000,100.00000000,100.00000000,1.11111111,2.77777778,0.00000000,1.40688239,48.09770245,1505.15555556
mitdb,122,122,,clean_after_5min,360,6,156.25000000,2160,22.24731445,75,2054,2054,2053,1,1,99.95131451,99.95131451,99.95131451,0.00000000,2.77777778,0.00000000,45.58072601,17.88140172,1505.15555556
mitdb,122,122,,clean_after_5min,360,7,78.12500000,2520,25.95520020,75,2054,2055,2054,1,0,100.00000000,99.95133820,99.97566318,0.00000000,2.77777778,0.00000000,23.95168914,23.47030356,1505.15555556
mitdb,122,122,,clean_after_5min,360,8,39.06250000,2880,29.66308594,75,2054,2055,2054,1,0,100.00000000,99.95133820,99.97566318,0.00000000,2.77777778,0.00000000,11.26483945,30.02252636,1505.15555556
mitdb,122,122,,clean_after_5min,360,9,19.53125000,3240,33.37097168,75,2054,2055,2054,1,0,100.00000000,99.95133820,99.97566318,0.00000000,2.77777778,0.00000000,5.64381822,36.02556614,1505.15555556
mitdb,122,122,,clean_after_5min,360,10,9.76562500,3600,37.07885742,75,2054,2055,2054,1,0,100.00000000,99.95133820,99.97566318,0.00000000,2.77777778,0.00000000,2.81586440,42.06479174,1505.15555556
mitdb,122,122,,clean_after_5min,360,11,4.88281250,3960,40.78674316,75,2054,2055,2054,1,0,100.00000000,99.95133820,99.97566318,0.00000000,2.77777778,0.00000000,1.40823967,48.08349499,1505.15555556
mitdb,122,122,,clean_after_5min,100,6,156.25000000,600,6.17980957,150,2054,2054,2053,1,1,99.95131451,99.95131451,99.95131451,60.00000000,65.00000000,0.00000000,45.60529711,17.88325673,1505.15555556
mitdb,122,122,,clean_after_5min,100,7,78.12500000,700,7.20977783,150,2054,2054,2054,0,0,100.00000000,100.00000000,100.00000000,59.44444444,63.88888889,0.00000000,23.97434060,23.46862910,1505.15555556
mitdb,122,122,,clean_after_5min,100,8,39.06250000,800,8.23974609,150,2054,2054,2053,1,1,99.95131451,99.95131451,99.95131451,59.44444444,63.88888889,0.00000000,11.24666981,30.04308362,1505.15555556
mitdb,122,122,,clean_after_5min,100,9,19.53125000,900,9.26971436,150,2054,2054,2053,1,1,99.95131451,99.95131451,99.95131451,59.44444444,64.44444444,0.00000000,5.64023342,36.03762098,1505.15555556
mitdb,122,122,,clean_after_5min,100,10,9.76562500,1000,10.29968262,150,2054,2054,2054,0,0,100.00000000,100.00000000,100.00000000,59.44444444,64.44444444,0.00000000,2.82001680,42.05852860,1505.15555556
mitdb,122,122,,clean_after_5min,100,11,4.88281250,1100,11.32965088,150,2054,2054,2054,0,0,100.00000000,100.00000000,100.00000000,59.44444444,64.08333333,0.00000000,1.40863959,48.08756470,1505.15555556
mitdb,122,122,,clean_after_5min,125,6,156.25000000,750,7.72476196,150,2054,2054,2054,0,0,100.00000000,100.00000000,100.00000000,2.11111111,5.44444444,0.00000000,45.57176608,17.88985298,1505.15555556
mitdb,122,122,,clean_after_5min,125,7,78.12500000,875,9.01222229,150,2054,2054,2054,0,0,100.00000000,100.00000000,100.00000000,2.00000000,4.88888889,0.00000000,23.96896642,23.47078403,1505.15555556
mitdb,122,122,,clean_after_5min,125,8,39.06250000,1000,10.29968262,150,2054,2054,2054,0,0,100.00000000,100.00000000,100.00000000,2.00000000,4.77777778,0.00000000,11.25820870,30.03438427,1505.15555556
mitdb,122,122,,clean_after_5min,125,9,19.53125000,1125,11.58714294,150,2054,2054,2054,0,0,100.00000000,100.00000000,100.00000000,2.00000000,4.77777778,0.00000000,5.64551753,36.02969497,1505.15555556
mitdb,122,122,,clean_after_5min,125,10,9.76562500,1250,12.87460327,150,2054,2054,2054,0,0,100.00000000,100.00000000,100.00000000,2.00000000,4.77777778,0.00000000,2.81930547,42.06092750,1505.15555556
mitdb,122,122,,clean_after_5min,125,11,4.88281250,1375,14.16206360,150,2054,2054,2054,0,0,100.00000000,100.00000000,100.00000000,2.00000000,4.77777778,0.00000000,1.40607886,48.10357662,1505.15555556
mitdb,122,122,,clean_after_5min,180,6,156.25000000,1080,11.12365723,150,2054,2054,2054,0,0,100.00000000,100.00000000,100.00000000,0.00000000,2.77777778,0.00000000,45.55787009,17.89081449,1505.15555556
mitdb,122,122,,clean_after_5min,180,7,78.12500000,1260,12.97760010,150,2054,2054,2054,0,0,100.00000000,100.00000000,100.00000000,0.00000000,2.77777778,0.00000000,23.94618357,23.47735658,1505.15555556
mitdb,122,122,,clean_after_5min,180,8,39.06250000,1440,14.83154297,150,2054,2054,2054,0,0,100.00000000,100.00000000,100.00000000,0.00000000,2.77777778,0.00000000,11.26691587,30.02598170,1505.15555556
mitdb,122,122,,clean_after_5min,180,9,19.53125000,1620,16.68548584,150,2054,2054,2054,0,0,100.00000000,100.00000000,100.00000000,0.00000000,2.77777778,0.00000000,5.64079426,36.03527753,1505.15555556
mitdb,122,122,,clean_after_5min,180,10,9.76562500,1800,18.53942871,150,2054,2054,2054,0,0,100.00000000,100.00000000,100.00000000,0.00000000,2.77777778,0.00000000,2.81751336,42.06476304,1505.15555556
mitdb,122,122,,clean_after_5min,180,11,4.88281250,1980,20.39337158,150,2054,2054,2054,0,0,100.00000000,100.00000000,100.00000000,0.00000000,2.77777778,0.00000000,1.40769798,48.09189297,1505.15555556
mitdb,122,122,,clean_after_5min,250,6,156.25000000,1500,15.44952393,150,2054,2054,2054,0,0,100.00000000,100.00000000,100.00000000,1.00000000,2.77777778,0.00000000,45.58327409,17.88674802,1505.15555556
mitdb,122,122,,clean_after_5min,250,7,78.12500000,1750,18.02444458,150,2054,2054,2053,1,1,99.95131451,99.95131451,99.95131451,1.11111111,2.77777778,0.00000000,23.95094822,23.47640410,1505.15555556
mitdb,122,122,,clean_after_5min,250,8,39.06250000,2000,20.59936523,150,2054,2054,2054,0,0,100.00000000,100.00000000,100.00000000,1.11111111,2.77777778,0.00000000,11.26015343,30.03197217,1505.15555556
mitdb,122,122,,clean_after_5min,250,9,19.53125000,2250,23.17428589,150,2054,2054,2053,1,1,99.95131451,99.95131451,99.95131451,1.11111111,2.77777778,0.00000000,5.64385505,36.03134131,1505.15555556
mitdb,122,122,,clean_after_5min,250,10,9.76562500,2500,25.74920654,150,2054,2054,2054,0,0,100.00000000,100.00000000,100.00000000,1.11111111,2.77777778,0.00000000,2.81812778,42.06364472,1505.15555556
mitdb,122,122,,clean_after_5min,250,11,4.88281250,2750,28.32412720,150,2054,2054,2054,0,0,100.00000000,100.00000000,100.00000000,1.11111111,2.77777778,0.00000000,1.40688239,48.09770245,1505.15555556
mitdb,122,122,,clean_after_5min,360,6,156.25000000,2160,22.24731445,150,2054,2054,2053,1,1,99.95131451,99.95131451,99.95131451,0.00000000,2.77777778,0.00000000,45.58072601,17.88140172,1505.15555556
mitdb,122,122,,clean_after_5min,360,7,78.12500000,2520,25.95520020,150,2054,2055,2054,1,0,100.00000000,99.95133820,99.97566318,0.00000000,2.77777778,0.00000000,23.95168914,23.47030356,1505.15555556
mitdb,122,122,,clean_after_5min,360,8,39.06250000,2880,29.66308594,150,2054,2055,2054,1,0,100.00000000,99.95133820,99.97566318,0.00000000,2.77777778,0.00000000,11.26483945,30.02252636,1505.15555556
mitdb,122,122,,clean_after_5min,360,9,19.53125000,3240,33.37097168,150,2054,2055,2054,1,0,100.00000000,99.95133820,99.97566318,0.00000000,2.77777778,0.00000000,5.64381822,36.02556614,1505.15555556
mitdb,122,122,,clean_after_5min,360,10,9.76562500,3600,37.07885742,150,2054,2055,2054,1,0,100.00000000,99.95133820,99.97566318,0.00000000,2.77777778,0.00000000,2.81586440,42.06479174,1505.15555556
mitdb,122,122,,clean_after_5min,360,11,4.88281250,3960,40.78674316,150,2054,2055,2054,1,0,100.00000000,99.95133820,99.97566318,0.00000000,2.77777778,0.00000000,1.40823967,48.08349499,1505.15555556
mitdb,123,123,,clean_after_5min,100,6,156.25000000,600,6.17980957,75,1269,1269,1269,0,0,100.00000000,100.00000000,100.00000000,5.00000000,66.11111111,0.00000000,50.17636989,14.79073349,1505.15555556
mitdb,123,123,,clean_after_5min,100,7,78.12500000,700,7.20977783,75,1269,1270,1269,1,0,100.00000000,99.92125984,99.96061442,4.44444444,65.00000000,0.00000000,21.59506766,22.11362687,1505.15555556
mitdb,123,123,,clean_after_5min,100,8,39.06250000,800,8.23974609,75,1269,1270,1269,1,0,100.00000000,99.92125984,99.96061442,4.44444444,65.00000000,0.00000000,11.29223775,27.74511799,1505.15555556
mitdb,123,123,,clean_after_5min,100,9,19.53125000,900,9.26971436,75,1269,1269,1269,0,0,100.00000000,100.00000000,100.00000000,4.44444444,63.88888889,0.00000000,5.63930832,33.77620147,1505.15555556
mitdb,123,123,,clean_after_5min,100,10,9.76562500,1000,10.29968262,75,1269,1270,1269,1,0,100.00000000,99.92125984,99.96061442,4.44444444,65.00000000,0.00000000,2.82075123,39.79342253,1505.15555556
mitdb,123,123,,clean_after_5min,100,11,4.88281250,1100,11.32965088,75,1269,1270,1269,1,0,100.00000000,99.92125984,99.96061442,4.44444444,65.00000000,0.00000000,1.40860346,45.82494327,1505.15555556
mitdb,123,123,,clean_after_5min,125,6,156.25000000,750,7.72476196,75,1269,1269,1269,0,0,100.00000000,100.00000000,100.00000000,3.11111111,7.33333333,0.00000000,50.18584496,14.78904648,1505.15555556
mitdb,123,123,,clean_after_5min,125,7,78.12500000,875,9.01222229,75,1269,1269,1269,0,0,100.00000000,100.00000000,100.00000000,3.00000000,7.22222222,0.00000000,21.57126562,22.12315876,1505.15555556
mitdb,123,123,,clean_after_5min,125,8,39.06250000,1000,10.29968262,75,1269,1269,1269,0,0,100.00000000,100.00000000,100.00000000,3.00000000,7.22222222,0.00000000,11.28301551,27.75216759,1505.15555556
mitdb,123,123,,clean_after_5min,125,9,19.53125000,1125,11.58714294,75,1269,1269,1269,0,0,100.00000000,100.00000000,100.00000000,3.00000000,7.22222222,0.00000000,5.64188995,33.77217909,1505.15555556
mitdb,123,123,,clean_after_5min,125,10,9.76562500,1250,12.87460327,75,1269,1269,1269,0,0,100.00000000,100.00000000,100.00000000,3.00000000,7.22222222,0.00000000,2.81810995,39.80151262,1505.15555556
mitdb,123,123,,clean_after_5min,125,11,4.88281250,1375,14.16206360,75,1269,1269,1269,0,0,100.00000000,100.00000000,100.00000000,3.00000000,7.22222222,0.00000000,1.40902540,45.82229486,1505.15555556
mitdb,123,123,,clean_after_5min,180,6,156.25000000,1080,11.12365723,75,1269,1266,1266,0,3,99.76359338,100.00000000,99.88165680,2.77777778,5.55555556,0.00000000,50.18214832,14.78814638,1505.15555556
mitdb,123,123,,clean_after_5min,180,7,78.12500000,1260,12.97760010,75,1269,1266,1266,0,3,99.76359338,100.00000000,99.88165680,2.77777778,5.55555556,0.00000000,21.60323603,22.10875516,1505.15555556
mitdb,123,123,,clean_after_5min,180,8,39.06250000,1440,14.83154297,75,1269,1266,1266,0,3,99.76359338,100.00000000,99.88165680,2.77777778,5.55555556,0.00000000,11.27328230,27.75812372,1505.15555556
mitdb,123,123,,clean_after_5min,180,9,19.53125000,1620,16.68548584,75,1269,1266,1266,0,3,99.76359338,100.00000000,99.88165680,2.77777778,5.55555556,0.00000000,5.63549152,33.78049535,1505.15555556
mitdb,123,123,,clean_after_5min,180,10,9.76562500,1800,18.53942871,75,1269,1266,1266,0,3,99.76359338,100.00000000,99.88165680,2.77777778,5.55555556,0.00000000,2.82197233,39.78807635,1505.15555556
mitdb,123,123,,clean_after_5min,180,11,4.88281250,1980,20.39337158,75,1269,1266,1266,0,3,99.76359338,100.00000000,99.88165680,2.77777778,5.55555556,0.00000000,1.41168326,45.80438606,1505.15555556
mitdb,123,123,,clean_after_5min,250,6,156.25000000,1500,15.44952393,75,1269,1266,1266,0,3,99.76359338,100.00000000,99.88165680,1.11111111,3.11111111,0.00000000,50.19405516,14.78782781,1505.15555556
mitdb,123,123,,clean_after_5min,250,7,78.12500000,1750,18.02444458,75,1269,1266,1266,0,3,99.76359338,100.00000000,99.88165680,1.11111111,3.00000000,0.00000000,21.58877367,22.11631402,1505.15555556
mitdb,123,123,,clean_after_5min,250,8,39.06250000,2000,20.59936523,75,1269,1266,1266,0,3,99.76359338,100.00000000,99.88165680,1.11111111,3.00000000,0.00000000,11.28565727,27.75033634,1505.15555556
mitdb,123,123,,clean_after_5min,250,9,19.53125000,2250,23.17428589,75,1269,1266,1266,0,3,99.76359338,100.00000000,99.88165680,1.11111111,3.00000000,0.00000000,5.63853246,33.77755178,1505.15555556
mitdb,123,123,,clean_after_5min,250,10,9.76562500,2500,25.74920654,75,1269,1266,1266,0,3,99.76359338,100.00000000,99.88165680,1.11111111,3.00000000,0.00000000,2.82036824,39.79475718,1505.15555556
mitdb,123,123,,clean_after_5min,250,11,4.88281250,2750,28.32412720,75,1269,1266,1266,0,3,99.76359338,100.00000000,99.88165680,1.11111111,3.00000000,0.00000000,1.40804943,45.82851543,1505.15555556
mitdb,123,123,,clean_after_5min,360,6,156.25000000,2160,22.24731445,75,1269,1266,1266,0,3,99.76359338,100.00000000,99.88165680,0.00000000,2.77777778,0.00000000,50.18693243,14.78272435,1505.15555556
mitdb,123,123,,clean_after_5min,360,7,78.12500000,2520,25.95520020,75,1269,1266,1266,0,3,99.76359338,100.00000000,99.88165680,0.00000000,2.77777778,0.00000000,21.59494674,22.10749462,1505.15555556
mitdb,123,123,,clean_after_5min,360,8,39.06250000,2880,29.66308594,75,1269,1266,1266,0,3,99.76359338,100.00000000,99.88165680,0.00000000,2.77777778,0.00000000,11.28741569,27.74264698,1505.15555556
mitdb,123,123,,clean_after_5min,360,9,19.53125000,3240,33.37097168,75,1269,1266,1266,0,3,99.76359338,100.00000000,99.88165680,0.00000000,2.77777778,0.00000000,5.63374373,33.77859562,1505.15555556
mitdb,123,123,,clean_after_5min,360,10,9.76562500,3600,37.07885742,75,1269,1266,1266,0,3,99.76359338,100.00000000,99.88165680,0.00000000,2.77777778,0.00000000,2.82152588,39.78485662,1505.15555556
mitdb,123,123,,clean_after_5min,360,11,4.88281250,3960,40.78674316,75,1269,1266,1266,0,3,99.76359338,100.00000000,99.88165680,0.00000000,2.77777778,0.00000000,1.41155282,45.80059469,1505.15555556
mitdb,123,123,,clean_after_5min,100,6,156.25000000,600,6.17980957,150,1269,1269,1269,0,0,100.00000000,100.00000000,100.00000000,5.00000000,66.11111111,0.00000000,50.17636989,14.79073349,1505.15555556
mitdb,123,123,,clean_after_5min,100,7,78.12500000,700,7.20977783,150,1269,1270,1269,1,0,100.00000000,99.92125984,99.96061442,4.44444444,65.00000000,0.00000000,21.59506766,22.11362687,1505.15555556
mitdb,123,123,,clean_after_5min,100,8,39.06250000,800,8.23974609,150,1269,1270,1269,1,0,100.00000000,99.92125984,99.96061442,4.44444444,65.00000000,0.00000000,11.29223775,27.74511799,1505.15555556
mitdb,123,123,,clean_after_5min,100,9,19.53125000,900,9.26971436,150,1269,1269,1269,0,0,100.00000000,100.00000000,100.00000000,4.44444444,63.88888889,0.00000000,5.63930832,33.77620147,1505.15555556
mitdb,123,123,,clean_after_5min,100,10,9.76562500,1000,10.29968262,150,1269,1270,1269,1,0,100.00000000,99.92125984,99.96061442,4.44444444,65.00000000,0.00000000,2.82075123,39.79342253,1505.15555556
mitdb,123,123,,clean_after_5min,100,11,4.88281250,1100,11.32965088,150,1269,1270,1269,1,0,100.00000000,99.92125984,99.96061442,4.44444444,65.00000000,0.00000000,1.40860346,45.82494327,1505.15555556
mitdb,123,123,,clean_after_5min,125,6,156.25000000,750,7.72476196,150,1269,1269,1269,0,0,100.00000000,100.00000000,100.00000000,3.11111111,7.33333333,0.00000000,50.18584496,14.78904648,1505.15555556
mitdb,123,123,,clean_after_5min,125,7,78.12500000,875,9.01222229,150,1269,1269,1269,0,0,100.00000000,100.00000000,100.00000000,3.00000000,7.22222222,0.00000000,21.57126562,22.12315876,1505.15555556
mitdb,123,123,,clean_after_5min,125,8,39.06250000,1000,10.29968262,150,1269,1269,1269,0,0,100.00000000,100.00000000,100.00000000,3.00000000,7.22222222,0.00000000,11.28301551,27.75216759,1505.15555556
mitdb,123,123,,clean_after_5min,125,9,19.53125000,1125,11.58714294,150,1269,1269,1269,0,0,100.00000000,100.00000000,100.00000000,3.00000000,7.22222222,0.00000000,5.64188995,33.77217909,1505.15555556
mitdb,123,123,,clean_after_5min,125,10,9.76562500,1250,12.87460327,150,1269,1269,1269,0,0,100.00000000,100.00000000,100.00000000,3.00000000,7.22222222,0.00000000,2.81810995,39.80151262,1505.15555556
mitdb,123,123,,clean_after_5min,125,11,4.88281250,1375,14.16206360,150,1269,1269,1269,0,0,100.00000000,100.00000000,100.00000000,3.00000000,7.22222222,0.00000000,1.40902540,45.82229486,1505.15555556
mitdb,123,123,,clean_after_5min,180,6,156.25000000,1080,11.12365723,150,1269,1266,1266,0,3,99.76359338,100.00000000,99.88165680,2.77777778,5.55555556,0.00000000,50.18214832,14.78814638,1505.15555556
mitdb,123,123,,clean_after_5min,180,7,78.12500000,1260,12.97760010,150,1269,1266,1266,0,3,99.76359338,100.00000000,99.88165680,2.77777778,5.55555556,0.00000000,21.60323603,22.10875516,1505.15555556
mitdb,123,123,,clean_after_5min,180,8,39.06250000,1440,14.83154297,150,1269,1266,1266,0,3,99.76359338,100.00000000,99.88165680,2.77777778,5.55555556,0.00000000,11.27328230,27.75812372,1505.15555556
mitdb,123,123,,clean_after_5min,180,9,19.53125000,1620,16.68548584,150,1269,1266,1266,0,3,99.76359338,100.00000000,99.88165680,2.77777778,5.55555556,0.00000000,5.63549152,33.78049535,1505.15555556
mitdb,123,123,,clean_after_5min,180,10,9.76562500,1800,18.53942871,150,1269,1266,1266,0,3,99.76359338,100.00000000,99.88165680,2.77777778,5.55555556,0.00000000,2.82197233,39.78807635,1505.15555556
mitdb,123,123,,clean_after_5min,180,11,4.88281250,1980,20.39337158,150,1269,1266,1266,0,3,99.76359338,100.00000000,99.88165680,2.77777778,5.55555556,0.00000000,1.41168326,45.80438606,1505.15555556
mitdb,123,123,,clean_after_5min,250,6,156.25000000,1500,15.44952393,150,1269,1266,1266,0,3,99.76359338,100.00000000,99.88165680,1.11111111,3.11111111,0.00000000,50.19405516,14.78782781,1505.15555556
mitdb,123,123,,clean_after_5min,250,7,78.12500000,1750,18.02444458,150,1269,1266,1266,0,3,99.76359338,100.00000000,99.88165680,1.11111111,3.00000000,0.00000000,21.58877367,22.11631402,1505.15555556
mitdb,123,123,,clean_after_5min,250,8,39.06250000,2000,20.59936523,150,1269,1266,1266,0,3,99.76359338,100.00000000,99.88165680,1.11111111,3.00000000,0.00000000,11.28565727,27.75033634,1505.15555556
mitdb,123,123,,clean_after_5min,250,9,19.53125000,2250,23.17428589,150,1269,1266,1266,0,3,99.76359338,100.00000000,99.88165680,1.11111111,3.00000000,0.00000000,5.63853246,33.77755178,1505.15555556
mitdb,123,123,,clean_after_5min,250,10,9.76562500,2500,25.74920654,150,1269,1266,1266,0,3,99.76359338,100.00000000,99.88165680,1.11111111,3.00000000,0.00000000,2.82036824,39.79475718,1505.15555556
mitdb,123,123,,clean_after_5min,250,11,4.88281250,2750,28.32412720,150,1269,1266,1266,0,3,99.76359338,100.00000000,99.88165680,1.11111111,3.00000000,0.00000000,1.40804943,45.82851543,1505.15555556
mitdb,123,123,,clean_after_5min,360,6,156.25000000,2160,22.24731445,150,1269,1266,1266,0,3,99.76359338,100.00000000,99.88165680,0.00000000,2.77777778,0.00000000,50.18693243,14.78272435,1505.15555556
mitdb,123,123,,clean_after_5min,360,7,78.12500000,2520,25.95520020,150,1269,1266,1266,0,3,99.76359338,100.00000000,99.88165680,0.00000000,2.77777778,0.00000000,21.59494674,22.10749462,1505.15555556
mitdb,123,123,,clean_after_5min,360,8,39.06250000,2880,29.66308594,150,1269,1266,1266,0,3,99.76359338,100.00000000,99.88165680,0.00000000,2.77777778,0.00000000,11.28741569,27.74264698,1505.15555556
mitdb,123,123,,clean_after_5min,360,9,19.53125000,3240,33.37097168,150,1269,1266,1266,0,3,99.76359338,100.00000000,99.88165680,0.00000000,2.77777778,0.00000000,5.63374373,33.77859562,1505.15555556
mitdb,123,123,,clean_after_5min,360,10,9.76562500,3600,37.07885742,150,1269,1266,1266,0,3,99.76359338,100.00000000,99.88165680,0.00000000,2.77777778,0.00000000,2.82152588,39.78485662,1505.15555556
mitdb,123,123,,clean_after_5min,360,11,4.88281250,3960,40.78674316,150,1269,1266,1266,0,3,99.76359338,100.00000000,99.88165680,0.00000000,2.77777778,0.00000000,1.41155282,45.80059469,1505.15555556
mitdb,124,124,,clean_after_5min,100,6,156.25000000,600,6.17980957,75,1367,1367,1363,4,4,99.70738844,99.70738844,99.70738844,63.88888889,69.44444444,0.00000000,44.13218891,18.84531117,1505.15555556
mitdb,124,124,,clean_after_5min,100,7,78.12500000,700,7.20977783,75,1367,1367,1363,4,4,99.70738844,99.70738844,99.70738844,65.00000000,70.00000000,0.00000000,22.98497561,24.51153959,1505.15555556
mitdb,124,124,,clean_after_5min,100,8,39.06250000,800,8.23974609,75,1367,1367,1363,4,4,99.70738844,99.70738844,99.70738844,65.00000000,70.00000000,0.00000000,11.29212684,30.68490558,1505.15555556
mitdb,124,124,,clean_after_5min,100,9,19.53125000,900,9.26971436,75,1367,1367,1362,5,5,99.63423555,99.63423555,99.63423555,65.00000000,70.52777778,0.00000000,5.62464554,36.73851736,1505.15555556
mitdb,124,124,,clean_after_5min,100,10,9.76562500,1000,10.29968262,75,1367,1367,1363,4,4,99.70738844,99.70738844,99.70738844,65.00000000,70.50000000,0.00000000,2.82189764,42.72959540,1505.15555556
mitdb,124,124,,clean_after_5min,100,11,4.88281250,1100,11.32965088,75,1367,1367,1364,3,3,99.78054133,99.78054133,99.78054133,65.00000000,70.47222222,0.00000000,1.41329238,48.73578021,1505.15555556
mitdb,124,124,,clean_after_5min,125,6,156.25000000,750,7.72476196,75,1367,1362,1360,2,7,99.48792977,99.85315712,99.67020887,2.00000000,5.00000000,0.00000000,44.19102056,18.83364227,1505.15555556
mitdb,124,124,,clean_after_5min,125,7,78.12500000,875,9.01222229,75,1367,1363,1361,2,6,99.56108266,99.85326486,99.70695971,2.00000000,5.00000000,0.00000000,22.96899896,24.51748153,1505.15555556
mitdb,124,124,,clean_after_5min,125,8,39.06250000,1000,10.29968262,75,1367,1363,1361,2,6,99.56108266,99.85326486,99.70695971,2.00000000,5.00000000,0.00000000,11.28066329,30.69363017,1505.15555556
mitdb,124,124,,clean_after_5min,125,9,19.53125000,1125,11.58714294,75,1367,1363,1361,2,6,99.56108266,99.85326486,99.70695971,2.00000000,5.00000000,0.00000000,5.63494599,36.72252774,1505.15555556
mitdb,124,124,,clean_after_5min,125,10,9.76562500,1250,12.87460327,75,1367,1363,1361,2,6,99.56108266,99.85326486,99.70695971,2.00000000,5.00000000,0.00000000,2.82089017,42.73259933,1505.15555556
mitdb,124,124,,clean_after_5min,125,11,4.88281250,1375,14.16206360,75,1367,1363,1361,2,6,99.56108266,99.85326486,99.70695971,2.00000000,5.00000000,0.00000000,1.40886087,48.76296076,1505.15555556
mitdb,124,124,,clean_after_5min,180,6,156.25000000,1080,11.12365723,75,1367,1355,1355,0,12,99.12216533,100.00000000,99.55914769,2.77777778,2.77777778,0.00000000,44.19807449,18.83051222,1505.15555556
mitdb,124,124,,clean_after_5min,180,7,78.12500000,1260,12.97760010,75,1367,1357,1357,0,10,99.26847110,100.00000000,99.63289280,2.77777778,2.77777778,0.00000000,22.97627295,24.51298757,1505.15555556
mitdb,124,124,,clean_after_5min,180,8,39.06250000,1440,14.83154297,75,1367,1355,1355,0,12,99.12216533,100.00000000,99.55914769,2.77777778,2.77777778,0.00000000,11.27855157,30.69351262,1505.15555556
mitdb,124,124,,clean_after_5min,180,9,19.53125000,1620,16.68548584,75,1367,1355,1355,0,12,99.12216533,100.00000000,99.55914769,2.77777778,2.77777778,0.00000000,5.63591422,36.71929172,1505.15555556
mitdb,124,124,,clean_after_5min,180,10,9.76562500,1800,18.53942871,75,1367,1355,1355,0,12,99.12216533,100.00000000,99.55914769,2.77777778,2.77777778,0.00000000,2.81921339,42.73602022,1505.15555556
mitdb,124,124,,clean_after_5min,180,11,4.88281250,1980,20.39337158,75,1367,1355,1355,0,12,99.12216533,100.00000000,99.55914769,2.77777778,2.77777778,0.00000000,1.40860430,48.76279901,1505.15555556
mitdb,124,124,,clean_after_5min,250,6,156.25000000,1500,15.44952393,75,1367,1355,1355,0,12,99.12216533,100.00000000,99.55914769,1.11111111,3.11111111,0.00000000,44.17518020,18.83557060,1505.15555556
mitdb,124,124,,clean_after_5min,250,7,78.12500000,1750,18.02444458,75,1367,1355,1355,0,12,99.12216533,100.00000000,99.55914769,1.11111111,3.11111111,0.00000000,22.97413140,24.51435518,1505.15555556
mitdb,124,124,,clean_after_5min,250,8,39.06250000,2000,20.59936523,75,1367,1355,1355,0,12,99.12216533,100.00000000,99.55914769,1.11111111,3.11111111,0.00000000,11.27704005,30.69523474,1505.15555556
mitdb,124,124,,clean_after_5min,250,9,19.53125000,2250,23.17428589,75,1367,1355,1355,0,12,99.12216533,100.00000000,99.55914769,1.11111111,3.11111111,0.00000000,5.63064122,36.72798009,1505.15555556
mitdb,124,124,,clean_after_5min,250,10,9.76562500,2500,25.74920654,75,1367,1355,1355,0,12,99.12216533,100.00000000,99.55914769,1.11111111,3.11111111,0.00000000,2.81980466,42.73475672,1505.15555556
mitdb,124,124,,clean_after_5min,250,11,4.88281250,2750,28.32412720,75,1367,1355,1355,0,12,99.12216533,100.00000000,99.55914769,1.11111111,3.11111111,0.00000000,1.41141769,48.74602610,1505.15555556
mitdb,124,124,,clean_after_5min,360,6,156.25000000,2160,22.24731445,75,1367,1338,1337,1,30,97.80541331,99.92526158,98.85397412,0.00000000,2.77777778,0.00000000,44.16280829,18.83334208,1505.15555556
mitdb,124,124,,clean_after_5min,360,7,78.12500000,2520,25.95520020,75,1367,1338,1337,1,30,97.80541331,99.92526158,98.85397412,0.00000000,2.77777778,0.00000000,22.98459866,24.50573723,1505.15555556
mitdb,124,124,,clean_after_5min,360,8,39.06250000,2880,29.66308594,75,1367,1338,1337,1,30,97.80541331,99.92526158,98.85397412,0.00000000,2.77777778,0.00000000,11.27749331,30.69022416,1505.15555556
mitdb,124,124,,clean_after_5min,360,9,19.53125000,3240,33.37097168,75,1367,1338,1337,1,30,97.80541331,99.92526158,98.85397412,0.00000000,2.77777778,0.00000000,5.63299619,36.71968657,1505.15555556
mitdb,124,124,,clean_after_5min,360,10,9.76562500,3600,37.07885742,75,1367,1338,1337,1,30,97.80541331,99.92526158,98.85397412,0.00000000,2.77777778,0.00000000,2.82033741,42.72845436,1505.15555556
mitdb,124,124,,clean_after_5min,360,11,4.88281250,3960,40.78674316,75,1367,1338,1337,1,30,97.80541331,99.92526158,98.85397412,0.00000000,2.77777778,0.00000000,1.40999872,48.75010136,1505.15555556
mitdb,124,124,,clean_after_5min,100,6,156.25000000,600,6.17980957,150,1367,1367,1367,0,0,100.00000000,100.00000000,100.00000000,63.88888889,69.44444444,0.00000000,44.13218891,18.84531117,1505.15555556
mitdb,124,124,,clean_after_5min,100,7,78.12500000,700,7.20977783,150,1367,1367,1367,0,0,100.00000000,100.00000000,100.00000000,65.00000000,70.55555556,0.00000000,22.98497561,24.51153959,1505.15555556
mitdb,124,124,,clean_after_5min,100,8,39.06250000,800,8.23974609,150,1367,1367,1367,0,0,100.00000000,100.00000000,100.00000000,65.00000000,70.55555556,0.00000000,11.29212684,30.68490558,1505.15555556
mitdb,124,124,,clean_after_5min,100,9,19.53125000,900,9.26971436,150,1367,1367,1367,0,0,100.00000000,100.00000000,100.00000000,65.00000000,70.55555556,0.00000000,5.62464554,36.73851736,1505.15555556
mitdb,124,124,,clean_after_5min,100,10,9.76562500,1000,10.29968262,150,1367,1367,1367,0,0,100.00000000,100.00000000,100.00000000,65.00000000,70.55555556,0.00000000,2.82189764,42.72959540,1505.15555556
mitdb,124,124,,clean_after_5min,100,11,4.88281250,1100,11.32965088,150,1367,1367,1367,0,0,100.00000000,100.00000000,100.00000000,65.00000000,70.55555556,0.00000000,1.41329238,48.73578021,1505.15555556
mitdb,124,124,,clean_after_5min,125,6,156.25000000,750,7.72476196,150,1367,1362,1362,0,5,99.63423555,100.00000000,99.81678270,2.00000000,5.00000000,0.00000000,44.19102056,18.83364227,1505.15555556
mitdb,124,124,,clean_after_5min,125,7,78.12500000,875,9.01222229,150,1367,1363,1363,0,4,99.70738844,100.00000000,99.85347985,2.00000000,5.00000000,0.00000000,22.96899896,24.51748153,1505.15555556
mitdb,124,124,,clean_after_5min,125,8,39.06250000,1000,10.29968262,150,1367,1363,1363,0,4,99.70738844,100.00000000,99.85347985,2.00000000,5.00000000,0.00000000,11.28066329,30.69363017,1505.15555556
mitdb,124,124,,clean_after_5min,125,9,19.53125000,1125,11.58714294,150,1367,1363,1363,0,4,99.70738844,100.00000000,99.85347985,2.00000000,5.00000000,0.00000000,5.63494599,36.72252774,1505.15555556
mitdb,124,124,,clean_after_5min,125,10,9.76562500,1250,12.87460327,150,1367,1363,1363,0,4,99.70738844,100.00000000,99.85347985,2.00000000,5.00000000,0.00000000,2.82089017,42.73259933,1505.15555556
mitdb,124,124,,clean_after_5min,125,11,4.88281250,1375,14.16206360,150,1367,1363,1363,0,4,99.70738844,100.00000000,99.85347985,2.00000000,5.00000000,0.00000000,1.40886087,48.76296076,1505.15555556
mitdb,124,124,,clean_after_5min,180,6,156.25000000,1080,11.12365723,150,1367,1355,1355,0,12,99.12216533,100.00000000,99.55914769,2.77777778,2.77777778,0.00000000,44.19807449,18.83051222,1505.15555556
mitdb,124,124,,clean_after_5min,180,7,78.12500000,1260,12.97760010,150,1367,1357,1357,0,10,99.26847110,100.00000000,99.63289280,2.77777778,2.77777778,0.00000000,22.97627295,24.51298757,1505.15555556
mitdb,124,124,,clean_after_5min,180,8,39.06250000,1440,14.83154297,150,1367,1355,1355,0,12,99.12216533,100.00000000,99.55914769,2.77777778,2.77777778,0.00000000,11.27855157,30.69351262,1505.15555556
mitdb,124,124,,clean_after_5min,180,9,19.53125000,1620,16.68548584,150,1367,1355,1355,0,12,99.12216533,100.00000000,99.55914769,2.77777778,2.77777778,0.00000000,5.63591422,36.71929172,1505.15555556
mitdb,124,124,,clean_after_5min,180,10,9.76562500,1800,18.53942871,150,1367,1355,1355,0,12,99.12216533,100.00000000,99.55914769,2.77777778,2.77777778,0.00000000,2.81921339,42.73602022,1505.15555556
mitdb,124,124,,clean_after_5min,180,11,4.88281250,1980,20.39337158,150,1367,1355,1355,0,12,99.12216533,100.00000000,99.55914769,2.77777778,2.77777778,0.00000000,1.40860430,48.76279901,1505.15555556
mitdb,124,124,,clean_after_5min,250,6,156.25000000,1500,15.44952393,150,1367,1355,1355,0,12,99.12216533,100.00000000,99.55914769,1.11111111,3.11111111,0.00000000,44.17518020,18.83557060,1505.15555556
mitdb,124,124,,clean_after_5min,250,7,78.12500000,1750,18.02444458,150,1367,1355,1355,0,12,99.12216533,100.00000000,99.55914769,1.11111111,3.11111111,0.00000000,22.97413140,24.51435518,1505.15555556
mitdb,124,124,,clean_after_5min,250,8,39.06250000,2000,20.59936523,150,1367,1355,1355,0,12,99.12216533,100.00000000,99.55914769,1.11111111,3.11111111,0.00000000,11.27704005,30.69523474,1505.15555556
mitdb,124,124,,clean_after_5min,250,9,19.53125000,2250,23.17428589,150,1367,1355,1355,0,12,99.12216533,100.00000000,99.55914769,1.11111111,3.11111111,0.00000000,5.63064122,36.72798009,1505.15555556
mitdb,124,124,,clean_after_5min,250,10,9.76562500,2500,25.74920654,150,1367,1355,1355,0,12,99.12216533,100.00000000,99.55914769,1.11111111,3.11111111,0.00000000,2.81980466,42.73475672,1505.15555556
mitdb,124,124,,clean_after_5min,250,11,4.88281250,2750,28.32412720,150,1367,1355,1355,0,12,99.12216533,100.00000000,99.55914769,1.11111111,3.11111111,0.00000000,1.41141769,48.74602610,1505.15555556
mitdb,124,124,,clean_after_5min,360,6,156.25000000,2160,22.24731445,150,1367,1338,1338,0,29,97.87856620,100.00000000,98.92791128,0.00000000,2.77777778,0.00000000,44.16280829,18.83334208,1505.15555556
mitdb,124,124,,clean_after_5min,360,7,78.12500000,2520,25.95520020,150,1367,1338,1338,0,29,97.87856620,100.00000000,98.92791128,0.00000000,2.77777778,0.00000000,22.98459866,24.50573723,1505.15555556
mitdb,124,124,,clean_after_5min,360,8,39.06250000,2880,29.66308594,150,1367,1338,1338,0,29,97.87856620,100.00000000,98.92791128,0.00000000,2.77777778,0.00000000,11.27749331,30.69022416,1505.15555556
mitdb,124,124,,clean_after_5min,360,9,19.53125000,3240,33.37097168,150,1367,1338,1338,0,29,97.87856620,100.00000000,98.92791128,0.00000000,2.77777778,0.00000000,5.63299619,36.71968657,1505.15555556
mitdb,124,124,,clean_after_5min,360,10,9.76562500,3600,37.07885742,150,1367,1338,1338,0,29,97.87856620,100.00000000,98.92791128,0.00000000,2.77777778,0.00000000,2.82033741,42.72845436,1505.15555556
mitdb,124,124,,clean_after_5min,360,11,4.88281250,3960,40.78674316,150,1367,1338,1338,0,29,97.87856620,100.00000000,98.92791128,0.00000000,2.77777778,0.00000000,1.40999872,48.75010136,1505.15555556
mitdb,200,200,,clean_after_5min,100,6,156.25000000,600,6.17980957,75,2168,2164,2142,22,26,98.80073801,98.98336414,98.89196676,5.83333333,63.33333333,0.00000000,45.42102369,18.17839882,1505.15555556
mitdb,200,200,,clean_after_5min,100,7,78.12500000,700,7.20977783,75,2168,2163,2140,23,28,98.70848708,98.93666204,98.82244285,5.55555556,63.33333333,0.00000000,22.52592306,24.26988525,1505.15555556
mitdb,200,200,,clean_after_5min,100,8,39.06250000,800,8.23974609,75,2168,2163,2140,23,28,98.70848708,98.93666204,98.82244285,5.55555556,63.33333333,0.00000000,11.25750051,30.29469768,1505.15555556
mitdb,200,200,,clean_after_5min,100,9,19.53125000,900,9.26971436,75,2168,2163,2140,23,28,98.70848708,98.93666204,98.82244285,5.55555556,63.33333333,0.00000000,5.64374603,36.29218794,1505.15555556
mitdb,200,200,,clean_after_5min,100,10,9.76562500,1000,10.29968262,75,2168,2163,2140,23,28,98.70848708,98.93666204,98.82244285,5.55555556,63.33333333,0.00000000,2.81420438,42.33642450,1505.15555556
mitdb,200,200,,clean_after_5min,100,11,4.88281250,1100,11.32965088,75,2168,2163,2140,23,28,98.70848708,98.93666204,98.82244285,5.55555556,63.33333333,0.00000000,1.41022664,48.33775888,1505.15555556
mitdb,200,200,,clean_after_5min,125,6,156.25000000,750,7.72476196,75,2168,2164,2164,0,4,99.81549815,100.00000000,99.90766390,3.33333333,50.76111111,0.00000000,45.44631473,18.17311459,1505.15555556
mitdb,200,200,,clean_after_5min,125,7,78.12500000,875,9.01222229,75,2168,2164,2162,2,6,99.72324723,99.90757856,99.81532779,3.44444444,50.77777778,0.00000000,22.50019062,24.27936408,1505.15555556
mitdb,200,200,,clean_after_5min,125,8,39.06250000,1000,10.29968262,75,2168,2164,2163,1,5,99.76937269,99.95378928,99.86149584,3.33333333,50.77777778,0.00000000,11.27881600,30.27781779,1505.15555556
mitdb,200,200,,clean_after_5min,125,9,19.53125000,1125,11.58714294,75,2168,2164,2163,1,5,99.76937269,99.95378928,99.86149584,3.33333333,50.76666667,0.00000000,5.64233824,36.29390569,1505.15555556
mitdb,200,200,,clean_after_5min,125,10,9.76562500,1250,12.87460327,75,2168,2164,2163,1,5,99.76937269,99.95378928,99.86149584,3.33333333,50.66666667,0.00000000,2.81734059,42.32630099,1505.15555556
mitdb,200,200,,clean_after_5min,125,11,4.88281250,1375,14.16206360,75,2168,2164,2163,1,5,99.76937269,99.95378928,99.86149584,3.33333333,50.77777778,0.00000000,1.40824963,48.34949509,1505.15555556
mitdb,200,200,,clean_after_5min,180,6,156.25000000,1080,11.12365723,75,2168,2164,2163,1,5,99.76937269,99.95378928,99.86149584,2.77777778,5.55555556,0.00000000,45.47408926,18.16581830,1505.15555556
mitdb,200,200,,clean_after_5min,180,7,78.12500000,1260,12.97760010,75,2168,2163,2163,0,5,99.76937269,100.00000000,99.88455322,2.77777778,5.55555556,0.00000000,22.51435445,24.27190852,1505.15555556
mitdb,200,200,,clean_after_5min,180,8,39.06250000,1440,14.83154297,75,2168,2163,2163,0,5,99.76937269,100.00000000,99.88455322,2.77777778,5.55555556,0.00000000,11.28245832,30.27302375,1505.15555556
mitdb,200,200,,clean_after_5min,180,9,19.53125000,1620,16.68548584,75,2168,2163,2163,0,5,99.76937269,100.00000000,99.88455322,2.77777778,5.55555556,0.00000000,5.64259873,36.29151517,1505.15555556
mitdb,200,200,,clean_after_5min,180,10,9.76562500,1800,18.53942871,75,2168,2163,2163,0,5,99.76937269,100.00000000,99.88455322,2.77777778,5.55555556,0.00000000,2.81685670,42.32580341,1505.15555556
mitdb,200,200,,clean_after_5min,180,11,4.88281250,1980,20.39337158,75,2168,2163,2163,0,5,99.76937269,100.00000000,99.88455322,2.77777778,5.55555556,0.00000000,1.40941183,48.34034028,1505.15555556
mitdb,200,200,,clean_after_5min,250,6,156.25000000,1500,15.44952393,75,2168,2165,2164,1,4,99.81549815,99.95381062,99.88460651,1.11111111,2.88888889,0.00000000,45.43228543,18.17406108,1505.15555556
mitdb,200,200,,clean_after_5min,250,7,78.12500000,1750,18.02444458,75,2168,2165,2164,1,4,99.81549815,99.95381062,99.88460651,1.11111111,2.88888889,0.00000000,22.52173320,24.26931657,1505.15555556
mitdb,200,200,,clean_after_5min,250,8,39.06250000,2000,20.59936523,75,2168,2165,2164,1,4,99.81549815,99.95381062,99.88460651,1.11111111,2.77777778,0.00000000,11.27194406,30.28137626,1505.15555556
mitdb,200,200,,clean_after_5min,250,9,19.53125000,2250,23.17428589,75,2168,2165,2164,1,4,99.81549815,99.95381062,99.88460651,1.11111111,2.77777778,0.00000000,5.64093506,36.29433075,1505.15555556
mitdb,200,200,,clean_after_5min,250,10,9.76562500,2500,25.74920654,75,2168,2165,2164,1,4,99.81549815,99.95381062,99.88460651,1.11111111,2.77777778,0.00000000,2.81768212,42.32351283,1505.15555556
mitdb,200,200,,clean_after_5min,250,11,4.88281250,2750,28.32412720,75,2168,2165,2164,1,4,99.81549815,99.95381062,99.88460651,1.11111111,2.77777778,0.00000000,1.40830792,48.34740030,1505.15555556
mitdb,200,200,,clean_after_5min,360,6,156.25000000,2160,22.24731445,75,2168,2167,2165,2,3,99.86162362,99.90770651,99.88465975,2.77777778,30.55555556,0.00000000,45.44866313,18.16726941,1505.15555556
mitdb,200,200,,clean_after_5min,360,7,78.12500000,2520,25.95520020,75,2168,2166,2165,1,3,99.86162362,99.95383195,99.90770651,2.77777778,30.55555556,0.00000000,22.51703235,24.26746863,1505.15555556
mitdb,200,200,,clean_after_5min,360,8,39.06250000,2880,29.66308594,75,2168,2166,2165,1,3,99.86162362,99.95383195,99.90770651,2.77777778,32.77777778,0.00000000,11.27170495,30.27789943,1505.15555556
mitdb,200,200,,clean_after_5min,360,9,19.53125000,3240,33.37097168,75,2168,2167,2165,2,3,99.86162362,99.90770651,99.88465975,2.77777778,30.55555556,0.00000000,5.64125387,36.29017879,1505.15555556
mitdb,200,200,,clean_after_5min,360,10,9.76562500,3600,37.07885742,75,2168,2167,2165,2,3,99.86162362,99.90770651,99.88465975,2.77777778,30.55555556,0.00000000,2.81897805,42.31585779,1505.15555556
mitdb,200,200,,clean_after_5min,360,11,4.88281250,3960,40.78674316,75,2168,2167,2165,2,3,99.86162362,99.90770651,99.88465975,2.77777778,30.55555556,0.00000000,1.40878782,48.34077992,1505.15555556
mitdb,200,200,,clean_after_5min,100,6,156.25000000,600,6.17980957,150,2168,2164,2163,1,5,99.76937269,99.95378928,99.86149584,6.11111111,63.88888889,0.00000000,45.42102369,18.17839882,1505.15555556
mitdb,200,200,,clean_after_5min,100,7,78.12500000,700,7.20977783,150,2168,2163,2162,1,6,99.72324723,99.95376791,99.83837451,5.55555556,63.88888889,0.00000000,22.52592306,24.26988525,1505.15555556
mitdb,200,200,,clean_after_5min,100,8,39.06250000,800,8.23974609,150,2168,2163,2162,1,6,99.72324723,99.95376791,99.83837451,5.55555556,63.88888889,0.00000000,11.25750051,30.29469768,1505.15555556
mitdb,200,200,,clean_after_5min,100,9,19.53125000,900,9.26971436,150,2168,2163,2162,1,6,99.72324723,99.95376791,99.83837451,5.55555556,63.88888889,0.00000000,5.64374603,36.29218794,1505.15555556
mitdb,200,200,,clean_after_5min,100,10,9.76562500,1000,10.29968262,150,2168,2163,2162,1,6,99.72324723,99.95376791,99.83837451,5.55555556,63.88888889,0.00000000,2.81420438,42.33642450,1505.15555556
mitdb,200,200,,clean_after_5min,100,11,4.88281250,1100,11.32965088,150,2168,2163,2162,1,6,99.72324723,99.95376791,99.83837451,5.55555556,63.88888889,0.00000000,1.41022664,48.33775888,1505.15555556
mitdb,200,200,,clean_after_5min,125,6,156.25000000,750,7.72476196,150,2168,2164,2164,0,4,99.81549815,100.00000000,99.90766390,3.33333333,50.76111111,0.00000000,45.44631473,18.17311459,1505.15555556
mitdb,200,200,,clean_after_5min,125,7,78.12500000,875,9.01222229,150,2168,2164,2164,0,4,99.81549815,100.00000000,99.90766390,3.44444444,50.77777778,0.00000000,22.50019062,24.27936408,1505.15555556
mitdb,200,200,,clean_after_5min,125,8,39.06250000,1000,10.29968262,150,2168,2164,2164,0,4,99.81549815,100.00000000,99.90766390,3.33333333,50.77777778,0.00000000,11.27881600,30.27781779,1505.15555556
mitdb,200,200,,clean_after_5min,125,9,19.53125000,1125,11.58714294,150,2168,2164,2164,0,4,99.81549815,100.00000000,99.90766390,3.33333333,50.77777778,0.00000000,5.64233824,36.29390569,1505.15555556
mitdb,200,200,,clean_after_5min,125,10,9.76562500,1250,12.87460327,150,2168,2164,2164,0,4,99.81549815,100.00000000,99.90766390,3.33333333,50.66666667,0.00000000,2.81734059,42.32630099,1505.15555556
mitdb,200,200,,clean_after_5min,125,11,4.88281250,1375,14.16206360,150,2168,2164,2164,0,4,99.81549815,100.00000000,99.90766390,3.33333333,50.77777778,0.00000000,1.40824963,48.34949509,1505.15555556
mitdb,200,200,,clean_after_5min,180,6,156.25000000,1080,11.12365723,150,2168,2164,2163,1,5,99.76937269,99.95378928,99.86149584,2.77777778,5.55555556,0.00000000,45.47408926,18.16581830,1505.15555556
mitdb,200,200,,clean_after_5min,180,7,78.12500000,1260,12.97760010,150,2168,2163,2163,0,5,99.76937269,100.00000000,99.88455322,2.77777778,5.55555556,0.00000000,22.51435445,24.27190852,1505.15555556
mitdb,200,200,,clean_after_5min,180,8,39.06250000,1440,14.83154297,150,2168,2163,2163,0,5,99.76937269,100.00000000,99.88455322,2.77777778,5.55555556,0.00000000,11.28245832,30.27302375,1505.15555556
mitdb,200,200,,clean_after_5min,180,9,19.53125000,1620,16.68548584,150,2168,2163,2163,0,5,99.76937269,100.00000000,99.88455322,2.77777778,5.55555556,0.00000000,5.64259873,36.29151517,1505.15555556
mitdb,200,200,,clean_after_5min,180,10,9.76562500,1800,18.53942871,150,2168,2163,2163,0,5,99.76937269,100.00000000,99.88455322,2.77777778,5.55555556,0.00000000,2.81685670,42.32580341,1505.15555556
mitdb,200,200,,clean_after_5min,180,11,4.88281250,1980,20.39337158,150,2168,2163,2163,0,5,99.76937269,100.00000000,99.88455322,2.77777778,5.55555556,0.00000000,1.40941183,48.34034028,1505.15555556
mitdb,200,200,,clean_after_5min,250,6,156.25000000,1500,15.44952393,150,2168,2165,2164,1,4,99.81549815,99.95381062,99.88460651,1.11111111,2.88888889,0.00000000,45.43228543,18.17406108,1505.15555556
mitdb,200,200,,clean_after_5min,250,7,78.12500000,1750,18.02444458,150,2168,2165,2164,1,4,99.81549815,99.95381062,99.88460651,1.11111111,2.88888889,0.00000000,22.52173320,24.26931657,1505.15555556
mitdb,200,200,,clean_after_5min,250,8,39.06250000,2000,20.59936523,150,2168,2165,2164,1,4,99.81549815,99.95381062,99.88460651,1.11111111,2.77777778,0.00000000,11.27194406,30.28137626,1505.15555556
mitdb,200,200,,clean_after_5min,250,9,19.53125000,2250,23.17428589,150,2168,2165,2164,1,4,99.81549815,99.95381062,99.88460651,1.11111111,2.77777778,0.00000000,5.64093506,36.29433075,1505.15555556
mitdb,200,200,,clean_after_5min,250,10,9.76562500,2500,25.74920654,150,2168,2165,2164,1,4,99.81549815,99.95381062,99.88460651,1.11111111,2.77777778,0.00000000,2.81768212,42.32351283,1505.15555556
mitdb,200,200,,clean_after_5min,250,11,4.88281250,2750,28.32412720,150,2168,2165,2164,1,4,99.81549815,99.95381062,99.88460651,1.11111111,2.77777778,0.00000000,1.40830792,48.34740030,1505.15555556
mitdb,200,200,,clean_after_5min,360,6,156.25000000,2160,22.24731445,150,2168,2167,2165,2,3,99.86162362,99.90770651,99.88465975,2.77777778,30.55555556,0.00000000,45.44866313,18.16726941,1505.15555556
mitdb,200,200,,clean_after_5min,360,7,78.12500000,2520,25.95520020,150,2168,2166,2165,1,3,99.86162362,99.95383195,99.90770651,2.77777778,30.55555556,0.00000000,22.51703235,24.26746863,1505.15555556
mitdb,200,200,,clean_after_5min,360,8,39.06250000,2880,29.66308594,150,2168,2166,2165,1,3,99.86162362,99.95383195,99.90770651,2.77777778,32.77777778,0.00000000,11.27170495,30.27789943,1505.15555556
mitdb,200,200,,clean_after_5min,360,9,19.53125000,3240,33.37097168,150,2168,2167,2165,2,3,99.86162362,99.90770651,99.88465975,2.77777778,30.55555556,0.00000000,5.64125387,36.29017879,1505.15555556
mitdb,200,200,,clean_after_5min,360,10,9.76562500,3600,37.07885742,150,2168,2167,2165,2,3,99.86162362,99.90770651,99.88465975,2.77777778,30.55555556,0.00000000,2.81897805,42.31585779,1505.15555556
mitdb,200,200,,clean_after_5min,360,11,4.88281250,3960,40.78674316,150,2168,2167,2165,2,3,99.86162362,99.90770651,99.88465975,2.77777778,30.55555556,0.00000000,1.40878782,48.34077992,1505.15555556
mitdb,201,201,,clean_after_5min,100,6,156.25000000,600,6.17980957,75,1521,1686,1502,184,19,98.75082183,89.08659549,93.67009666,11.11111111,66.66666667,0.00000000,51.16085081,10.56625973,1505.15555556
mitdb,201,201,,clean_after_5min,100,7,78.12500000,700,7.20977783,75,1521,1677,1509,168,12,99.21104536,89.98211091,94.37148218,58.33333333,66.66666667,0.00000000,22.24842606,17.79902904,1505.15555556
mitdb,201,201,,clean_after_5min,100,8,39.06250000,800,8.23974609,75,1521,1692,1507,185,14,99.07955293,89.06619385,93.80641145,57.77777778,66.11111111,0.00000000,11.32450351,23.66463148,1505.15555556
mitdb,201,201,,clean_after_5min,100,9,19.53125000,900,9.26971436,75,1521,1692,1509,183,12,99.21104536,89.18439716,93.93090570,57.77777778,66.11111111,0.00000000,5.64017208,29.71916780,1505.15555556
mitdb,201,201,,clean_after_5min,100,10,9.76562500,1000,10.29968262,75,1521,1692,1511,181,10,99.34253780,89.30260047,94.05539994,57.77777778,66.11111111,0.00000000,2.82413290,35.72731229,1505.15555556
mitdb,201,201,,clean_after_5min,100,11,4.88281250,1100,11.32965088,75,1521,1691,1511,180,10,99.34253780,89.35541100,94.08468244,57.77777778,66.11111111,0.00000000,1.40906221,41.76641157,1505.15555556
mitdb,201,201,,clean_after_5min,125,6,156.25000000,750,7.72476196,75,1521,1483,1476,7,45,97.04142012,99.52798382,98.26897470,2.33333333,9.22222222,0.00000000,51.16503204,10.56536825,1505.15555556
mitdb,201,201,,clean_after_5min,125,7,78.12500000,875,9.01222229,75,1521,1480,1476,4,45,97.04142012,99.72972973,98.36721093,2.22222222,6.80555556,0.00000000,22.23007262,17.80601563,1505.15555556
mitdb,201,201,,clean_after_5min,125,8,39.06250000,1000,10.29968262,75,1521,1477,1474,3,47,96.90992768,99.79688558,98.33222148,2.22222222,6.77777778,0.00000000,11.33641347,23.65531971,1505.15555556
mitdb,201,201,,clean_after_5min,125,9,19.53125000,1125,11.58714294,75,1521,1478,1474,4,47,96.90992768,99.72936401,98.29943314,2.22222222,6.88888889,0.00000000,5.63582634,29.72568121,1505.15555556
mitdb,201,201,,clean_after_5min,125,10,9.76562500,1250,12.87460327,75,1521,1479,1476,3,45,97.04142012,99.79716024,98.40000000,2.22222222,6.88888889,0.00000000,2.82300823,35.73059036,1505.15555556
mitdb,201,201,,clean_after_5min,125,11,4.88281250,1375,14.16206360,75,1521,1478,1475,3,46,96.97567390,99.79702300,98.36612204,2.22222222,6.88888889,0.00000000,1.40832010,41.77080572,1505.15555556
mitdb,201,201,,clean_after_5min,180,6,156.25000000,1080,11.12365723,75,1521,1458,1457,1,64,95.79224195,99.93141289,97.81805975,2.77777778,2.77777778,0.00000000,51.14758577,10.56642800,1505.15555556
mitdb,201,201,,clean_after_5min,180,7,78.12500000,1260,12.97760010,75,1521,1454,1454,0,67,95.59500329,100.00000000,97.74789916,2.77777778,2.77777778,0.00000000,22.25145429,17.79576277,1505.15555556
mitdb,201,201,,clean_after_5min,180,8,39.06250000,1440,14.83154297,75,1521,1454,1454,0,67,95.59500329,100.00000000,97.74789916,2.77777778,2.77777778,0.00000000,11.33643340,23.65340197,1505.15555556
mitdb,201,201,,clean_after_5min,180,9,19.53125000,1620,16.68548584,75,1521,1452,1452,0,69,95.46351085,100.00000000,97.67911201,2.77777778,2.77777778,0.00000000,5.63691627,29.72209910,1505.15555556
mitdb,201,201,,clean_after_5min,180,10,9.76562500,1800,18.53942871,75,1521,1452,1452,0,69,95.46351085,100.00000000,97.67911201,2.77777778,2.77777778,0.00000000,2.82030333,35.73701438,1505.15555556
mitdb,201,201,,clean_after_5min,180,11,4.88281250,1980,20.39337158,75,1521,1452,1452,0,69,95.46351085,100.00000000,97.67911201,2.77777778,2.77777778,0.00000000,1.40945264,41.76192105,1505.15555556
mitdb,201,201,,clean_after_5min,250,6,156.25000000,1500,15.44952393,75,1521,1455,1455,0,66,95.66074951,100.00000000,97.78225806,1.11111111,2.88888889,0.00000000,51.17014440,10.56309814,1505.15555556
mitdb,201,201,,clean_after_5min,250,7,78.12500000,1750,18.02444458,75,1521,1453,1453,0,68,95.52925707,100.00000000,97.71351715,1.11111111,2.88888889,0.00000000,22.24028541,17.80062387,1505.15555556
mitdb,201,201,,clean_after_5min,250,8,39.06250000,2000,20.59936523,75,1521,1456,1456,0,65,95.72649573,100.00000000,97.81659389,1.11111111,2.77777778,0.00000000,11.33443243,23.65543544,1505.15555556
mitdb,201,201,,clean_after_5min,250,9,19.53125000,2250,23.17428589,75,1521,1454,1454,0,67,95.59500329,100.00000000,97.74789916,1.11111111,2.77777778,0.00000000,5.63705545,29.72238485,1505.15555556
mitdb,201,201,,clean_after_5min,250,10,9.76562500,2500,25.74920654,75,1521,1454,1454,0,67,95.59500329,100.00000000,97.74789916,1.11111111,2.77777778,0.00000000,2.82172278,35.73314410,1505.15555556
mitdb,201,201,,clean_after_5min,250,11,4.88281250,2750,28.32412720,75,1521,1454,1454,0,67,95.59500329,100.00000000,97.74789916,1.11111111,2.77777778,0.00000000,1.40896986,41.76539690,1505.15555556
mitdb,201,201,,clean_after_5min,360,6,156.25000000,2160,22.24731445,75,1521,1449,1449,0,72,95.26627219,100.00000000,97.57575758,0.00000000,2.77777778,0.00000000,51.15157936,10.56165731,1505.15555556
mitdb,201,201,,clean_after_5min,360,7,78.12500000,2520,25.95520020,75,1521,1443,1443,0,78,94.87179487,100.00000000,97.36842105,0.00000000,2.77777778,0.00000000,22.24797689,17.79302777,1505.15555556
mitdb,201,201,,clean_after_5min,360,8,39.06250000,2880,29.66308594,75,1521,1446,1446,0,75,95.06903353,100.00000000,97.47219414,0.00000000,2.77777778,0.00000000,11.32974105,23.65443859,1505.15555556
mitdb,201,201,,clean_after_5min,360,9,19.53125000,3240,33.37097168,75,1521,1446,1446,0,75,95.06903353,100.00000000,97.47219414,0.00000000,2.77777778,0.00000000,5.63819427,29.71603755,1505.15555556
mitdb,201,201,,clean_after_5min,360,10,9.76562500,3600,37.07885742,75,1521,1446,1446,0,75,95.06903353,100.00000000,97.47219414,0.00000000,2.77777778,0.00000000,2.82039751,35.73263181,1505.15555556
mitdb,201,201,,clean_after_5min,360,11,4.88281250,3960,40.78674316,75,1521,1446,1446,0,75,95.06903353,100.00000000,97.47219414,0.00000000,2.77777778,0.00000000,1.41056564,41.75097227,1505.15555556
mitdb,201,201,,clean_after_5min,100,6,156.25000000,600,6.17980957,150,1521,1686,1506,180,15,99.01380671,89.32384342,93.91955098,11.11111111,66.66666667,0.00000000,51.16085081,10.56625973,1505.15555556
mitdb,201,201,,clean_after_5min,100,7,78.12500000,700,7.20977783,150,1521,1677,1513,164,8,99.47403024,90.22063208,94.62163852,58.33333333,66.66666667,0.00000000,22.24842606,17.79902904,1505.15555556
mitdb,201,201,,clean_after_5min,100,8,39.06250000,800,8.23974609,150,1521,1692,1513,179,8,99.47403024,89.42080378,94.17989418,58.33333333,66.66666667,0.00000000,11.32450351,23.66463148,1505.15555556
mitdb,201,201,,clean_after_5min,100,9,19.53125000,900,9.26971436,150,1521,1692,1513,179,8,99.47403024,89.42080378,94.17989418,57.77777778,66.11111111,0.00000000,5.64017208,29.71916780,1505.15555556
mitdb,201,201,,clean_after_5min,100,10,9.76562500,1000,10.29968262,150,1521,1692,1513,179,8,99.47403024,89.42080378,94.17989418,57.77777778,66.11111111,0.00000000,2.82413290,35.72731229,1505.15555556
mitdb,201,201,,clean_after_5min,100,11,4.88281250,1100,11.32965088,150,1521,1691,1513,178,8,99.47403024,89.47368421,94.20921544,57.77777778,66.11111111,0.00000000,1.40906221,41.76641157,1505.15555556
mitdb,201,201,,clean_after_5min,125,6,156.25000000,750,7.72476196,150,1521,1483,1477,6,44,97.10716634,99.59541470,98.33555260,2.33333333,9.24444444,0.00000000,51.16503204,10.56536825,1505.15555556
mitdb,201,201,,clean_after_5min,125,7,78.12500000,875,9.01222229,150,1521,1480,1479,1,42,97.23865878,99.93243243,98.56714429,2.22222222,6.90000000,0.00000000,22.23007262,17.80601563,1505.15555556
mitdb,201,201,,clean_after_5min,125,8,39.06250000,1000,10.29968262,150,1521,1477,1476,1,45,97.04142012,99.93229519,98.46564376,2.22222222,6.77777778,0.00000000,11.33641347,23.65531971,1505.15555556
mitdb,201,201,,clean_after_5min,125,9,19.53125000,1125,11.58714294,150,1521,1478,1477,1,44,97.10716634,99.93234100,98.49949983,2.22222222,7.11111111,0.00000000,5.63582634,29.72568121,1505.15555556
mitdb,201,201,,clean_after_5min,125,10,9.76562500,1250,12.87460327,150,1521,1479,1478,1,43,97.17291256,99.93238675,98.53333333,2.22222222,7.01666667,0.00000000,2.82300823,35.73059036,1505.15555556
mitdb,201,201,,clean_after_5min,125,11,4.88281250,1375,14.16206360,150,1521,1478,1477,1,44,97.10716634,99.93234100,98.49949983,2.22222222,6.91111111,0.00000000,1.40832010,41.77080572,1505.15555556
mitdb,201,201,,clean_after_5min,180,6,156.25000000,1080,11.12365723,150,1521,1458,1458,0,63,95.85798817,100.00000000,97.88519637,2.77777778,2.77777778,0.00000000,51.14758577,10.56642800,1505.15555556
mitdb,201,201,,clean_after_5min,180,7,78.12500000,1260,12.97760010,150,1521,1454,1454,0,67,95.59500329,100.00000000,97.74789916,2.77777778,2.77777778,0.00000000,22.25145429,17.79576277,1505.15555556
mitdb,201,201,,clean_after_5min,180,8,39.06250000,1440,14.83154297,150,1521,1454,1454,0,67,95.59500329,100.00000000,97.74789916,2.77777778,2.77777778,0.00000000,11.33643340,23.65340197,1505.15555556
mitdb,201,201,,clean_after_5min,180,9,19.53125000,1620,16.68548584,150,1521,1452,1452,0,69,95.46351085,100.00000000,97.67911201,2.77777778,2.77777778,0.00000000,5.63691627,29.72209910,1505.15555556
mitdb,201,201,,clean_after_5min,180,10,9.76562500,1800,18.53942871,150,1521,1452,1452,0,69,95.46351085,100.00000000,97.67911201,2.77777778,2.77777778,0.00000000,2.82030333,35.73701438,1505.15555556
mitdb,201,201,,clean_after_5min,180,11,4.88281250,1980,20.39337158,150,1521,1452,1452,0,69,95.46351085,100.00000000,97.67911201,2.77777778,2.77777778,0.00000000,1.40945264,41.76192105,1505.15555556
mitdb,201,201,,clean_after_5min,250,6,156.25000000,1500,15.44952393,150,1521,1455,1455,0,66,95.66074951,100.00000000,97.78225806,1.11111111,2.88888889,0.00000000,51.17014440,10.56309814,1505.15555556
mitdb,201,201,,clean_after_5min,250,7,78.12500000,1750,18.02444458,150,1521,1453,1453,0,68,95.52925707,100.00000000,97.71351715,1.11111111,2.88888889,0.00000000,22.24028541,17.80062387,1505.15555556
mitdb,201,201,,clean_after_5min,250,8,39.06250000,2000,20.59936523,150,1521,1456,1456,0,65,95.72649573,100.00000000,97.81659389,1.11111111,2.77777778,0.00000000,11.33443243,23.65543544,1505.15555556
mitdb,201,201,,clean_after_5min,250,9,19.53125000,2250,23.17428589,150,1521,1454,1454,0,67,95.59500329,100.00000000,97.74789916,1.11111111,2.77777778,0.00000000,5.63705545,29.72238485,1505.15555556
mitdb,201,201,,clean_after_5min,250,10,9.76562500,2500,25.74920654,150,1521,1454,1454,0,67,95.59500329,100.00000000,97.74789916,1.11111111,2.77777778,0.00000000,2.82172278,35.73314410,1505.15555556
mitdb,201,201,,clean_after_5min,250,11,4.88281250,2750,28.32412720,150,1521,1454,1454,0,67,95.59500329,100.00000000,97.74789916,1.11111111,2.77777778,0.00000000,1.40896986,41.76539690,1505.15555556
mitdb,201,201,,clean_after_5min,360,6,156.25000000,2160,22.24731445,150,1521,1449,1449,0,72,95.26627219,100.00000000,97.57575758,0.00000000,2.77777778,0.00000000,51.15157936,10.56165731,1505.15555556
mitdb,201,201,,clean_after_5min,360,7,78.12500000,2520,25.95520020,150,1521,1443,1443,0,78,94.87179487,100.00000000,97.36842105,0.00000000,2.77777778,0.00000000,22.24797689,17.79302777,1505.15555556
mitdb,201,201,,clean_after_5min,360,8,39.06250000,2880,29.66308594,150,1521,1446,1446,0,75,95.06903353,100.00000000,97.47219414,0.00000000,2.77777778,0.00000000,11.32974105,23.65443859,1505.15555556
mitdb,201,201,,clean_after_5min,360,9,19.53125000,3240,33.37097168,150,1521,1446,1446,0,75,95.06903353,100.00000000,97.47219414,0.00000000,2.77777778,0.00000000,5.63819427,29.71603755,1505.15555556
mitdb,201,201,,clean_after_5min,360,10,9.76562500,3600,37.07885742,150,1521,1446,1446,0,75,95.06903353,100.00000000,97.47219414,0.00000000,2.77777778,0.00000000,2.82039751,35.73263181,1505.15555556
mitdb,201,201,,clean_after_5min,360,11,4.88281250,3960,40.78674316,150,1521,1446,1446,0,75,95.06903353,100.00000000,97.47219414,0.00000000,2.77777778,0.00000000,1.41056564,41.75097227,1505.15555556
mitdb,202,202,,clean_after_5min,100,6,156.25000000,600,6.17980957,75,1871,1874,1869,5,2,99.89310529,99.73319104,99.81308411,60.00000000,66.66666667,0.00000000,50.23186492,14.97743512,1505.15555556
mitdb,202,202,,clean_after_5min,100,7,78.12500000,700,7.20977783,75,1871,1874,1868,6,3,99.83965794,99.67982924,99.75967957,61.11111111,66.66666667,0.00000000,22.21721070,22.06323049,1505.15555556
mitdb,202,202,,clean_after_5min,100,8,39.06250000,800,8.23974609,75,1871,1876,1869,7,2,99.89310529,99.62686567,99.75980785,60.55555556,66.66666667,0.00000000,11.27640054,27.95361129,1505.15555556
mitdb,202,202,,clean_after_5min,100,9,19.53125000,900,9.26971436,75,1871,1875,1869,6,2,99.89310529,99.68000000,99.78643887,60.55555556,66.66666667,0.00000000,5.65218744,33.95269006,1505.15555556
mitdb,202,202,,clean_after_5min,100,10,9.76562500,1000,10.29968262,75,1871,1875,1869,6,2,99.89310529,99.68000000,99.78643887,60.55555556,66.66666667,0.00000000,2.80925263,40.02520523,1505.15555556
mitdb,202,202,,clean_after_5min,100,11,4.88281250,1100,11.32965088,75,1871,1875,1869,6,2,99.89310529,99.68000000,99.78643887,60.55555556,66.66666667,0.00000000,1.41261934,45.99651819,1505.15555556
mitdb,202,202,,clean_after_5min,125,6,156.25000000,750,7.72476196,75,1871,1866,1865,1,6,99.67931587,99.94640943,99.81268397,2.11111111,4.77777778,0.00000000,50.21090041,14.98094586,1505.15555556
mitdb,202,202,,clean_after_5min,125,7,78.12500000,875,9.01222229,75,1871,1866,1864,2,7,99.62586852,99.89281886,99.75916511,2.00000000,4.55555556,0.00000000,22.21597308,22.06359924,1505.15555556
mitdb,202,202,,clean_after_5min,125,8,39.06250000,1000,10.29968262,75,1871,1866,1864,2,7,99.62586852,99.89281886,99.75916511,2.00000000,4.55555556,0.00000000,11.28416089,27.94752066,1505.15555556
mitdb,202,202,,clean_after_5min,125,9,19.53125000,1125,11.58714294,75,1871,1865,1864,1,7,99.62586852,99.94638070,99.78586724,2.00000000,4.55555556,0.00000000,5.64105351,33.96970167,1505.15555556
mitdb,202,202,,clean_after_5min,125,10,9.76562500,1250,12.87460327,75,1871,1864,1864,0,7,99.62586852,100.00000000,99.81258367,2.00000000,4.55555556,0.00000000,2.81822004,39.99740806,1505.15555556
mitdb,202,202,,clean_after_5min,125,11,4.88281250,1375,14.16206360,75,1871,1865,1864,1,7,99.62586852,99.94638070,99.78586724,2.00000000,4.55555556,0.00000000,1.40888279,46.01940875,1505.15555556
mitdb,202,202,,clean_after_5min,180,6,156.25000000,1080,11.12365723,75,1871,1862,1862,0,9,99.51897381,100.00000000,99.75890705,0.00000000,2.77777778,0.00000000,50.24615515,14.97299635,1505.15555556
mitdb,202,202,,clean_after_5min,180,7,78.12500000,1260,12.97760010,75,1871,1861,1861,0,10,99.46552646,100.00000000,99.73204716,0.00000000,2.77777778,0.00000000,22.21881778,22.06063410,1505.15555556
mitdb,202,202,,clean_after_5min,180,8,39.06250000,1440,14.83154297,75,1871,1861,1861,0,10,99.46552646,100.00000000,99.73204716,0.00000000,2.77777778,0.00000000,11.27929900,27.94941086,1505.15555556
mitdb,202,202,,clean_after_5min,180,9,19.53125000,1620,16.68548584,75,1871,1861,1861,0,10,99.46552646,100.00000000,99.73204716,0.00000000,2.77777778,0.00000000,5.64473415,33.96218320,1505.15555556
mitdb,202,202,,clean_after_5min,180,10,9.76562500,1800,18.53942871,75,1871,1861,1861,0,10,99.46552646,100.00000000,99.73204716,0.00000000,2.77777778,0.00000000,2.81694908,39.99947311,1505.15555556
mitdb,202,202,,clean_after_5min,180,11,4.88281250,1980,20.39337158,75,1871,1861,1861,0,10,99.46552646,100.00000000,99.73204716,0.00000000,2.77777778,0.00000000,1.41061092,46.00690822,1505.15555556
mitdb,202,202,,clean_after_5min,250,6,156.25000000,1500,15.44952393,75,1871,1861,1861,0,10,99.46552646,100.00000000,99.73204716,1.11111111,2.77777778,0.00000000,50.23086134,14.97620074,1505.15555556
mitdb,202,202,,clean_after_5min,250,7,78.12500000,1750,18.02444458,75,1871,1860,1860,0,11,99.41207910,100.00000000,99.70517288,1.11111111,2.66666667,0.00000000,22.22294299,22.05958180,1505.15555556
mitdb,202,202,,clean_after_5min,250,8,39.06250000,2000,20.59936523,75,1871,1860,1860,0,11,99.41207910,100.00000000,99.70517288,1.11111111,2.66666667,0.00000000,11.28264685,27.94739335,1505.15555556
mitdb,202,202,,clean_after_5min,250,9,19.53125000,2250,23.17428589,75,1871,1860,1860,0,11,99.41207910,100.00000000,99.70517288,1.11111111,2.66666667,0.00000000,5.64562966,33.96136552,1505.15555556
mitdb,202,202,,clean_after_5min,250,10,9.76562500,2500,25.74920654,75,1871,1860,1860,0,11,99.41207910,100.00000000,99.70517288,1.11111111,2.66666667,0.00000000,2.81436155,40.00801546,1505.15555556
mitdb,202,202,,clean_after_5min,250,11,4.88281250,2750,28.32412720,75,1871,1860,1860,0,11,99.41207910,100.00000000,99.70517288,1.11111111,2.66666667,0.00000000,1.40953497,46.01409615,1505.15555556
mitdb,202,202,,clean_after_5min,360,6,156.25000000,2160,22.24731445,75,1871,1861,1861,0,10,99.46552646,100.00000000,99.73204716,0.00000000,2.77777778,0.00000000,50.24688243,14.96834487,1505.15555556
mitdb,202,202,,clean_after_5min,360,7,78.12500000,2520,25.95520020,75,1871,1861,1861,0,10,99.46552646,100.00000000,99.73204716,0.00000000,2.77777778,0.00000000,22.21688643,22.05686339,1505.15555556
mitdb,202,202,,clean_after_5min,360,8,39.06250000,2880,29.66308594,75,1871,1861,1861,0,10,99.46552646,100.00000000,99.73204716,0.00000000,2.77777778,0.00000000,11.28486566,27.94059942,1505.15555556
mitdb,202,202,,clean_after_5min,360,9,19.53125000,3240,33.37097168,75,1871,1861,1861,0,10,99.46552646,100.00000000,99.73204716,0.00000000,2.77777778,0.00000000,5.64530559,33.95677816,1505.15555556
mitdb,202,202,,clean_after_5min,360,10,9.76562500,3600,37.07885742,75,1871,1861,1861,0,10,99.46552646,100.00000000,99.73204716,0.00000000,2.77777778,0.00000000,2.81604880,39.99772377,1505.15555556
mitdb,202,202,,clean_after_5min,360,11,4.88281250,3960,40.78674316,75,1871,1861,1861,0,10,99.46552646,100.00000000,99.73204716,0.00000000,2.77777778,0.00000000,1.40918942,46.01113979,1505.15555556
mitdb,202,202,,clean_after_5min,100,6,156.25000000,600,6.17980957,150,1871,1874,1869,5,2,99.89310529,99.73319104,99.81308411,60.00000000,66.66666667,0.00000000,50.23186492,14.97743512,1505.15555556
mitdb,202,202,,clean_after_5min,100,7,78.12500000,700,7.20977783,150,1871,1874,1868,6,3,99.83965794,99.67982924,99.75967957,61.11111111,66.66666667,0.00000000,22.21721070,22.06323049,1505.15555556
mitdb,202,202,,clean_after_5min,100,8,39.06250000,800,8.23974609,150,1871,1876,1869,7,2,99.89310529,99.62686567,99.75980785,60.55555556,66.66666667,0.00000000,11.27640054,27.95361129,1505.15555556
mitdb,202,202,,clean_after_5min,100,9,19.53125000,900,9.26971436,150,1871,1875,1869,6,2,99.89310529,99.68000000,99.78643887,60.55555556,66.66666667,0.00000000,5.65218744,33.95269006,1505.15555556
mitdb,202,202,,clean_after_5min,100,10,9.76562500,1000,10.29968262,150,1871,1875,1869,6,2,99.89310529,99.68000000,99.78643887,60.55555556,66.66666667,0.00000000,2.80925263,40.02520523,1505.15555556
mitdb,202,202,,clean_after_5min,100,11,4.88281250,1100,11.32965088,150,1871,1875,1869,6,2,99.89310529,99.68000000,99.78643887,60.55555556,66.66666667,0.00000000,1.41261934,45.99651819,1505.15555556
mitdb,202,202,,clean_after_5min,125,6,156.25000000,750,7.72476196,150,1871,1866,1865,1,6,99.67931587,99.94640943,99.81268397,2.11111111,4.77777778,0.00000000,50.21090041,14.98094586,1505.15555556
mitdb,202,202,,clean_after_5min,125,7,78.12500000,875,9.01222229,150,1871,1866,1864,2,7,99.62586852,99.89281886,99.75916511,2.00000000,4.55555556,0.00000000,22.21597308,22.06359924,1505.15555556
mitdb,202,202,,clean_after_5min,125,8,39.06250000,1000,10.29968262,150,1871,1866,1864,2,7,99.62586852,99.89281886,99.75916511,2.00000000,4.55555556,0.00000000,11.28416089,27.94752066,1505.15555556
mitdb,202,202,,clean_after_5min,125,9,19.53125000,1125,11.58714294,150,1871,1865,1864,1,7,99.62586852,99.94638070,99.78586724,2.00000000,4.55555556,0.00000000,5.64105351,33.96970167,1505.15555556
mitdb,202,202,,clean_after_5min,125,10,9.76562500,1250,12.87460327,150,1871,1864,1864,0,7,99.62586852,100.00000000,99.81258367,2.00000000,4.55555556,0.00000000,2.81822004,39.99740806,1505.15555556
mitdb,202,202,,clean_after_5min,125,11,4.88281250,1375,14.16206360,150,1871,1865,1864,1,7,99.62586852,99.94638070,99.78586724,2.00000000,4.55555556,0.00000000,1.40888279,46.01940875,1505.15555556
mitdb,202,202,,clean_after_5min,180,6,156.25000000,1080,11.12365723,150,1871,1862,1862,0,9,99.51897381,100.00000000,99.75890705,0.00000000,2.77777778,0.00000000,50.24615515,14.97299635,1505.15555556
mitdb,202,202,,clean_after_5min,180,7,78.12500000,1260,12.97760010,150,1871,1861,1861,0,10,99.46552646,100.00000000,99.73204716,0.00000000,2.77777778,0.00000000,22.21881778,22.06063410,1505.15555556
mitdb,202,202,,clean_after_5min,180,8,39.06250000,1440,14.83154297,150,1871,1861,1861,0,10,99.46552646,100.00000000,99.73204716,0.00000000,2.77777778,0.00000000,11.27929900,27.94941086,1505.15555556
mitdb,202,202,,clean_after_5min,180,9,19.53125000,1620,16.68548584,150,1871,1861,1861,0,10,99.46552646,100.00000000,99.73204716,0.00000000,2.77777778,0.00000000,5.64473415,33.96218320,1505.15555556
mitdb,202,202,,clean_after_5min,180,10,9.76562500,1800,18.53942871,150,1871,1861,1861,0,10,99.46552646,100.00000000,99.73204716,0.00000000,2.77777778,0.00000000,2.81694908,39.99947311,1505.15555556
mitdb,202,202,,clean_after_5min,180,11,4.88281250,1980,20.39337158,150,1871,1861,1861,0,10,99.46552646,100.00000000,99.73204716,0.00000000,2.77777778,0.00000000,1.41061092,46.00690822,1505.15555556
mitdb,202,202,,clean_after_5min,250,6,156.25000000,1500,15.44952393,150,1871,1861,1861,0,10,99.46552646,100.00000000,99.73204716,1.11111111,2.77777778,0.00000000,50.23086134,14.97620074,1505.15555556
mitdb,202,202,,clean_after_5min,250,7,78.12500000,1750,18.02444458,150,1871,1860,1860,0,11,99.41207910,100.00000000,99.70517288,1.11111111,2.66666667,0.00000000,22.22294299,22.05958180,1505.15555556
mitdb,202,202,,clean_after_5min,250,8,39.06250000,2000,20.59936523,150,1871,1860,1860,0,11,99.41207910,100.00000000,99.70517288,1.11111111,2.66666667,0.00000000,11.28264685,27.94739335,1505.15555556
mitdb,202,202,,clean_after_5min,250,9,19.53125000,2250,23.17428589,150,1871,1860,1860,0,11,99.41207910,100.00000000,99.70517288,1.11111111,2.66666667,0.00000000,5.64562966,33.96136552,1505.15555556
mitdb,202,202,,clean_after_5min,250,10,9.76562500,2500,25.74920654,150,1871,1860,1860,0,11,99.41207910,100.00000000,99.70517288,1.11111111,2.66666667,0.00000000,2.81436155,40.00801546,1505.15555556
mitdb,202,202,,clean_after_5min,250,11,4.88281250,2750,28.32412720,150,1871,1860,1860,0,11,99.41207910,100.00000000,99.70517288,1.11111111,2.66666667,0.00000000,1.40953497,46.01409615,1505.15555556
mitdb,202,202,,clean_after_5min,360,6,156.25000000,2160,22.24731445,150,1871,1861,1861,0,10,99.46552646,100.00000000,99.73204716,0.00000000,2.77777778,0.00000000,50.24688243,14.96834487,1505.15555556
mitdb,202,202,,clean_after_5min,360,7,78.12500000,2520,25.95520020,150,1871,1861,1861,0,10,99.46552646,100.00000000,99.73204716,0.00000000,2.77777778,0.00000000,22.21688643,22.05686339,1505.15555556
mitdb,202,202,,clean_after_5min,360,8,39.06250000,2880,29.66308594,150,1871,1861,1861,0,10,99.46552646,100.00000000,99.73204716,0.00000000,2.77777778,0.00000000,11.28486566,27.94059942,1505.15555556
mitdb,202,202,,clean_after_5min,360,9,19.53125000,3240,33.37097168,150,1871,1861,1861,0,10,99.46552646,100.00000000,99.73204716,0.00000000,2.77777778,0.00000000,5.64530559,33.95677816,1505.15555556
mitdb,202,202,,clean_after_5min,360,10,9.76562500,3600,37.07885742,150,1871,1861,1861,0,10,99.46552646,100.00000000,99.73204716,0.00000000,2.77777778,0.00000000,2.81604880,39.99772377,1505.15555556
mitdb,202,202,,clean_after_5min,360,11,4.88281250,3960,40.78674316,150,1871,1861,1861,0,10,99.46552646,100.00000000,99.73204716,0.00000000,2.77777778,0.00000000,1.40918942,46.01113979,1505.15555556
mitdb,203,203,,clean_after_5min,100,6,156.25000000,600,6.17980957,75,2481,2378,2255,123,226,90.89076985,94.82758621,92.81745215,7.77777778,71.11111111,0.00000000,45.32977006,19.36570460,1505.15555556
mitdb,203,203,,clean_after_5min,100,7,78.12500000,700,7.20977783,75,2481,2387,2260,127,221,91.09230149,94.67951403,92.85127362,8.33333333,71.11111111,0.00000000,22.56188158,25.42586862,1505.15555556
mitdb,203,203,,clean_after_5min,100,8,39.06250000,800,8.23974609,75,2481,2390,2271,119,210,91.53567110,95.02092050,93.24574009,8.33333333,71.11111111,0.00000000,11.26482938,31.45888256,1505.15555556
mitdb,203,203,,clean_after_5min,100,9,19.53125000,900,9.26971436,75,2481,2394,2269,125,212,91.45505844,94.77861320,93.08717949,8.33333333,71.11111111,0.00000000,5.63652997,37.47313851,1505.15555556
mitdb,203,203,,clean_after_5min,100,10,9.76562500,1000,10.29968262,75,2481,2390,2269,121,212,91.45505844,94.93723849,93.16362143,8.33333333,71.11111111,0.00000000,2.81875029,43.49224286,1505.15555556
mitdb,203,203,,clean_after_5min,100,11,4.88281250,1100,11.32965088,75,2481,2393,2268,125,213,91.41475212,94.77643126,93.06524415,8.33333333,71.11111111,0.00000000,1.40934766,49.51301217,1505.15555556
mitdb,203,203,,clean_after_5min,125,6,156.25000000,750,7.72476196,75,2481,2394,2362,32,119,95.20354696,98.66332498,96.90256410,3.00000000,61.22222222,0.00000000,45.39357689,19.35302360,1505.15555556
mitdb,203,203,,clean_after_5min,125,7,78.12500000,875,9.01222229,75,2481,2401,2368,33,113,95.44538493,98.62557268,97.00942237,2.88888889,61.00000000,0.00000000,22.54590285,25.43155908,1505.15555556
mitdb,203,203,,clean_after_5min,125,8,39.06250000,1000,10.29968262,75,2481,2396,2369,27,112,95.48569125,98.87312187,97.14988723,3.00000000,61.11111111,0.00000000,11.26473518,31.45849198,1505.15555556
mitdb,203,203,,clean_after_5min,125,9,19.53125000,1125,11.58714294,75,2481,2399,2367,32,114,95.40507860,98.66611088,97.00819672,3.00000000,60.96666667,0.00000000,5.63877062,37.46922315,1505.15555556
mitdb,203,203,,clean_after_5min,125,10,9.76562500,1250,12.87460327,75,2481,2400,2369,31,112,95.48569125,98.70833333,97.07027249,3.00000000,60.95555556,0.00000000,2.81617930,43.49970568,1505.15555556
mitdb,203,203,,clean_after_5min,125,11,4.88281250,1375,14.16206360,75,2481,2404,2372,32,109,95.60661024,98.66888519,97.11361310,3.00000000,60.93888889,0.00000000,1.41072211,49.50408224,1505.15555556
mitdb,203,203,,clean_after_5min,180,6,156.25000000,1080,11.12365723,75,2481,2442,2426,16,55,97.78315195,99.34479934,98.55778997,2.77777778,5.55555556,0.00000000,45.36673572,19.35586345,1505.15555556
mitdb,203,203,,clean_after_5min,180,7,78.12500000,1260,12.97760010,75,2481,2441,2427,14,54,97.82345828,99.42646456,98.61844779,2.77777778,5.55555556,0.00000000,22.56253524,25.42285613,1505.15555556
mitdb,203,203,,clean_after_5min,180,8,39.06250000,1440,14.83154297,75,2481,2444,2426,18,55,97.78315195,99.26350245,98.51776650,2.77777778,5.55555556,0.00000000,11.25765162,31.46165798,1505.15555556
mitdb,203,203,,clean_after_5min,180,9,19.53125000,1620,16.68548584,75,2481,2441,2426,15,55,97.78315195,99.38549775,98.57781390,2.77777778,5.55555556,0.00000000,5.63972442,37.46545642,1505.15555556
mitdb,203,203,,clean_after_5min,180,10,9.76562500,1800,18.53942871,75,2481,2437,2423,14,58,97.66223297,99.42552318,98.53599024,2.77777778,5.55555556,0.00000000,2.81668117,43.49586027,1505.15555556
mitdb,203,203,,clean_after_5min,180,11,4.88281250,1980,20.39337158,75,2481,2437,2423,14,58,97.66223297,99.42552318,98.53599024,2.77777778,5.55555556,0.00000000,1.41018401,49.50509835,1505.15555556
mitdb,203,203,,clean_after_5min,250,6,156.25000000,1500,15.44952393,75,2481,2454,2436,18,45,98.18621524,99.26650367,98.72340426,1.22222222,30.66666667,0.00000000,45.36494787,19.35612204,1505.15555556
mitdb,203,203,,clean_after_5min,250,7,78.12500000,1750,18.02444458,75,2481,2447,2431,16,50,97.98468360,99.34613813,98.66071429,1.22222222,5.50000000,0.00000000,22.55406057,25.42603551,1505.15555556
mitdb,203,203,,clean_after_5min,250,8,39.06250000,2000,20.59936523,75,2481,2449,2431,18,50,97.98468360,99.26500612,98.62068966,1.11111111,4.11111111,0.00000000,11.26509962,31.45582963,1505.15555556
mitdb,203,203,,clean_after_5min,250,9,19.53125000,2250,23.17428589,75,2481,2450,2432,18,49,98.02498992,99.26530612,98.64124924,1.22222222,4.53333333,0.00000000,5.64686394,37.45438389,1505.15555556
mitdb,203,203,,clean_after_5min,250,10,9.76562500,2500,25.74920654,75,2481,2450,2432,18,49,98.02498992,99.26530612,98.64124924,1.22222222,4.21111111,0.00000000,2.81607456,43.49764739,1505.15555556
mitdb,203,203,,clean_after_5min,250,11,4.88281250,2750,28.32412720,75,2481,2450,2432,18,49,98.02498992,99.26530612,98.64124924,1.22222222,4.21111111,0.00000000,1.41037914,49.50381287,1505.15555556
mitdb,203,203,,clean_after_5min,360,6,156.25000000,2160,22.24731445,75,2481,2453,2434,19,47,98.10560258,99.22543824,98.66234293,0.00000000,36.11111111,0.00000000,45.37129707,19.35120088,1505.15555556
mitdb,203,203,,clean_after_5min,360,7,78.12500000,2520,25.95520020,75,2481,2450,2432,18,49,98.02498992,99.26530612,98.64124924,0.00000000,36.11111111,0.00000000,22.55987852,25.42008964,1505.15555556
mitdb,203,203,,clean_after_5min,360,8,39.06250000,2880,29.66308594,75,2481,2454,2434,20,47,98.10560258,99.18500407,98.64235056,0.00000000,36.11111111,0.00000000,11.26976440,31.44852803,1505.15555556
mitdb,203,203,,clean_after_5min,360,9,19.53125000,3240,33.37097168,75,2481,2454,2434,20,47,98.10560258,99.18500407,98.64235056,0.00000000,36.11111111,0.00000000,5.64313779,37.45641168,1505.15555556
mitdb,203,203,,clean_after_5min,360,10,9.76562500,3600,37.07885742,75,2481,2452,2433,19,48,98.06529625,99.22512235,98.64180012,0.00000000,36.11111111,0.00000000,2.81683754,43.49158879,1505.15555556
mitdb,203,203,,clean_after_5min,360,11,4.88281250,3960,40.78674316,75,2481,2453,2434,19,47,98.10560258,99.22543824,98.66234293,0.00000000,36.11111111,0.00000000,1.40993236,49.50285920,1505.15555556
mitdb,203,203,,clean_after_5min,100,6,156.25000000,600,6.17980957,150,2481,2378,2316,62,165,93.34945586,97.39276703,95.32825684,8.33333333,72.22222222,0.00000000,45.32977006,19.36570460,1505.15555556
mitdb,203,203,,clean_after_5min,100,7,78.12500000,700,7.20977783,150,2481,2387,2316,71,165,93.34945586,97.02555509,95.15201315,8.88888889,72.22222222,0.00000000,22.56188158,25.42586862,1505.15555556
mitdb,203,203,,clean_after_5min,100,8,39.06250000,800,8.23974609,150,2481,2390,2325,65,156,93.71221282,97.28033473,95.46294395,8.88888889,72.22222222,0.00000000,11.26482938,31.45888256,1505.15555556
mitdb,203,203,,clean_after_5min,100,9,19.53125000,900,9.26971436,150,2481,2394,2326,68,155,93.75251915,97.15956558,95.42564103,8.88888889,72.22222222,0.00000000,5.63652997,37.47313851,1505.15555556
mitdb,203,203,,clean_after_5min,100,10,9.76562500,1000,10.29968262,150,2481,2390,2325,65,156,93.71221282,97.28033473,95.46294395,8.88888889,72.22222222,0.00000000,2.81875029,43.49224286,1505.15555556
mitdb,203,203,,clean_after_5min,100,11,4.88281250,1100,11.32965088,150,2481,2393,2325,68,156,93.71221282,97.15837860,95.40418547,8.88888889,72.22222222,0.00000000,1.40934766,49.51301217,1505.15555556
mitdb,203,203,,clean_after_5min,125,6,156.25000000,750,7.72476196,150,2481,2394,2372,22,109,95.60661024,99.08103592,97.31282051,3.00000000,61.44444444,0.00000000,45.39357689,19.35302360,1505.15555556
mitdb,203,203,,clean_after_5min,125,7,78.12500000,875,9.01222229,150,2481,2401,2378,23,103,95.84844821,99.04206581,97.41909054,2.94444444,61.35000000,0.00000000,22.54590285,25.43155908,1505.15555556
mitdb,203,203,,clean_after_5min,125,8,39.06250000,1000,10.29968262,150,2481,2396,2377,19,104,95.80814188,99.20701169,97.47795776,3.00000000,61.33333333,0.00000000,11.26473518,31.45849198,1505.15555556
mitdb,203,203,,clean_after_5min,125,9,19.53125000,1125,11.58714294,150,2481,2399,2377,22,104,95.80814188,99.08295123,97.41803279,3.00000000,61.24444444,0.00000000,5.63877062,37.46922315,1505.15555556
mitdb,203,203,,clean_after_5min,125,10,9.76562500,1250,12.87460327,150,2481,2400,2379,21,102,95.88875453,99.12500000,97.48002459,3.00000000,61.23333333,0.00000000,2.81617930,43.49970568,1505.15555556
mitdb,203,203,,clean_after_5min,125,11,4.88281250,1375,14.16206360,150,2481,2404,2382,22,99,96.00967352,99.08485857,97.52302968,3.00000000,61.22222222,0.00000000,1.41072211,49.50408224,1505.15555556
mitdb,203,203,,clean_after_5min,180,6,156.25000000,1080,11.12365723,150,2481,2442,2429,13,52,97.90407094,99.46764947,98.67966687,2.77777778,5.55555556,0.00000000,45.36673572,19.35586345,1505.15555556
mitdb,203,203,,clean_after_5min,180,7,78.12500000,1260,12.97760010,150,2481,2441,2430,11,51,97.94437727,99.54936501,98.74034945,2.77777778,5.55555556,0.00000000,22.56253524,25.42285613,1505.15555556
mitdb,203,203,,clean_after_5min,180,8,39.06250000,1440,14.83154297,150,2481,2444,2429,15,52,97.90407094,99.38625205,98.63959391,2.77777778,5.55555556,0.00000000,11.25765162,31.46165798,1505.15555556
mitdb,203,203,,clean_after_5min,180,9,19.53125000,1620,16.68548584,150,2481,2441,2429,12,52,97.90407094,99.50839820,98.69971556,2.77777778,5.55555556,0.00000000,5.63972442,37.46545642,1505.15555556
mitdb,203,203,,clean_after_5min,180,10,9.76562500,1800,18.53942871,150,2481,2437,2426,11,55,97.78315195,99.54862536,98.65799105,2.77777778,5.55555556,0.00000000,2.81668117,43.49586027,1505.15555556
mitdb,203,203,,clean_after_5min,180,11,4.88281250,1980,20.39337158,150,2481,2437,2426,11,55,97.78315195,99.54862536,98.65799105,2.77777778,5.55555556,0.00000000,1.41018401,49.50509835,1505.15555556
mitdb,203,203,,clean_after_5min,250,6,156.25000000,1500,15.44952393,150,2481,2454,2440,14,41,98.34744055,99.42950285,98.88551165,1.22222222,32.58333333,0.00000000,45.36494787,19.35612204,1505.15555556
mitdb,203,203,,clean_after_5min,250,7,78.12500000,1750,18.02444458,150,2481,2447,2435,12,46,98.14590891,99.50960360,98.82305195,1.22222222,30.01111111,0.00000000,22.55406057,25.42603551,1505.15555556
mitdb,203,203,,clean_after_5min,250,8,39.06250000,2000,20.59936523,150,2481,2449,2435,14,46,98.14590891,99.42833810,98.78296146,1.22222222,4.84444444,0.00000000,11.26509962,31.45582963,1505.15555556
mitdb,203,203,,clean_after_5min,250,9,19.53125000,2250,23.17428589,150,2481,2450,2436,14,45,98.18621524,99.42857143,98.80348814,1.22222222,13.02777778,0.00000000,5.64686394,37.45438389,1505.15555556
mitdb,203,203,,clean_after_5min,250,10,9.76562500,2500,25.74920654,150,2481,2450,2436,14,45,98.18621524,99.42857143,98.80348814,1.22222222,13.02777778,0.00000000,2.81607456,43.49764739,1505.15555556
mitdb,203,203,,clean_after_5min,250,11,4.88281250,2750,28.32412720,150,2481,2450,2436,14,45,98.18621524,99.42857143,98.80348814,1.22222222,13.02777778,0.00000000,1.41037914,49.50381287,1505.15555556
mitdb,203,203,,clean_after_5min,360,6,156.25000000,2160,22.24731445,150,2481,2453,2437,16,44,98.22652156,99.34773746,98.78394812,0.00000000,36.66666667,0.00000000,45.37129707,19.35120088,1505.15555556
mitdb,203,203,,clean_after_5min,360,7,78.12500000,2520,25.95520020,150,2481,2450,2435,15,46,98.14590891,99.38775510,98.76292841,0.00000000,36.11111111,0.00000000,22.55987852,25.42008964,1505.15555556
mitdb,203,203,,clean_after_5min,360,8,39.06250000,2880,29.66308594,150,2481,2454,2438,16,43,98.26682789,99.34800326,98.80445795,0.00000000,38.88888889,0.00000000,11.26976440,31.44852803,1505.15555556
mitdb,203,203,,clean_after_5min,360,9,19.53125000,3240,33.37097168,150,2481,2454,2438,16,43,98.26682789,99.34800326,98.80445795,0.00000000,36.11111111,0.00000000,5.64313779,37.45641168,1505.15555556
mitdb,203,203,,clean_after_5min,360,10,9.76562500,3600,37.07885742,150,2481,2452,2436,16,45,98.18621524,99.34747145,98.76342996,0.00000000,36.11111111,0.00000000,2.81683754,43.49158879,1505.15555556
mitdb,203,203,,clean_after_5min,360,11,4.88281250,3960,40.78674316,150,2481,2453,2437,16,44,98.22652156,99.34773746,98.78394812,0.00000000,36.11111111,0.00000000,1.40993236,49.50285920,1505.15555556
mitdb,205,205,,clean_after_5min,100,6,156.25000000,600,6.17980957,75,2201,2197,2193,4,8,99.63652885,99.81793355,99.72714870,56.66666667,62.22222222,0.00000000,46.68007629,11.99026009,1505.15555556
mitdb,205,205,,clean_after_5min,100,7,78.12500000,700,7.20977783,75,2201,2198,2194,4,7,99.68196274,99.81801638,99.74994317,57.22222222,62.22222222,0.00000000,22.77735628,18.22282494,1505.15555556
mitdb,205,205,,clean_after_5min,100,8,39.06250000,800,8.23974609,75,2201,2198,2194,4,7,99.68196274,99.81801638,99.74994317,57.22222222,62.22222222,0.00000000,11.30789040,24.30525943,1505.15555556
mitdb,205,205,,clean_after_5min,100,9,19.53125000,900,9.26971436,75,2201,2198,2194,4,7,99.68196274,99.81801638,99.74994317,57.22222222,62.22222222,0.00000000,5.64268758,30.34317113,1505.15555556
mitdb,205,205,,clean_after_5min,100,10,9.76562500,1000,10.29968262,75,2201,2198,2194,4,7,99.68196274,99.81801638,99.74994317,57.22222222,62.22222222,0.00000000,2.81718973,36.37656929,1505.15555556
mitdb,205,205,,clean_after_5min,100,11,4.88281250,1100,11.32965088,75,2201,2198,2194,4,7,99.68196274,99.81801638,99.74994317,57.22222222,62.22222222,0.00000000,1.41032085,42.38653271,1505.15555556
mitdb,205,205,,clean_after_5min,125,6,156.25000000,750,7.72476196,75,2201,2199,2196,3,5,99.77283053,99.86357435,99.81818182,2.11111111,44.72222222,0.00000000,46.66859983,11.99259014,1505.15555556
mitdb,205,205,,clean_after_5min,125,7,78.12500000,875,9.01222229,75,2201,2197,2196,1,5,99.77283053,99.95448339,99.86357435,2.00000000,5.11111111,0.00000000,22.78229528,18.22113604,1505.15555556
mitdb,205,205,,clean_after_5min,125,8,39.06250000,1000,10.29968262,75,2201,2200,2198,2,3,99.86369832,99.90909091,99.88638946,2.00000000,4.88888889,0.00000000,11.29287432,24.31699567,1505.15555556
mitdb,205,205,,clean_after_5min,125,9,19.53125000,1125,11.58714294,75,2201,2198,2197,1,4,99.81826443,99.95450409,99.88633780,2.00000000,4.88888889,0.00000000,5.63542227,30.35455629,1505.15555556
mitdb,205,205,,clean_after_5min,125,10,9.76562500,1250,12.87460327,75,2201,2200,2198,2,3,99.86369832,99.90909091,99.88638946,2.00000000,4.88888889,0.00000000,2.82277099,36.35957266,1505.15555556
mitdb,205,205,,clean_after_5min,125,11,4.88281250,1375,14.16206360,75,2201,2199,2197,2,4,99.81826443,99.90904957,99.86363636,2.00000000,4.88888889,0.00000000,1.41287802,42.37099219,1505.15555556
mitdb,205,205,,clean_after_5min,180,6,156.25000000,1080,11.12365723,75,2201,2199,2198,1,3,99.86369832,99.95452478,99.90909091,0.00000000,2.77777778,0.00000000,46.67220948,11.99015241,1505.15555556
mitdb,205,205,,clean_after_5min,180,7,78.12500000,1260,12.97760010,75,2201,2198,2198,0,3,99.86369832,100.00000000,99.93180268,0.00000000,2.77777778,0.00000000,22.79334492,18.21515838,1505.15555556
mitdb,205,205,,clean_after_5min,180,8,39.06250000,1440,14.83154297,75,2201,2198,2197,1,4,99.81826443,99.95450409,99.88633780,0.00000000,2.77777778,0.00000000,11.30771437,24.30382304,1505.15555556
mitdb,205,205,,clean_after_5min,180,9,19.53125000,1620,16.68548584,75,2201,2198,2197,1,4,99.81826443,99.95450409,99.88633780,0.00000000,2.77777778,0.00000000,5.63914380,30.34705625,1505.15555556
mitdb,205,205,,clean_after_5min,180,10,9.76562500,1800,18.53942871,75,2201,2198,2197,1,4,99.81826443,99.95450409,99.88633780,0.00000000,2.77777778,0.00000000,2.81942534,36.36810766,1505.15555556
mitdb,205,205,,clean_after_5min,180,11,4.88281250,1980,20.39337158,75,2201,2198,2197,1,4,99.81826443,99.95450409,99.88633780,0.00000000,2.77777778,0.00000000,1.40991627,42.38745319,1505.15555556
mitdb,205,205,,clean_after_5min,250,6,156.25000000,1500,15.44952393,75,2201,2199,2199,0,2,99.90913221,100.00000000,99.95454545,1.11111111,2.88888889,0.00000000,46.65794324,11.99367672,1505.15555556
mitdb,205,205,,clean_after_5min,250,7,78.12500000,1750,18.02444458,75,2201,2198,2198,0,3,99.86369832,100.00000000,99.93180268,1.00000000,2.77777778,0.00000000,22.78541990,18.21904780,1505.15555556
mitdb,205,205,,clean_after_5min,250,8,39.06250000,2000,20.59936523,75,2201,2198,2198,0,3,99.86369832,100.00000000,99.93180268,1.00000000,2.77777778,0.00000000,11.29824767,24.31196671,1505.15555556
mitdb,205,205,,clean_after_5min,250,9,19.53125000,2250,23.17428589,75,2201,2198,2198,0,3,99.86369832,100.00000000,99.93180268,1.00000000,2.77777778,0.00000000,5.63915330,30.34791051,1505.15555556
mitdb,205,205,,clean_after_5min,250,10,9.76562500,2500,25.74920654,75,2201,2198,2198,0,3,99.86369832,100.00000000,99.93180268,1.11111111,2.77777778,0.00000000,2.81986718,36.36761548,1505.15555556
mitdb,205,205,,clean_after_5min,250,11,4.88281250,2750,28.32412720,75,2201,2198,2198,0,3,99.86369832,100.00000000,99.93180268,1.00000000,2.77777778,0.00000000,1.41101439,42.38155970,1505.15555556
mitdb,205,205,,clean_after_5min,360,6,156.25000000,2160,22.24731445,75,2201,2198,2198,0,3,99.86369832,100.00000000,99.93180268,0.00000000,2.77777778,0.00000000,46.66726462,11.98647128,1505.15555556
mitdb,205,205,,clean_after_5min,360,7,78.12500000,2520,25.95520020,75,2201,2197,2197,0,4,99.81826443,100.00000000,99.90904957,0.00000000,2.77777778,0.00000000,22.78829062,18.21248321,1505.15555556
mitdb,205,205,,clean_after_5min,360,8,39.06250000,2880,29.66308594,75,2201,2197,2197,0,4,99.81826443,100.00000000,99.90904957,0.00000000,2.77777778,0.00000000,11.30601830,24.30052452,1505.15555556
mitdb,205,205,,clean_after_5min,360,9,19.53125000,3240,33.37097168,75,2201,2197,2197,0,4,99.81826443,100.00000000,99.90904957,0.00000000,2.77777778,0.00000000,5.63888417,30.34285472,1505.15555556
mitdb,205,205,,clean_after_5min,360,10,9.76562500,3600,37.07885742,75,2201,2197,2197,0,4,99.81826443,100.00000000,99.90904957,0.00000000,2.77777778,0.00000000,2.81859779,36.36605606,1505.15555556
mitdb,205,205,,clean_after_5min,360,11,4.88281250,3960,40.78674316,75,2201,2197,2197,0,4,99.81826443,100.00000000,99.90904957,0.00000000,2.77777778,0.00000000,1.40947805,42.38555185,1505.15555556
mitdb,205,205,,clean_after_5min,100,6,156.25000000,600,6.17980957,150,2201,2197,2195,2,6,99.72739664,99.90896677,99.81809914,56.66666667,62.22222222,0.00000000,46.68007629,11.99026009,1505.15555556
mitdb,205,205,,clean_after_5min,100,7,78.12500000,700,7.20977783,150,2201,2198,2196,2,5,99.77283053,99.90900819,99.84087293,57.22222222,62.22222222,0.00000000,22.77735628,18.22282494,1505.15555556
mitdb,205,205,,clean_after_5min,100,8,39.06250000,800,8.23974609,150,2201,2198,2196,2,5,99.77283053,99.90900819,99.84087293,57.22222222,62.22222222,0.00000000,11.30789040,24.30525943,1505.15555556
mitdb,205,205,,clean_after_5min,100,9,19.53125000,900,9.26971436,150,2201,2198,2196,2,5,99.77283053,99.90900819,99.84087293,57.22222222,62.22222222,0.00000000,5.64268758,30.34317113,1505.15555556
mitdb,205,205,,clean_after_5min,100,10,9.76562500,1000,10.29968262,150,2201,2198,2196,2,5,99.77283053,99.90900819,99.84087293,57.22222222,62.22222222,0.00000000,2.81718973,36.37656929,1505.15555556
mitdb,205,205,,clean_after_5min,100,11,4.88281250,1100,11.32965088,150,2201,2198,2196,2,5,99.77283053,99.90900819,99.84087293,57.22222222,62.22222222,0.00000000,1.41032085,42.38653271,1505.15555556
mitdb,205,205,,clean_after_5min,125,6,156.25000000,750,7.72476196,150,2201,2199,2197,2,4,99.81826443,99.90904957,99.86363636,2.11111111,44.88888889,0.00000000,46.66859983,11.99259014,1505.15555556
mitdb,205,205,,clean_after_5min,125,7,78.12500000,875,9.01222229,150,2201,2197,2197,0,4,99.81826443,100.00000000,99.90904957,2.00000000,5.11111111,0.00000000,22.78229528,18.22113604,1505.15555556
mitdb,205,205,,clean_after_5min,125,8,39.06250000,1000,10.29968262,150,2201,2200,2199,1,2,99.90913221,99.95454545,99.93183367,2.00000000,4.88888889,0.00000000,11.29287432,24.31699567,1505.15555556
mitdb,205,205,,clean_after_5min,125,9,19.53125000,1125,11.58714294,150,2201,2198,2198,0,3,99.86369832,100.00000000,99.93180268,2.00000000,4.88888889,0.00000000,5.63542227,30.35455629,1505.15555556
mitdb,205,205,,clean_after_5min,125,10,9.76562500,1250,12.87460327,150,2201,2200,2199,1,2,99.90913221,99.95454545,99.93183367,2.00000000,4.88888889,0.00000000,2.82277099,36.35957266,1505.15555556
mitdb,205,205,,clean_after_5min,125,11,4.88281250,1375,14.16206360,150,2201,2199,2198,1,3,99.86369832,99.95452478,99.90909091,2.00000000,4.90555556,0.00000000,1.41287802,42.37099219,1505.15555556
mitdb,205,205,,clean_after_5min,180,6,156.25000000,1080,11.12365723,150,2201,2199,2199,0,2,99.90913221,100.00000000,99.95454545,0.00000000,2.77777778,0.00000000,46.67220948,11.99015241,1505.15555556
mitdb,205,205,,clean_after_5min,180,7,78.12500000,1260,12.97760010,150,2201,2198,2198,0,3,99.86369832,100.00000000,99.93180268,0.00000000,2.77777778,0.00000000,22.79334492,18.21515838,1505.15555556
mitdb,205,205,,clean_after_5min,180,8,39.06250000,1440,14.83154297,150,2201,2198,2198,0,3,99.86369832,100.00000000,99.93180268,0.00000000,2.77777778,0.00000000,11.30771437,24.30382304,1505.15555556
mitdb,205,205,,clean_after_5min,180,9,19.53125000,1620,16.68548584,150,2201,2198,2198,0,3,99.86369832,100.00000000,99.93180268,0.00000000,2.77777778,0.00000000,5.63914380,30.34705625,1505.15555556
mitdb,205,205,,clean_after_5min,180,10,9.76562500,1800,18.53942871,150,2201,2198,2198,0,3,99.86369832,100.00000000,99.93180268,0.00000000,2.77777778,0.00000000,2.81942534,36.36810766,1505.15555556
mitdb,205,205,,clean_after_5min,180,11,4.88281250,1980,20.39337158,150,2201,2198,2198,0,3,99.86369832,100.00000000,99.93180268,0.00000000,2.77777778,0.00000000,1.40991627,42.38745319,1505.15555556
mitdb,205,205,,clean_after_5min,250,6,156.25000000,1500,15.44952393,150,2201,2199,2199,0,2,99.90913221,100.00000000,99.95454545,1.11111111,2.88888889,0.00000000,46.65794324,11.99367672,1505.15555556
mitdb,205,205,,clean_after_5min,250,7,78.12500000,1750,18.02444458,150,2201,2198,2198,0,3,99.86369832,100.00000000,99.93180268,1.00000000,2.77777778,0.00000000,22.78541990,18.21904780,1505.15555556
mitdb,205,205,,clean_after_5min,250,8,39.06250000,2000,20.59936523,150,2201,2198,2198,0,3,99.86369832,100.00000000,99.93180268,1.00000000,2.77777778,0.00000000,11.29824767,24.31196671,1505.15555556
mitdb,205,205,,clean_after_5min,250,9,19.53125000,2250,23.17428589,150,2201,2198,2198,0,3,99.86369832,100.00000000,99.93180268,1.00000000,2.77777778,0.00000000,5.63915330,30.34791051,1505.15555556
mitdb,205,205,,clean_after_5min,250,10,9.76562500,2500,25.74920654,150,2201,2198,2198,0,3,99.86369832,100.00000000,99.93180268,1.11111111,2.77777778,0.00000000,2.81986718,36.36761548,1505.15555556
mitdb,205,205,,clean_after_5min,250,11,4.88281250,2750,28.32412720,150,2201,2198,2198,0,3,99.86369832,100.00000000,99.93180268,1.00000000,2.77777778,0.00000000,1.41101439,42.38155970,1505.15555556
mitdb,205,205,,clean_after_5min,360,6,156.25000000,2160,22.24731445,150,2201,2198,2198,0,3,99.86369832,100.00000000,99.93180268,0.00000000,2.77777778,0.00000000,46.66726462,11.98647128,1505.15555556
mitdb,205,205,,clean_after_5min,360,7,78.12500000,2520,25.95520020,150,2201,2197,2197,0,4,99.81826443,100.00000000,99.90904957,0.00000000,2.77777778,0.00000000,22.78829062,18.21248321,1505.15555556
mitdb,205,205,,clean_after_5min,360,8,39.06250000,2880,29.66308594,150,2201,2197,2197,0,4,99.81826443,100.00000000,99.90904957,0.00000000,2.77777778,0.00000000,11.30601830,24.30052452,1505.15555556
mitdb,205,205,,clean_after_5min,360,9,19.53125000,3240,33.37097168,150,2201,2197,2197,0,4,99.81826443,100.00000000,99.90904957,0.00000000,2.77777778,0.00000000,5.63888417,30.34285472,1505.15555556
mitdb,205,205,,clean_after_5min,360,10,9.76562500,3600,37.07885742,150,2201,2197,2197,0,4,99.81826443,100.00000000,99.90904957,0.00000000,2.77777778,0.00000000,2.81859779,36.36605606,1505.15555556
mitdb,205,205,,clean_after_5min,360,11,4.88281250,3960,40.78674316,150,2201,2197,2197,0,4,99.81826443,100.00000000,99.90904957,0.00000000,2.77777778,0.00000000,1.40947805,42.38555185,1505.15555556
mitdb,207,207,,clean_after_5min,100,6,156.25000000,600,6.17980957,75,1591,1865,1509,356,82,94.84600880,80.91152815,87.32638889,61.66666667,67.22222222,0.00000000,47.96957532,16.06032710,1505.15555556
mitdb,207,207,,clean_after_5min,100,7,78.12500000,700,7.20977783,75,1591,1879,1513,366,78,95.09742300,80.52155402,87.20461095,61.66666667,66.66666667,0.00000000,22.32335958,22.70445348,1505.15555556
mitdb,207,207,,clean_after_5min,100,8,39.06250000,800,8.23974609,75,1591,1878,1517,361,74,95.34883721,80.77742279,87.46036322,61.66666667,66.66666667,0.00000000,11.29237213,28.62394095,1505.15555556
mitdb,207,207,,clean_after_5min,100,9,19.53125000,900,9.26971436,75,1591,1870,1515,355,76,95.22313011,81.01604278,87.54695175,61.66666667,66.66666667,0.00000000,5.63548119,34.66102449,1505.15555556
mitdb,207,207,,clean_after_5min,100,10,9.76562500,1000,10.29968262,75,1591,1872,1516,356,75,95.28598366,80.98290598,87.55414381,61.66666667,66.66666667,0.00000000,2.82005542,40.67449170,1505.15555556
mitdb,207,207,,clean_after_5min,100,11,4.88281250,1100,11.32965088,75,1591,1883,1516,367,75,95.28598366,80.50982475,87.27691422,61.66666667,66.66666667,0.00000000,1.40887615,46.70218825,1505.15555556
mitdb,207,207,,clean_after_5min,125,6,156.25000000,750,7.72476196,75,1591,1889,1557,332,34,97.86297926,82.42456326,89.48275862,7.11111111,61.13333333,0.00000000,47.98228730,16.05762344,1505.15555556
mitdb,207,207,,clean_after_5min,125,7,78.12500000,875,9.01222229,75,1591,1881,1571,310,20,98.74292898,83.51940457,90.49539171,5.00000000,63.38888889,0.00000000,22.30794941,22.71004936,1505.15555556
mitdb,207,207,,clean_after_5min,125,8,39.06250000,1000,10.29968262,75,1591,1884,1573,311,18,98.86863608,83.49256900,90.53237410,5.44444444,63.37777778,0.00000000,11.28770307,28.62713085,1505.15555556
mitdb,207,207,,clean_after_5min,125,9,19.53125000,1125,11.58714294,75,1591,1890,1573,317,18,98.86863608,83.22751323,90.37632864,5.33333333,63.37777778,0.00000000,5.63382894,34.66316925,1505.15555556
mitdb,207,207,,clean_after_5min,125,10,9.76562500,1250,12.87460327,75,1591,1896,1575,321,16,98.99434318,83.06962025,90.33553198,5.44444444,64.10000000,0.00000000,2.82105263,40.67101860,1505.15555556
mitdb,207,207,,clean_after_5min,125,11,4.88281250,1375,14.16206360,75,1591,1894,1574,320,17,98.93148963,83.10454065,90.32998565,5.44444444,63.63888889,0.00000000,1.41047563,46.69193064,1505.15555556
mitdb,207,207,,clean_after_5min,180,6,156.25000000,1080,11.12365723,75,1591,1883,1590,293,1,99.93714645,84.43972384,91.53713299,2.77777778,5.55555556,0.00000000,47.97289096,16.05771343,1505.15555556
mitdb,207,207,,clean_after_5min,180,7,78.12500000,1260,12.97760010,75,1591,1820,1588,232,3,99.81143935,87.25274725,93.11052477,2.77777778,5.55555556,0.00000000,22.31056662,22.70741925,1505.15555556
mitdb,207,207,,clean_after_5min,180,8,39.06250000,1440,14.83154297,75,1591,1815,1589,226,2,99.87429290,87.54820937,93.30593071,2.77777778,5.55555556,0.00000000,11.28966673,28.62400882,1505.15555556
mitdb,207,207,,clean_after_5min,180,9,19.53125000,1620,16.68548584,75,1591,1872,1589,283,2,99.87429290,84.88247863,91.77014150,2.77777778,5.55555556,0.00000000,5.63345404,34.66213614,1505.15555556
mitdb,207,207,,clean_after_5min,180,10,9.76562500,1800,18.53942871,75,1591,1817,1589,228,2,99.87429290,87.45184370,93.25117371,2.77777778,5.55555556,0.00000000,2.82150575,40.66801246,1505.15555556
mitdb,207,207,,clean_after_5min,180,11,4.88281250,1980,20.39337158,75,1591,1816,1589,227,2,99.87429290,87.50000000,93.27854417,2.77777778,5.55555556,0.00000000,1.41211169,46.68025028,1505.15555556
mitdb,207,207,,clean_after_5min,250,6,156.25000000,1500,15.44952393,75,1591,1849,1587,262,4,99.74858580,85.83017847,92.26744186,1.33333333,4.33333333,0.00000000,47.97419263,16.05725198,1505.15555556
mitdb,207,207,,clean_after_5min,250,7,78.12500000,1750,18.02444458,75,1591,1790,1587,203,4,99.74858580,88.65921788,93.87755102,1.33333333,4.18888889,0.00000000,22.30653437,22.70876344,1505.15555556
mitdb,207,207,,clean_after_5min,250,8,39.06250000,2000,20.59936523,75,1591,1789,1588,201,3,99.81143935,88.76467300,93.96449704,1.33333333,4.22222222,0.00000000,11.29424203,28.62026367,1505.15555556
mitdb,207,207,,clean_after_5min,250,9,19.53125000,2250,23.17428589,75,1591,1784,1587,197,4,99.74858580,88.95739910,94.04444444,1.22222222,4.41111111,0.00000000,5.63295975,34.66267251,1505.15555556
mitdb,207,207,,clean_after_5min,250,10,9.76562500,2500,25.74920654,75,1591,1786,1587,199,4,99.74858580,88.85778275,93.98874741,1.22222222,4.33333333,0.00000000,2.82029929,40.67150151,1505.15555556
mitdb,207,207,,clean_after_5min,250,11,4.88281250,2750,28.32412720,75,1591,1790,1588,202,3,99.81143935,88.71508380,93.93670512,1.22222222,4.10555556,0.00000000,1.41056413,46.68954873,1505.15555556
mitdb,207,207,,clean_after_5min,360,6,156.25000000,2160,22.24731445,75,1591,1963,1586,377,5,99.68573224,80.79470199,89.25154755,0.00000000,36.11111111,0.00000000,47.97828036,16.05421928,1505.15555556
mitdb,207,207,,clean_after_5min,360,7,78.12500000,2520,25.95520020,75,1591,1873,1588,285,3,99.81143935,84.78376935,91.68591224,0.00000000,38.88888889,0.00000000,22.29972508,22.70912265,1505.15555556
mitdb,207,207,,clean_after_5min,360,8,39.06250000,2880,29.66308594,75,1591,1879,1587,292,4,99.74858580,84.45981905,91.46974063,0.00000000,38.88888889,0.00000000,11.29424549,28.61796836,1505.15555556
mitdb,207,207,,clean_after_5min,360,9,19.53125000,3240,33.37097168,75,1591,1883,1587,296,4,99.74858580,84.28040361,91.36442142,0.00000000,38.88888889,0.00000000,5.63427954,34.65834503,1505.15555556
mitdb,207,207,,clean_after_5min,360,10,9.76562500,3600,37.07885742,75,1591,1876,1587,289,4,99.74858580,84.59488273,91.54888953,0.00000000,38.88888889,0.00000000,2.81864374,40.67430910,1505.15555556
mitdb,207,207,,clean_after_5min,360,11,4.88281250,3960,40.78674316,75,1591,1879,1587,292,4,99.74858580,84.45981905,91.46974063,0.00000000,38.88888889,0.00000000,1.41128086,46.68284380,1505.15555556
mitdb,207,207,,clean_after_5min,100,6,156.25000000,600,6.17980957,150,1591,1865,1590,275,1,99.93714645,85.25469169,92.01388889,61.66666667,75.00000000,0.00000000,47.96957532,16.06032710,1505.15555556
mitdb,207,207,,clean_after_5min,100,7,78.12500000,700,7.20977783,150,1591,1879,1588,291,3,99.81143935,84.51303885,91.52737752,61.66666667,73.69444444,0.00000000,22.32335958,22.70445348,1505.15555556
mitdb,207,207,,clean_after_5min,100,8,39.06250000,800,8.23974609,150,1591,1878,1588,290,3,99.81143935,84.55804047,91.55376189,61.66666667,73.13888889,0.00000000,11.29237213,28.62394095,1505.15555556
mitdb,207,207,,clean_after_5min,100,9,19.53125000,900,9.26971436,150,1591,1870,1588,282,3,99.81143935,84.91978610,91.76538573,61.66666667,73.33333333,0.00000000,5.63548119,34.66102449,1505.15555556
mitdb,207,207,,clean_after_5min,100,10,9.76562500,1000,10.29968262,150,1591,1872,1588,284,3,99.81143935,84.82905983,91.71238810,61.66666667,73.33333333,0.00000000,2.82005542,40.67449170,1505.15555556
mitdb,207,207,,clean_after_5min,100,11,4.88281250,1100,11.32965088,150,1591,1883,1588,295,3,99.81143935,84.33351036,91.42199194,61.66666667,73.33333333,0.00000000,1.40887615,46.70218825,1505.15555556
mitdb,207,207,,clean_after_5min,125,6,156.25000000,750,7.72476196,150,1591,1889,1590,299,1,99.93714645,84.17151932,91.37931034,8.00000000,68.06111111,0.00000000,47.98228730,16.05762344,1505.15555556
mitdb,207,207,,clean_after_5min,125,7,78.12500000,875,9.01222229,150,1591,1881,1591,290,0,100.00000000,84.58266879,91.64746544,5.11111111,67.16666667,0.00000000,22.30794941,22.71004936,1505.15555556
mitdb,207,207,,clean_after_5min,125,8,39.06250000,1000,10.29968262,150,1591,1884,1590,294,1,99.93714645,84.39490446,91.51079137,5.44444444,66.66666667,0.00000000,11.28770307,28.62713085,1505.15555556
mitdb,207,207,,clean_after_5min,125,9,19.53125000,1125,11.58714294,150,1591,1890,1590,300,1,99.93714645,84.12698413,91.35305947,5.44444444,66.85000000,0.00000000,5.63382894,34.66316925,1505.15555556
mitdb,207,207,,clean_after_5min,125,10,9.76562500,1250,12.87460327,150,1591,1896,1590,306,1,99.93714645,83.86075949,91.19587038,5.44444444,66.61666667,0.00000000,2.82105263,40.67101860,1505.15555556
mitdb,207,207,,clean_after_5min,125,11,4.88281250,1375,14.16206360,150,1591,1894,1590,304,1,99.93714645,83.94931362,91.24820660,5.44444444,66.66666667,0.00000000,1.41047563,46.69193064,1505.15555556
mitdb,207,207,,clean_after_5min,180,6,156.25000000,1080,11.12365723,150,1591,1883,1590,293,1,99.93714645,84.43972384,91.53713299,2.77777778,5.55555556,0.00000000,47.97289096,16.05771343,1505.15555556
mitdb,207,207,,clean_after_5min,180,7,78.12500000,1260,12.97760010,150,1591,1820,1590,230,1,99.93714645,87.36263736,93.22779244,2.77777778,5.55555556,0.00000000,22.31056662,22.70741925,1505.15555556
mitdb,207,207,,clean_after_5min,180,8,39.06250000,1440,14.83154297,150,1591,1815,1590,225,1,99.93714645,87.60330579,93.36465062,2.77777778,5.55555556,0.00000000,11.28966673,28.62400882,1505.15555556
mitdb,207,207,,clean_after_5min,180,9,19.53125000,1620,16.68548584,150,1591,1872,1590,282,1,99.93714645,84.93589744,91.82789489,2.77777778,5.55555556,0.00000000,5.63345404,34.66213614,1505.15555556
mitdb,207,207,,clean_after_5min,180,10,9.76562500,1800,18.53942871,150,1591,1817,1590,227,1,99.93714645,87.50687947,93.30985915,2.77777778,5.55555556,0.00000000,2.82150575,40.66801246,1505.15555556
mitdb,207,207,,clean_after_5min,180,11,4.88281250,1980,20.39337158,150,1591,1816,1590,226,1,99.93714645,87.55506608,93.33724684,2.77777778,5.55555556,0.00000000,1.41211169,46.68025028,1505.15555556
mitdb,207,207,,clean_after_5min,250,6,156.25000000,1500,15.44952393,150,1591,1849,1589,260,2,99.87429290,85.93834505,92.38372093,1.33333333,4.33333333,0.00000000,47.97419263,16.05725198,1505.15555556
mitdb,207,207,,clean_after_5min,250,7,78.12500000,1750,18.02444458,150,1591,1790,1588,202,3,99.81143935,88.71508380,93.93670512,1.33333333,4.22222222,0.00000000,22.30653437,22.70876344,1505.15555556
mitdb,207,207,,clean_after_5min,250,8,39.06250000,2000,20.59936523,150,1591,1789,1589,200,2,99.87429290,88.82057015,94.02366864,1.33333333,4.28888889,0.00000000,11.29424203,28.62026367,1505.15555556
mitdb,207,207,,clean_after_5min,250,9,19.53125000,2250,23.17428589,150,1591,1784,1588,196,3,99.81143935,89.01345291,94.10370370,1.27777778,4.51666667,0.00000000,5.63295975,34.66267251,1505.15555556
mitdb,207,207,,clean_after_5min,250,10,9.76562500,2500,25.74920654,150,1591,1786,1588,198,3,99.81143935,88.91377380,94.04797157,1.22222222,4.33333333,0.00000000,2.82029929,40.67150151,1505.15555556
mitdb,207,207,,clean_after_5min,250,11,4.88281250,2750,28.32412720,150,1591,1790,1589,201,2,99.87429290,88.77094972,93.99585921,1.22222222,4.28888889,0.00000000,1.41056413,46.68954873,1505.15555556
mitdb,207,207,,clean_after_5min,360,6,156.25000000,2160,22.24731445,150,1591,1963,1590,373,1,99.93714645,80.99847173,89.47664603,0.00000000,38.88888889,0.00000000,47.97828036,16.05421928,1505.15555556
mitdb,207,207,,clean_after_5min,360,7,78.12500000,2520,25.95520020,150,1591,1873,1589,284,2,99.87429290,84.83715964,91.74364896,0.00000000,38.88888889,0.00000000,22.29972508,22.70912265,1505.15555556
mitdb,207,207,,clean_after_5min,360,8,39.06250000,2880,29.66308594,150,1591,1879,1589,290,2,99.87429290,84.56625865,91.58501441,0.00000000,38.88888889,0.00000000,11.29424549,28.61796836,1505.15555556
mitdb,207,207,,clean_after_5min,360,9,19.53125000,3240,33.37097168,150,1591,1883,1589,294,2,99.87429290,84.38661710,91.47956246,0.00000000,38.88888889,0.00000000,5.63427954,34.65834503,1505.15555556
mitdb,207,207,,clean_after_5min,360,10,9.76562500,3600,37.07885742,150,1591,1876,1589,287,2,99.87429290,84.70149254,91.66426305,0.00000000,38.88888889,0.00000000,2.81864374,40.67430910,1505.15555556
mitdb,207,207,,clean_after_5min,360,11,4.88281250,3960,40.78674316,150,1591,1879,1589,290,2,99.87429290,84.56625865,91.58501441,0.00000000,38.88888889,0.00000000,1.41128086,46.68284380,1505.15555556
mitdb,208,208,,clean_after_5min,100,6,156.25000000,600,6.17980957,75,2436,2430,2313,117,123,94.95073892,95.18518519,95.06781751,55.55555556,67.22222222,0.00000000,45.58603196,19.45097150,1505.15555556
mitdb,208,208,,clean_after_5min,100,7,78.12500000,700,7.20977783,75,2436,2429,2313,116,123,94.95073892,95.22437217,95.08735868,56.11111111,67.22222222,0.00000000,22.37884312,25.63085468,1505.15555556
mitdb,208,208,,clean_after_5min,100,8,39.06250000,800,8.23974609,75,2436,2428,2313,115,123,94.95073892,95.26359143,95.10690789,56.11111111,67.22222222,0.00000000,11.25553981,31.60028075,1505.15555556
mitdb,208,208,,clean_after_5min,100,9,19.53125000,900,9.26971436,75,2436,2429,2316,113,120,95.07389163,95.34787979,95.21068859,55.55555556,67.22222222,0.00000000,5.64350644,37.59662682,1505.15555556
mitdb,208,208,,clean_after_5min,100,10,9.76562500,1000,10.29968262,75,2436,2429,2316,113,120,95.07389163,95.34787979,95.21068859,56.11111111,67.22222222,0.00000000,2.82044766,43.62124642,1505.15555556
mitdb,208,208,,clean_after_5min,100,11,4.88281250,1100,11.32965088,75,2436,2428,2315,113,121,95.03284072,95.34596376,95.18914474,55.55555556,67.22222222,0.00000000,1.41106256,49.63668193,1505.15555556
mitdb,208,208,,clean_after_5min,125,6,156.25000000,750,7.72476196,75,2436,2427,2292,135,144,94.08866995,94.43757726,94.26280074,3.77777778,61.16111111,0.00000000,45.60006799,19.44767559,1505.15555556
mitdb,208,208,,clean_after_5min,125,7,78.12500000,875,9.01222229,75,2436,2427,2308,119,128,94.74548440,95.09682736,94.92083076,3.77777778,60.44444444,0.00000000,22.37508875,25.63169006,1505.15555556
mitdb,208,208,,clean_after_5min,125,8,39.06250000,1000,10.29968262,75,2436,2428,2311,117,125,94.86863711,95.18121911,95.02467105,3.77777778,60.27777778,0.00000000,11.27764753,31.58261506,1505.15555556
mitdb,208,208,,clean_after_5min,125,9,19.53125000,1125,11.58714294,75,2436,2427,2308,119,128,94.74548440,95.09682736,94.92083076,3.77777778,59.96111111,0.00000000,5.64469325,37.59417848,1505.15555556
mitdb,208,208,,clean_after_5min,125,10,9.76562500,1250,12.87460327,75,2436,2427,2307,120,129,94.70443350,95.05562423,94.87970389,3.77777778,60.11111111,0.00000000,2.81691174,43.63152059,1505.15555556
mitdb,208,208,,clean_after_5min,125,11,4.88281250,1375,14.16206360,75,2436,2427,2307,120,129,94.70443350,95.05562423,94.87970389,3.77777778,60.44444444,0.00000000,1.41173623,49.63191417,1505.15555556
mitdb,208,208,,clean_after_5min,180,6,156.25000000,1080,11.12365723,75,2436,2409,1807,602,629,74.17898194,75.01037775,74.59236326,2.77777778,44.44444444,0.00000000,45.61476127,19.44248591,1505.15555556
mitdb,208,208,,clean_after_5min,180,7,78.12500000,1260,12.97760010,75,2436,2409,1820,589,616,74.71264368,75.55002076,75.12899897,2.77777778,47.22222222,0.00000000,22.37265384,25.63024397,1505.15555556
mitdb,208,208,,clean_after_5min,180,8,39.06250000,1440,14.83154297,75,2436,2407,1829,578,607,75.08210181,75.98670544,75.53169523,2.77777778,47.22222222,0.00000000,11.26894115,31.58693182,1505.15555556
mitdb,208,208,,clean_after_5min,180,9,19.53125000,1620,16.68548584,75,2436,2410,1826,584,610,74.95894910,75.76763485,75.36112258,2.77777778,47.22222222,0.00000000,5.64447839,37.59211774,1505.15555556
mitdb,208,208,,clean_after_5min,180,10,9.76562500,1800,18.53942871,75,2436,2409,1826,583,610,74.95894910,75.79908676,75.37667699,2.77777778,47.22222222,0.00000000,2.81798423,43.62582287,1505.15555556
mitdb,208,208,,clean_after_5min,180,11,4.88281250,1980,20.39337158,75,2436,2410,1822,588,614,74.79474548,75.60165975,75.19603797,2.77777778,47.22222222,0.00000000,1.41085456,49.63494911,1505.15555556
mitdb,208,208,,clean_after_5min,250,6,156.25000000,1500,15.44952393,75,2436,2376,1736,640,700,71.26436782,73.06397306,72.15295096,1.44444444,19.13888889,0.00000000,45.60182853,19.44490616,1505.15555556
mitdb,208,208,,clean_after_5min,250,7,78.12500000,1750,18.02444458,75,2436,2369,1747,622,689,71.71592775,73.74419586,72.71592092,1.44444444,29.88888889,0.00000000,22.36759910,25.63216390,1505.15555556
mitdb,208,208,,clean_after_5min,250,8,39.06250000,2000,20.59936523,75,2436,2366,1748,618,688,71.75697865,73.87996619,72.80299875,1.44444444,32.42777778,0.00000000,11.27422954,31.58281386,1505.15555556
mitdb,208,208,,clean_after_5min,250,9,19.53125000,2250,23.17428589,75,2436,2367,1746,621,690,71.67487685,73.76425856,72.70455965,1.44444444,29.88888889,0.00000000,5.64584543,37.58997162,1505.15555556
mitdb,208,208,,clean_after_5min,250,10,9.76562500,2500,25.74920654,75,2436,2375,1743,632,693,71.55172414,73.38947368,72.45894824,1.44444444,26.24444444,0.00000000,2.81659901,43.63005086,1505.15555556
mitdb,208,208,,clean_after_5min,250,11,4.88281250,2750,28.32412720,75,2436,2375,1745,630,691,71.63382594,73.47368421,72.54209104,1.44444444,29.88888889,0.00000000,1.41111993,49.63327279,1505.15555556
mitdb,208,208,,clean_after_5min,360,6,156.25000000,2160,22.24731445,75,2436,2328,2126,202,310,87.27422003,91.32302405,89.25272880,0.00000000,58.33333333,0.00000000,45.61376022,19.43928429,1505.15555556
mitdb,208,208,,clean_after_5min,360,7,78.12500000,2520,25.95520020,75,2436,2318,2106,212,330,86.45320197,90.85418464,88.59907446,0.00000000,58.33333333,0.00000000,22.36766468,25.62878892,1505.15555556
mitdb,208,208,,clean_after_5min,360,8,39.06250000,2880,29.66308594,75,2436,2323,2114,209,322,86.78160920,91.00301334,88.84219374,0.00000000,58.33333333,0.00000000,11.26780671,31.58441402,1505.15555556
mitdb,208,208,,clean_after_5min,360,9,19.53125000,3240,33.37097168,75,2436,2322,2112,210,324,86.69950739,90.95607235,88.77679697,0.00000000,58.33333333,0.00000000,5.64596616,37.58643637,1505.15555556
mitdb,208,208,,clean_after_5min,360,10,9.76562500,3600,37.07885742,75,2436,2323,2116,207,320,86.86371100,91.08910891,88.92624501,0.00000000,58.33333333,0.00000000,2.81874953,43.62007207,1505.15555556
mitdb,208,208,,clean_after_5min,360,11,4.88281250,3960,40.78674316,75,2436,2320,2112,208,324,86.69950739,91.03448276,88.81412952,0.00000000,58.33333333,0.00000000,1.40961828,49.63917133,1505.15555556
mitdb,208,208,,clean_after_5min,100,6,156.25000000,600,6.17980957,150,2436,2430,2420,10,16,99.34318555,99.58847737,99.46568023,56.38888889,73.88888889,0.00000000,45.58603196,19.45097150,1505.15555556
mitdb,208,208,,clean_after_5min,100,7,78.12500000,700,7.20977783,150,2436,2429,2420,9,16,99.34318555,99.62947715,99.48612539,56.66666667,73.88888889,0.00000000,22.37884312,25.63085468,1505.15555556
mitdb,208,208,,clean_after_5min,100,8,39.06250000,800,8.23974609,150,2436,2428,2419,9,17,99.30213465,99.62932455,99.46546053,56.66666667,73.38888889,0.00000000,11.25553981,31.60028075,1505.15555556
mitdb,208,208,,clean_after_5min,100,9,19.53125000,900,9.26971436,150,2436,2429,2420,9,16,99.34318555,99.62947715,99.48612539,56.66666667,73.33333333,0.00000000,5.64350644,37.59662682,1505.15555556
mitdb,208,208,,clean_after_5min,100,10,9.76562500,1000,10.29968262,150,2436,2429,2420,9,16,99.34318555,99.62947715,99.48612539,56.66666667,73.33333333,0.00000000,2.82044766,43.62124642,1505.15555556
mitdb,208,208,,clean_after_5min,100,11,4.88281250,1100,11.32965088,150,2436,2428,2419,9,17,99.30213465,99.62932455,99.46546053,56.66666667,73.33333333,0.00000000,1.41106256,49.63668193,1505.15555556
mitdb,208,208,,clean_after_5min,125,6,156.25000000,750,7.72476196,150,2436,2427,2420,7,16,99.34318555,99.71157808,99.52704092,4.11111111,75.89444444,0.00000000,45.60006799,19.44767559,1505.15555556
mitdb,208,208,,clean_after_5min,125,7,78.12500000,875,9.01222229,150,2436,2427,2420,7,16,99.34318555,99.71157808,99.52704092,4.00000000,72.90555556,0.00000000,22.37508875,25.63169006,1505.15555556
mitdb,208,208,,clean_after_5min,125,8,39.06250000,1000,10.29968262,150,2436,2428,2420,8,16,99.34318555,99.67051071,99.50657895,4.00000000,72.23333333,0.00000000,11.27764753,31.58261506,1505.15555556
mitdb,208,208,,clean_after_5min,125,9,19.53125000,1125,11.58714294,150,2436,2427,2420,7,16,99.34318555,99.71157808,99.52704092,4.00000000,72.78333333,0.00000000,5.64469325,37.59417848,1505.15555556
mitdb,208,208,,clean_after_5min,125,10,9.76562500,1250,12.87460327,150,2436,2427,2420,7,16,99.34318555,99.71157808,99.52704092,4.00000000,72.91666667,0.00000000,2.81691174,43.63152059,1505.15555556
mitdb,208,208,,clean_after_5min,125,11,4.88281250,1375,14.16206360,150,2436,2427,2420,7,16,99.34318555,99.71157808,99.52704092,4.00000000,72.91666667,0.00000000,1.41173623,49.63191417,1505.15555556
mitdb,208,208,,clean_after_5min,180,6,156.25000000,1080,11.12365723,150,2436,2409,2404,5,32,98.68637110,99.79244500,99.23632611,2.77777778,97.22222222,0.00000000,45.61476127,19.44248591,1505.15555556
mitdb,208,208,,clean_after_5min,180,7,78.12500000,1260,12.97760010,150,2436,2409,2403,6,33,98.64532020,99.75093400,99.19504644,2.77777778,94.44444444,0.00000000,22.37265384,25.63024397,1505.15555556
mitdb,208,208,,clean_after_5min,180,8,39.06250000,1440,14.83154297,150,2436,2407,2402,5,34,98.60426929,99.79227254,99.19471402,2.77777778,94.44444444,0.00000000,11.26894115,31.58693182,1505.15555556
mitdb,208,208,,clean_after_5min,180,9,19.53125000,1620,16.68548584,150,2436,2410,2403,7,33,98.64532020,99.70954357,99.17457697,2.77777778,94.44444444,0.00000000,5.64447839,37.59211774,1505.15555556
mitdb,208,208,,clean_after_5min,180,10,9.76562500,1800,18.53942871,150,2436,2409,2403,6,33,98.64532020,99.75093400,99.19504644,2.77777778,94.44444444,0.00000000,2.81798423,43.62582287,1505.15555556
mitdb,208,208,,clean_after_5min,180,11,4.88281250,1980,20.39337158,150,2436,2410,2404,6,32,98.68637110,99.75103734,99.21584812,2.77777778,94.44444444,0.00000000,1.41085456,49.63494911,1505.15555556
mitdb,208,208,,clean_after_5min,250,6,156.25000000,1500,15.44952393,150,2436,2376,2371,5,65,97.33169130,99.78956229,98.54530341,2.11111111,92.88888889,0.00000000,45.60182853,19.44490616,1505.15555556
mitdb,208,208,,clean_after_5min,250,7,78.12500000,1750,18.02444458,150,2436,2369,2364,5,72,97.04433498,99.78894048,98.39750260,2.11111111,92.77777778,0.00000000,22.36759910,25.63216390,1505.15555556
mitdb,208,208,,clean_after_5min,250,8,39.06250000,2000,20.59936523,150,2436,2366,2361,5,75,96.92118227,99.78867287,98.33402749,2.11111111,92.77777778,0.00000000,11.27422954,31.58281386,1505.15555556
mitdb,208,208,,clean_after_5min,250,9,19.53125000,2250,23.17428589,150,2436,2367,2362,5,74,96.96223317,99.78876215,98.35519467,2.11111111,92.77777778,0.00000000,5.64584543,37.58997162,1505.15555556
mitdb,208,208,,clean_after_5min,250,10,9.76562500,2500,25.74920654,150,2436,2375,2371,4,65,97.33169130,99.83157895,98.56578674,2.11111111,92.88888889,0.00000000,2.81659901,43.63005086,1505.15555556
mitdb,208,208,,clean_after_5min,250,11,4.88281250,2750,28.32412720,150,2436,2375,2370,5,66,97.29064039,99.78947368,98.52421534,2.11111111,92.88888889,0.00000000,1.41111993,49.63327279,1505.15555556
mitdb,208,208,,clean_after_5min,360,6,156.25000000,2160,22.24731445,150,2436,2328,2322,6,114,95.32019704,99.74226804,97.48110831,0.00000000,83.33333333,0.00000000,45.61376022,19.43928429,1505.15555556
mitdb,208,208,,clean_after_5min,360,7,78.12500000,2520,25.95520020,150,2436,2318,2312,6,124,94.90968801,99.74115617,97.26546066,0.00000000,83.33333333,0.00000000,22.36766468,25.62878892,1505.15555556
mitdb,208,208,,clean_after_5min,360,8,39.06250000,2880,29.66308594,150,2436,2323,2317,6,119,95.11494253,99.74171330,97.37339777,0.00000000,83.33333333,0.00000000,11.26780671,31.58441402,1505.15555556
mitdb,208,208,,clean_after_5min,360,9,19.53125000,3240,33.37097168,150,2436,2322,2316,6,120,95.07389163,99.74160207,97.35182850,0.00000000,83.33333333,0.00000000,5.64596616,37.58643637,1505.15555556
mitdb,208,208,,clean_after_5min,360,10,9.76562500,3600,37.07885742,150,2436,2323,2317,6,119,95.11494253,99.74171330,97.37339777,0.00000000,83.33333333,0.00000000,2.81874953,43.62007207,1505.15555556
mitdb,208,208,,clean_after_5min,360,11,4.88281250,3960,40.78674316,150,2436,2320,2314,6,122,94.99178982,99.74137931,97.30866274,0.00000000,83.33333333,0.00000000,1.40961828,49.63917133,1505.15555556
mitdb,209,209,,clean_after_5min,100,6,156.25000000,600,6.17980957,75,2519,2526,2516,10,3,99.88090512,99.60411718,99.74231913,6.66666667,65.00000000,0.00000000,46.55927569,14.11452700,1505.15555556
mitdb,209,209,,clean_after_5min,100,7,78.12500000,700,7.20977783,75,2519,2522,2518,4,1,99.96030171,99.84139572,99.90081333,5.55555556,64.44444444,0.00000000,22.56088864,20.40752728,1505.15555556
mitdb,209,209,,clean_after_5min,100,8,39.06250000,800,8.23974609,75,2519,2524,2518,6,1,99.96030171,99.76228209,99.86119373,5.55555556,64.44444444,0.00000000,11.27087524,26.43549846,1505.15555556
mitdb,209,209,,clean_after_5min,100,9,19.53125000,900,9.26971436,75,2519,2523,2518,5,1,99.96030171,99.80182323,99.88099960,5.55555556,64.44444444,0.00000000,5.64074858,32.44791646,1505.15555556
mitdb,209,209,,clean_after_5min,100,10,9.76562500,1000,10.29968262,75,2519,2523,2518,5,1,99.96030171,99.80182323,99.88099960,5.55555556,64.44444444,0.00000000,2.81472527,38.48593107,1505.15555556
mitdb,209,209,,clean_after_5min,100,11,4.88281250,1100,11.32965088,75,2519,2523,2518,5,1,99.96030171,99.80182323,99.88099960,6.11111111,64.44444444,0.00000000,1.40985563,44.49115844,1505.15555556
mitdb,209,209,,clean_after_5min,125,6,156.25000000,750,7.72476196,75,2519,2522,2518,4,1,99.96030171,99.84139572,99.90081333,2.55555556,6.44444444,0.00000000,46.57152807,14.11246874,1505.15555556
mitdb,209,209,,clean_after_5min,125,7,78.12500000,875,9.01222229,75,2519,2522,2518,4,1,99.96030171,99.84139572,99.90081333,2.55555556,6.33333333,0.00000000,22.55138459,20.41141427,1505.15555556
mitdb,209,209,,clean_after_5min,125,8,39.06250000,1000,10.29968262,75,2519,2522,2518,4,1,99.96030171,99.84139572,99.90081333,2.55555556,6.33333333,0.00000000,11.28594179,26.42412238,1505.15555556
mitdb,209,209,,clean_after_5min,125,9,19.53125000,1125,11.58714294,75,2519,2522,2518,4,1,99.96030171,99.84139572,99.90081333,2.55555556,6.33333333,0.00000000,5.64189136,32.44638412,1505.15555556
mitdb,209,209,,clean_after_5min,125,10,9.76562500,1250,12.87460327,75,2519,2522,2518,4,1,99.96030171,99.84139572,99.90081333,2.55555556,6.33333333,0.00000000,2.81697792,38.47920963,1505.15555556
mitdb,209,209,,clean_after_5min,125,11,4.88281250,1375,14.16206360,75,2519,2522,2518,4,1,99.96030171,99.84139572,99.90081333,2.55555556,6.33333333,0.00000000,1.40992846,44.49093694,1505.15555556
mitdb,209,209,,clean_after_5min,180,6,156.25000000,1080,11.12365723,75,2519,2520,2519,1,0,100.00000000,99.96031746,99.98015479,2.77777778,5.55555556,0.00000000,46.55654255,14.11353497,1505.15555556
mitdb,209,209,,clean_after_5min,180,7,78.12500000,1260,12.97760010,75,2519,2520,2519,1,0,100.00000000,99.96031746,99.98015479,2.77777778,2.77777778,0.00000000,22.55731092,20.40740286,1505.15555556
mitdb,209,209,,clean_after_5min,180,8,39.06250000,1440,14.83154297,75,2519,2520,2519,1,0,100.00000000,99.96031746,99.98015479,2.77777778,5.55555556,0.00000000,11.28232673,26.42517593,1505.15555556
mitdb,209,209,,clean_after_5min,180,9,19.53125000,1620,16.68548584,75,2519,2520,2519,1,0,100.00000000,99.96031746,99.98015479,2.77777778,5.55555556,0.00000000,5.64268829,32.44342818,1505.15555556
mitdb,209,209,,clean_after_5min,180,10,9.76562500,1800,18.53942871,75,2519,2520,2519,1,0,100.00000000,99.96031746,99.98015479,2.77777778,5.55555556,0.00000000,2.81852206,38.47272062,1505.15555556
mitdb,209,209,,clean_after_5min,180,11,4.88281250,1980,20.39337158,75,2519,2520,2519,1,0,100.00000000,99.96031746,99.98015479,2.77777778,5.55555556,0.00000000,1.40949077,44.49190466,1505.15555556
mitdb,209,209,,clean_after_5min,250,6,156.25000000,1500,15.44952393,75,2519,2520,2519,1,0,100.00000000,99.96031746,99.98015479,1.11111111,3.12222222,0.00000000,46.56312708,14.11375129,1505.15555556
mitdb,209,209,,clean_after_5min,250,7,78.12500000,1750,18.02444458,75,2519,2520,2519,1,0,100.00000000,99.96031746,99.98015479,1.11111111,3.00000000,0.00000000,22.56772113,20.40483993,1505.15555556
mitdb,209,209,,clean_after_5min,250,8,39.06250000,2000,20.59936523,75,2519,2520,2519,1,0,100.00000000,99.96031746,99.98015479,1.11111111,3.00000000,0.00000000,11.28299353,26.42610728,1505.15555556
mitdb,209,209,,clean_after_5min,250,9,19.53125000,2250,23.17428589,75,2519,2520,2519,1,0,100.00000000,99.96031746,99.98015479,1.11111111,3.00000000,0.00000000,5.64007685,32.44889363,1505.15555556
mitdb,209,209,,clean_after_5min,250,10,9.76562500,2500,25.74920654,75,2519,2520,2519,1,0,100.00000000,99.96031746,99.98015479,1.11111111,3.00000000,0.00000000,2.81715149,38.47839005,1505.15555556
mitdb,209,209,,clean_after_5min,250,11,4.88281250,2750,28.32412720,75,2519,2520,2519,1,0,100.00000000,99.96031746,99.98015479,1.11111111,3.00000000,0.00000000,1.41075189,44.48558128,1505.15555556
mitdb,209,209,,clean_after_5min,360,6,156.25000000,2160,22.24731445,75,2519,2519,2519,0,0,100.00000000,100.00000000,100.00000000,0.00000000,2.77777778,0.00000000,46.55693622,14.10888155,1505.15555556
mitdb,209,209,,clean_after_5min,360,7,78.12500000,2520,25.95520020,75,2519,2520,2519,1,0,100.00000000,99.96031746,99.98015479,0.00000000,2.77777778,0.00000000,22.56602146,20.39946947,1505.15555556
mitdb,209,209,,clean_after_5min,360,8,39.06250000,2880,29.66308594,75,2519,2519,2519,0,0,100.00000000,100.00000000,100.00000000,0.00000000,2.77777778,0.00000000,11.28417285,26.41917480,1505.15555556
mitdb,209,209,,clean_after_5min,360,9,19.53125000,3240,33.37097168,75,2519,2519,2519,0,0,100.00000000,100.00000000,100.00000000,0.00000000,2.77777778,0.00000000,5.63934594,32.44399467,1505.15555556
mitdb,209,209,,clean_after_5min,360,10,9.76562500,3600,37.07885742,75,2519,2519,2519,0,0,100.00000000,100.00000000,100.00000000,0.00000000,2.77777778,0.00000000,2.81945193,38.46527551,1505.15555556
mitdb,209,209,,clean_after_5min,360,11,4.88281250,3960,40.78674316,75,2519,2519,2519,0,0,100.00000000,100.00000000,100.00000000,0.00000000,2.77777778,0.00000000,1.40935024,44.48819071,1505.15555556
mitdb,209,209,,clean_after_5min,100,6,156.25000000,600,6.17980957,150,2519,2526,2519,7,0,100.00000000,99.72288203,99.86124876,6.66666667,65.00000000,0.00000000,46.55927569,14.11452700,1505.15555556
mitdb,209,209,,clean_after_5min,100,7,78.12500000,700,7.20977783,150,2519,2522,2519,3,0,100.00000000,99.88104679,99.94048800,5.55555556,64.44444444,0.00000000,22.56088864,20.40752728,1505.15555556
mitdb,209,209,,clean_after_5min,100,8,39.06250000,800,8.23974609,150,2519,2524,2519,5,0,100.00000000,99.80190174,99.90085267,5.55555556,64.44444444,0.00000000,11.27087524,26.43549846,1505.15555556
mitdb,209,209,,clean_after_5min,100,9,19.53125000,900,9.26971436,150,2519,2523,2519,4,0,100.00000000,99.84145858,99.92066640,5.55555556,64.44444444,0.00000000,5.64074858,32.44791646,1505.15555556
mitdb,209,209,,clean_after_5min,100,10,9.76562500,1000,10.29968262,150,2519,2523,2519,4,0,100.00000000,99.84145858,99.92066640,5.55555556,64.44444444,0.00000000,2.81472527,38.48593107,1505.15555556
mitdb,209,209,,clean_after_5min,100,11,4.88281250,1100,11.32965088,150,2519,2523,2519,4,0,100.00000000,99.84145858,99.92066640,6.11111111,64.44444444,0.00000000,1.40985563,44.49115844,1505.15555556
mitdb,209,209,,clean_after_5min,125,6,156.25000000,750,7.72476196,150,2519,2522,2519,3,0,100.00000000,99.88104679,99.94048800,2.55555556,6.44444444,0.00000000,46.57152807,14.11246874,1505.15555556
mitdb,209,209,,clean_after_5min,125,7,78.12500000,875,9.01222229,150,2519,2522,2519,3,0,100.00000000,99.88104679,99.94048800,2.55555556,6.33333333,0.00000000,22.55138459,20.41141427,1505.15555556
mitdb,209,209,,clean_after_5min,125,8,39.06250000,1000,10.29968262,150,2519,2522,2519,3,0,100.00000000,99.88104679,99.94048800,2.55555556,6.33333333,0.00000000,11.28594179,26.42412238,1505.15555556
mitdb,209,209,,clean_after_5min,125,9,19.53125000,1125,11.58714294,150,2519,2522,2519,3,0,100.00000000,99.88104679,99.94048800,2.55555556,6.33333333,0.00000000,5.64189136,32.44638412,1505.15555556
mitdb,209,209,,clean_after_5min,125,10,9.76562500,1250,12.87460327,150,2519,2522,2519,3,0,100.00000000,99.88104679,99.94048800,2.55555556,6.33333333,0.00000000,2.81697792,38.47920963,1505.15555556
mitdb,209,209,,clean_after_5min,125,11,4.88281250,1375,14.16206360,150,2519,2522,2519,3,0,100.00000000,99.88104679,99.94048800,2.55555556,6.33333333,0.00000000,1.40992846,44.49093694,1505.15555556
mitdb,209,209,,clean_after_5min,180,6,156.25000000,1080,11.12365723,150,2519,2520,2519,1,0,100.00000000,99.96031746,99.98015479,2.77777778,5.55555556,0.00000000,46.55654255,14.11353497,1505.15555556
mitdb,209,209,,clean_after_5min,180,7,78.12500000,1260,12.97760010,150,2519,2520,2519,1,0,100.00000000,99.96031746,99.98015479,2.77777778,2.77777778,0.00000000,22.55731092,20.40740286,1505.15555556
mitdb,209,209,,clean_after_5min,180,8,39.06250000,1440,14.83154297,150,2519,2520,2519,1,0,100.00000000,99.96031746,99.98015479,2.77777778,5.55555556,0.00000000,11.28232673,26.42517593,1505.15555556
mitdb,209,209,,clean_after_5min,180,9,19.53125000,1620,16.68548584,150,2519,2520,2519,1,0,100.00000000,99.96031746,99.98015479,2.77777778,5.55555556,0.00000000,5.64268829,32.44342818,1505.15555556
mitdb,209,209,,clean_after_5min,180,10,9.76562500,1800,18.53942871,150,2519,2520,2519,1,0,100.00000000,99.96031746,99.98015479,2.77777778,5.55555556,0.00000000,2.81852206,38.47272062,1505.15555556
mitdb,209,209,,clean_after_5min,180,11,4.88281250,1980,20.39337158,150,2519,2520,2519,1,0,100.00000000,99.96031746,99.98015479,2.77777778,5.55555556,0.00000000,1.40949077,44.49190466,1505.15555556
mitdb,209,209,,clean_after_5min,250,6,156.25000000,1500,15.44952393,150,2519,2520,2519,1,0,100.00000000,99.96031746,99.98015479,1.11111111,3.12222222,0.00000000,46.56312708,14.11375129,1505.15555556
mitdb,209,209,,clean_after_5min,250,7,78.12500000,1750,18.02444458,150,2519,2520,2519,1,0,100.00000000,99.96031746,99.98015479,1.11111111,3.00000000,0.00000000,22.56772113,20.40483993,1505.15555556
mitdb,209,209,,clean_after_5min,250,8,39.06250000,2000,20.59936523,150,2519,2520,2519,1,0,100.00000000,99.96031746,99.98015479,1.11111111,3.00000000,0.00000000,11.28299353,26.42610728,1505.15555556
mitdb,209,209,,clean_after_5min,250,9,19.53125000,2250,23.17428589,150,2519,2520,2519,1,0,100.00000000,99.96031746,99.98015479,1.11111111,3.00000000,0.00000000,5.64007685,32.44889363,1505.15555556
mitdb,209,209,,clean_after_5min,250,10,9.76562500,2500,25.74920654,150,2519,2520,2519,1,0,100.00000000,99.96031746,99.98015479,1.11111111,3.00000000,0.00000000,2.81715149,38.47839005,1505.15555556
mitdb,209,209,,clean_after_5min,250,11,4.88281250,2750,28.32412720,150,2519,2520,2519,1,0,100.00000000,99.96031746,99.98015479,1.11111111,3.00000000,0.00000000,1.41075189,44.48558128,1505.15555556
mitdb,209,209,,clean_after_5min,360,6,156.25000000,2160,22.24731445,150,2519,2519,2519,0,0,100.00000000,100.00000000,100.00000000,0.00000000,2.77777778,0.00000000,46.55693622,14.10888155,1505.15555556
mitdb,209,209,,clean_after_5min,360,7,78.12500000,2520,25.95520020,150,2519,2520,2519,1,0,100.00000000,99.96031746,99.98015479,0.00000000,2.77777778,0.00000000,22.56602146,20.39946947,1505.15555556
mitdb,209,209,,clean_after_5min,360,8,39.06250000,2880,29.66308594,150,2519,2519,2519,0,0,100.00000000,100.00000000,100.00000000,0.00000000,2.77777778,0.00000000,11.28417285,26.41917480,1505.15555556
mitdb,209,209,,clean_after_5min,360,9,19.53125000,3240,33.37097168,150,2519,2519,2519,0,0,100.00000000,100.00000000,100.00000000,0.00000000,2.77777778,0.00000000,5.63934594,32.44399467,1505.15555556
mitdb,209,209,,clean_after_5min,360,10,9.76562500,3600,37.07885742,150,2519,2519,2519,0,0,100.00000000,100.00000000,100.00000000,0.00000000,2.77777778,0.00000000,2.81945193,38.46527551,1505.15555556
mitdb,209,209,,clean_after_5min,360,11,4.88281250,3960,40.78674316,150,2519,2519,2519,0,0,100.00000000,100.00000000,100.00000000,0.00000000,2.77777778,0.00000000,1.40935024,44.48819071,1505.15555556
mitdb,210,210,,clean_after_5min,100,6,156.25000000,600,6.17980957,75,2203,2182,2176,6,27,98.77439855,99.72502291,99.24743444,53.88888889,65.00000000,0.00000000,36.10089978,16.40480104,1505.15555556
mitdb,210,210,,clean_after_5min,100,7,78.12500000,700,7.20977783,75,2203,2187,2179,8,24,98.91057649,99.63420210,99.27107062,58.33333333,65.00000000,0.00000000,21.94899121,20.72687028,1505.15555556
mitdb,210,210,,clean_after_5min,100,8,39.06250000,800,8.23974609,75,2203,2186,2178,8,25,98.86518384,99.63403477,99.24812030,58.88888889,65.55555556,0.00000000,11.30528019,26.48953496,1505.15555556
mitdb,210,210,,clean_after_5min,100,9,19.53125000,900,9.26971436,75,2203,2186,2177,9,26,98.81979119,99.58828911,99.20255183,58.33333333,65.55555556,0.00000000,5.63044207,32.54431168,1505.15555556
mitdb,210,210,,clean_after_5min,100,10,9.76562500,1000,10.29968262,75,2203,2186,2178,8,25,98.86518384,99.63403477,99.24812030,58.88888889,65.55555556,0.00000000,2.82262512,38.54209754,1505.15555556
mitdb,210,210,,clean_after_5min,100,11,4.88281250,1100,11.32965088,75,2203,2186,2178,8,25,98.86518384,99.63403477,99.24812030,58.88888889,65.55555556,0.00000000,1.41015846,44.56980326,1505.15555556
mitdb,210,210,,clean_after_5min,125,6,156.25000000,750,7.72476196,75,2203,2180,2175,5,28,98.72900590,99.77064220,99.24709103,2.11111111,5.22222222,0.00000000,36.09084578,16.40701901,1505.15555556
mitdb,210,210,,clean_after_5min,125,7,78.12500000,875,9.01222229,75,2203,2182,2178,4,25,98.86518384,99.81668194,99.33865450,2.11111111,5.11111111,0.00000000,21.95324200,20.72498691,1505.15555556
mitdb,210,210,,clean_after_5min,125,8,39.06250000,1000,10.29968262,75,2203,2181,2177,4,26,98.81979119,99.81659789,99.31569343,2.11111111,5.13333333,0.00000000,11.30315920,26.49096332,1505.15555556
mitdb,210,210,,clean_after_5min,125,9,19.53125000,1125,11.58714294,75,2203,2181,2177,4,26,98.81979119,99.81659789,99.31569343,2.11111111,5.11111111,0.00000000,5.63616007,32.53529383,1505.15555556
mitdb,210,210,,clean_after_5min,125,10,9.76562500,1250,12.87460327,75,2203,2181,2177,4,26,98.81979119,99.81659789,99.31569343,2.11111111,5.11111111,0.00000000,2.82257524,38.54204966,1505.15555556
mitdb,210,210,,clean_after_5min,125,11,4.88281250,1375,14.16206360,75,2203,2180,2176,4,27,98.77439855,99.81651376,99.29272188,2.11111111,5.11111111,0.00000000,1.40918333,44.57561026,1505.15555556
mitdb,210,210,,clean_after_5min,180,6,156.25000000,1080,11.12365723,75,2203,2165,2162,3,41,98.13890150,99.86143187,98.99267399,2.77777778,2.77777778,0.00000000,36.10495963,16.40186171,1505.15555556
mitdb,210,210,,clean_after_5min,180,7,78.12500000,1260,12.97760010,75,2203,2170,2167,3,36,98.36586473,99.86175115,99.10816373,2.77777778,2.77777778,0.00000000,21.94337530,20.72713036,1505.15555556
mitdb,210,210,,clean_after_5min,180,8,39.06250000,1440,14.83154297,75,2203,2168,2165,3,38,98.27507944,99.86162362,99.06199954,2.77777778,2.77777778,0.00000000,11.30564645,26.48729098,1505.15555556
mitdb,210,210,,clean_after_5min,180,9,19.53125000,1620,16.68548584,75,2203,2167,2164,3,39,98.22968679,99.86155976,99.03890160,2.77777778,2.77777778,0.00000000,5.63612562,32.53358570,1505.15555556
mitdb,210,210,,clean_after_5min,180,10,9.76562500,1800,18.53942871,75,2203,2168,2165,3,38,98.27507944,99.86162362,99.06199954,2.77777778,2.77777778,0.00000000,2.81459495,38.56488089,1505.15555556
mitdb,210,210,,clean_after_5min,180,11,4.88281250,1980,20.39337158,75,2203,2168,2165,3,38,98.27507944,99.86162362,99.06199954,2.77777778,2.77777778,0.00000000,1.41009852,44.56820987,1505.15555556
mitdb,210,210,,clean_after_5min,250,6,156.25000000,1500,15.44952393,75,2203,2155,2152,3,51,97.68497503,99.86078886,98.76089950,1.11111111,2.88888889,0.00000000,36.10119121,16.40342829,1505.15555556
mitdb,210,210,,clean_after_5min,250,7,78.12500000,1750,18.02444458,75,2203,2156,2153,3,50,97.73036768,99.86085343,98.78412480,1.00000000,2.77777778,0.00000000,21.94371598,20.72765546,1505.15555556
mitdb,210,210,,clean_after_5min,250,8,39.06250000,2000,20.59936523,75,2203,2159,2156,3,47,97.86654562,99.86104678,98.85373682,1.00000000,2.77777778,0.00000000,11.30100166,26.49152016,1505.15555556
mitdb,210,210,,clean_after_5min,250,9,19.53125000,2250,23.17428589,75,2203,2156,2153,3,50,97.73036768,99.86085343,98.78412480,1.00000000,2.77777778,0.00000000,5.63568800,32.53492009,1505.15555556
mitdb,210,210,,clean_after_5min,250,10,9.76562500,2500,25.74920654,75,2203,2160,2157,3,46,97.91193827,99.86111111,98.87691955,1.00000000,2.77777778,0.00000000,2.82138298,38.54461809,1505.15555556
mitdb,210,210,,clean_after_5min,250,11,4.88281250,2750,28.32412720,75,2203,2159,2156,3,47,97.86654562,99.86104678,98.85373682,1.00000000,2.77777778,0.00000000,1.41069575,44.56519179,1505.15555556
mitdb,210,210,,clean_after_5min,360,6,156.25000000,2160,22.24731445,75,2203,2150,2147,3,56,97.45801180,99.86046512,98.64461291,0.00000000,2.77777778,0.00000000,36.09766155,16.39928120,1505.15555556
mitdb,210,210,,clean_after_5min,360,7,78.12500000,2520,25.95520020,75,2203,2153,2150,3,53,97.59418974,99.86065954,98.71441690,0.00000000,2.77777778,0.00000000,21.95177890,20.71946818,1505.15555556
mitdb,210,210,,clean_after_5min,360,8,39.06250000,2880,29.66308594,75,2203,2156,2153,3,50,97.73036768,99.86085343,98.78412480,0.00000000,2.77777778,0.00000000,11.30095289,26.48656129,1505.15555556
mitdb,210,210,,clean_after_5min,360,9,19.53125000,3240,33.37097168,75,2203,2158,2155,3,48,97.82115297,99.86098239,98.83054345,0.00000000,2.77777778,0.00000000,5.63853323,32.52553969,1505.15555556
mitdb,210,210,,clean_after_5min,360,10,9.76562500,3600,37.07885742,75,2203,2157,2154,3,49,97.77576033,99.86091794,98.80733945,0.00000000,2.77777778,0.00000000,2.81841385,38.54876728,1505.15555556
mitdb,210,210,,clean_after_5min,360,11,4.88281250,3960,40.78674316,75,2203,2156,2153,3,50,97.73036768,99.86085343,98.78412480,0.00000000,2.77777778,0.00000000,1.40751238,44.57981808,1505.15555556
mitdb,210,210,,clean_after_5min,100,6,156.25000000,600,6.17980957,150,2203,2182,2180,2,23,98.95596913,99.90834097,99.42987457,53.88888889,65.00000000,0.00000000,36.10089978,16.40480104,1505.15555556
mitdb,210,210,,clean_after_5min,100,7,78.12500000,700,7.20977783,150,2203,2187,2185,2,18,99.18293236,99.90855053,99.54441913,58.33333333,65.00000000,0.00000000,21.94899121,20.72687028,1505.15555556
mitdb,210,210,,clean_after_5min,100,8,39.06250000,800,8.23974609,150,2203,2186,2184,2,19,99.13753972,99.90850869,99.52153110,58.88888889,65.55555556,0.00000000,11.30528019,26.48953496,1505.15555556
mitdb,210,210,,clean_after_5min,100,9,19.53125000,900,9.26971436,150,2203,2186,2184,2,19,99.13753972,99.90850869,99.52153110,58.61111111,65.55555556,0.00000000,5.63044207,32.54431168,1505.15555556
mitdb,210,210,,clean_after_5min,100,10,9.76562500,1000,10.29968262,150,2203,2186,2184,2,19,99.13753972,99.90850869,99.52153110,58.88888889,65.55555556,0.00000000,2.82262512,38.54209754,1505.15555556
mitdb,210,210,,clean_after_5min,100,11,4.88281250,1100,11.32965088,150,2203,2186,2184,2,19,99.13753972,99.90850869,99.52153110,58.88888889,65.55555556,0.00000000,1.41015846,44.56980326,1505.15555556
mitdb,210,210,,clean_after_5min,125,6,156.25000000,750,7.72476196,150,2203,2180,2177,3,26,98.81979119,99.86238532,99.33835273,2.11111111,5.33333333,0.00000000,36.09084578,16.40701901,1505.15555556
mitdb,210,210,,clean_after_5min,125,7,78.12500000,875,9.01222229,150,2203,2182,2180,2,23,98.95596913,99.90834097,99.42987457,2.11111111,5.22222222,0.00000000,21.95324200,20.72498691,1505.15555556
mitdb,210,210,,clean_after_5min,125,8,39.06250000,1000,10.29968262,150,2203,2181,2179,2,24,98.91057649,99.90829895,99.40693431,2.11111111,5.22222222,0.00000000,11.30315920,26.49096332,1505.15555556
mitdb,210,210,,clean_after_5min,125,9,19.53125000,1125,11.58714294,150,2203,2181,2179,2,24,98.91057649,99.90829895,99.40693431,2.11111111,5.11111111,0.00000000,5.63616007,32.53529383,1505.15555556
mitdb,210,210,,clean_after_5min,125,10,9.76562500,1250,12.87460327,150,2203,2181,2179,2,24,98.91057649,99.90829895,99.40693431,2.11111111,5.22222222,0.00000000,2.82257524,38.54204966,1505.15555556
mitdb,210,210,,clean_after_5min,125,11,4.88281250,1375,14.16206360,150,2203,2180,2178,2,25,98.86518384,99.90825688,99.38398357,2.11111111,5.11111111,0.00000000,1.40918333,44.57561026,1505.15555556
mitdb,210,210,,clean_after_5min,180,6,156.25000000,1080,11.12365723,150,2203,2165,2162,3,41,98.13890150,99.86143187,98.99267399,2.77777778,2.77777778,0.00000000,36.10495963,16.40186171,1505.15555556
mitdb,210,210,,clean_after_5min,180,7,78.12500000,1260,12.97760010,150,2203,2170,2167,3,36,98.36586473,99.86175115,99.10816373,2.77777778,2.77777778,0.00000000,21.94337530,20.72713036,1505.15555556
mitdb,210,210,,clean_after_5min,180,8,39.06250000,1440,14.83154297,150,2203,2168,2165,3,38,98.27507944,99.86162362,99.06199954,2.77777778,2.77777778,0.00000000,11.30564645,26.48729098,1505.15555556
mitdb,210,210,,clean_after_5min,180,9,19.53125000,1620,16.68548584,150,2203,2167,2164,3,39,98.22968679,99.86155976,99.03890160,2.77777778,2.77777778,0.00000000,5.63612562,32.53358570,1505.15555556
mitdb,210,210,,clean_after_5min,180,10,9.76562500,1800,18.53942871,150,2203,2168,2165,3,38,98.27507944,99.86162362,99.06199954,2.77777778,2.77777778,0.00000000,2.81459495,38.56488089,1505.15555556
mitdb,210,210,,clean_after_5min,180,11,4.88281250,1980,20.39337158,150,2203,2168,2165,3,38,98.27507944,99.86162362,99.06199954,2.77777778,2.77777778,0.00000000,1.41009852,44.56820987,1505.15555556
mitdb,210,210,,clean_after_5min,250,6,156.25000000,1500,15.44952393,150,2203,2155,2152,3,51,97.68497503,99.86078886,98.76089950,1.11111111,2.88888889,0.00000000,36.10119121,16.40342829,1505.15555556
mitdb,210,210,,clean_after_5min,250,7,78.12500000,1750,18.02444458,150,2203,2156,2153,3,50,97.73036768,99.86085343,98.78412480,1.00000000,2.77777778,0.00000000,21.94371598,20.72765546,1505.15555556
mitdb,210,210,,clean_after_5min,250,8,39.06250000,2000,20.59936523,150,2203,2159,2156,3,47,97.86654562,99.86104678,98.85373682,1.00000000,2.77777778,0.00000000,11.30100166,26.49152016,1505.15555556
mitdb,210,210,,clean_after_5min,250,9,19.53125000,2250,23.17428589,150,2203,2156,2153,3,50,97.73036768,99.86085343,98.78412480,1.00000000,2.77777778,0.00000000,5.63568800,32.53492009,1505.15555556
mitdb,210,210,,clean_after_5min,250,10,9.76562500,2500,25.74920654,150,2203,2160,2157,3,46,97.91193827,99.86111111,98.87691955,1.00000000,2.77777778,0.00000000,2.82138298,38.54461809,1505.15555556
mitdb,210,210,,clean_after_5min,250,11,4.88281250,2750,28.32412720,150,2203,2159,2156,3,47,97.86654562,99.86104678,98.85373682,1.00000000,2.77777778,0.00000000,1.41069575,44.56519179,1505.15555556
mitdb,210,210,,clean_after_5min,360,6,156.25000000,2160,22.24731445,150,2203,2150,2147,3,56,97.45801180,99.86046512,98.64461291,0.00000000,2.77777778,0.00000000,36.09766155,16.39928120,1505.15555556
mitdb,210,210,,clean_after_5min,360,7,78.12500000,2520,25.95520020,150,2203,2153,2150,3,53,97.59418974,99.86065954,98.71441690,0.00000000,2.77777778,0.00000000,21.95177890,20.71946818,1505.15555556
mitdb,210,210,,clean_after_5min,360,8,39.06250000,2880,29.66308594,150,2203,2156,2153,3,50,97.73036768,99.86085343,98.78412480,0.00000000,2.77777778,0.00000000,11.30095289,26.48656129,1505.15555556
mitdb,210,210,,clean_after_5min,360,9,19.53125000,3240,33.37097168,150,2203,2158,2155,3,48,97.82115297,99.86098239,98.83054345,0.00000000,2.77777778,0.00000000,5.63853323,32.52553969,1505.15555556
mitdb,210,210,,clean_after_5min,360,10,9.76562500,3600,37.07885742,150,2203,2157,2154,3,49,97.77576033,99.86091794,98.80733945,0.00000000,2.77777778,0.00000000,2.81841385,38.54876728,1505.15555556
mitdb,210,210,,clean_after_5min,360,11,4.88281250,3960,40.78674316,150,2203,2156,2153,3,50,97.73036768,99.86085343,98.78412480,0.00000000,2.77777778,0.00000000,1.40751238,44.57981808,1505.15555556
mitdb,212,212,,clean_after_5min,100,6,156.25000000,600,6.17980957,75,2283,2284,2283,1,0,100.00000000,99.95621716,99.97810379,60.55555556,68.33333333,0.00000000,45.16942628,16.22143346,1505.15555556
mitdb,212,212,,clean_after_5min,100,7,78.12500000,700,7.20977783,75,2283,2284,2283,1,0,100.00000000,99.95621716,99.97810379,62.22222222,68.88888889,0.00000000,22.67799785,22.20623075,1505.15555556
mitdb,212,212,,clean_after_5min,100,8,39.06250000,800,8.23974609,75,2283,2284,2283,1,0,100.00000000,99.95621716,99.97810379,62.22222222,68.33333333,0.00000000,11.26435897,28.28419530,1505.15555556
mitdb,212,212,,clean_after_5min,100,9,19.53125000,900,9.26971436,75,2283,2284,2283,1,0,100.00000000,99.95621716,99.97810379,62.77777778,68.88888889,0.00000000,5.63521731,34.30011158,1505.15555556
mitdb,212,212,,clean_after_5min,100,10,9.76562500,1000,10.29968262,75,2283,2284,2283,1,0,100.00000000,99.95621716,99.97810379,62.77777778,68.88888889,0.00000000,2.81999683,40.31335255,1505.15555556
mitdb,212,212,,clean_after_5min,100,11,4.88281250,1100,11.32965088,75,2283,2284,2283,1,0,100.00000000,99.95621716,99.97810379,62.77777778,68.88888889,0.00000000,1.41024376,46.33244119,1505.15555556
mitdb,212,212,,clean_after_5min,125,6,156.25000000,750,7.72476196,75,2283,2283,2283,0,0,100.00000000,100.00000000,100.00000000,1.88888889,5.00000000,0.00000000,45.16486191,16.22295650,1505.15555556
mitdb,212,212,,clean_after_5min,125,7,78.12500000,875,9.01222229,75,2283,2283,2283,0,0,100.00000000,100.00000000,100.00000000,1.88888889,5.11111111,0.00000000,22.68468748,22.20431423,1505.15555556
mitdb,212,212,,clean_after_5min,125,8,39.06250000,1000,10.29968262,75,2283,2283,2283,0,0,100.00000000,100.00000000,100.00000000,1.88888889,5.11111111,0.00000000,11.28138980,28.27171813,1505.15555556
mitdb,212,212,,clean_after_5min,125,9,19.53125000,1125,11.58714294,75,2283,2283,2283,0,0,100.00000000,100.00000000,100.00000000,1.88888889,5.11111111,0.00000000,5.63395582,34.30270149,1505.15555556
mitdb,212,212,,clean_after_5min,125,10,9.76562500,1250,12.87460327,75,2283,2283,2283,0,0,100.00000000,100.00000000,100.00000000,1.88888889,5.11111111,0.00000000,2.81352573,40.33395241,1505.15555556
mitdb,212,212,,clean_after_5min,125,11,4.88281250,1375,14.16206360,75,2283,2283,2283,0,0,100.00000000,100.00000000,100.00000000,1.88888889,5.11111111,0.00000000,1.41300002,46.31612687,1505.15555556
mitdb,212,212,,clean_after_5min,180,6,156.25000000,1080,11.12365723,75,2283,2283,2283,0,0,100.00000000,100.00000000,100.00000000,2.77777778,2.77777778,0.00000000,45.17294794,16.21975418,1505.15555556
mitdb,212,212,,clean_after_5min,180,7,78.12500000,1260,12.97760010,75,2283,2283,2283,0,0,100.00000000,100.00000000,100.00000000,2.77777778,2.77777778,0.00000000,22.68140697,22.20392302,1505.15555556
mitdb,212,212,,clean_after_5min,180,8,39.06250000,1440,14.83154297,75,2283,2283,2283,0,0,100.00000000,100.00000000,100.00000000,2.77777778,2.77777778,0.00000000,11.27917194,28.27177851,1505.15555556
mitdb,212,212,,clean_after_5min,180,9,19.53125000,1620,16.68548584,75,2283,2283,2283,0,0,100.00000000,100.00000000,100.00000000,2.77777778,2.77777778,0.00000000,5.63361939,34.30157279,1505.15555556
mitdb,212,212,,clean_after_5min,180,10,9.76562500,1800,18.53942871,75,2283,2283,2283,0,0,100.00000000,100.00000000,100.00000000,2.77777778,2.77777778,0.00000000,2.81907058,40.31520386,1505.15555556
mitdb,212,212,,clean_after_5min,180,11,4.88281250,1980,20.39337158,75,2283,2283,2283,0,0,100.00000000,100.00000000,100.00000000,2.77777778,2.77777778,0.00000000,1.40932001,46.33713048,1505.15555556
mitdb,212,212,,clean_after_5min,250,6,156.25000000,1500,15.44952393,75,2283,2283,2283,0,0,100.00000000,100.00000000,100.00000000,1.00000000,2.66666667,0.00000000,45.18182764,16.21880723,1505.15555556
mitdb,212,212,,clean_after_5min,250,7,78.12500000,1750,18.02444458,75,2283,2283,2283,0,0,100.00000000,100.00000000,100.00000000,1.00000000,2.76666667,0.00000000,22.67211929,22.20824076,1505.15555556
mitdb,212,212,,clean_after_5min,250,8,39.06250000,2000,20.59936523,75,2283,2283,2283,0,0,100.00000000,100.00000000,100.00000000,1.00000000,2.66666667,0.00000000,11.27924652,28.27248135,1505.15555556
mitdb,212,212,,clean_after_5min,250,9,19.53125000,2250,23.17428589,75,2283,2283,2283,0,0,100.00000000,100.00000000,100.00000000,1.00000000,2.66666667,0.00000000,5.63735089,34.29658177,1505.15555556
mitdb,212,212,,clean_after_5min,250,10,9.76562500,2500,25.74920654,75,2283,2283,2283,0,0,100.00000000,100.00000000,100.00000000,1.00000000,2.66666667,0.00000000,2.81817917,40.31871110,1505.15555556
mitdb,212,212,,clean_after_5min,250,11,4.88281250,2750,28.32412720,75,2283,2283,2283,0,0,100.00000000,100.00000000,100.00000000,1.00000000,2.66666667,0.00000000,1.41089944,46.32816189,1505.15555556
mitdb,212,212,,clean_after_5min,360,6,156.25000000,2160,22.24731445,75,2283,2283,2283,0,0,100.00000000,100.00000000,100.00000000,0.00000000,2.77777778,0.00000000,45.17417046,16.21454850,1505.15555556
mitdb,212,212,,clean_after_5min,360,7,78.12500000,2520,25.95520020,75,2283,2283,2283,0,0,100.00000000,100.00000000,100.00000000,0.00000000,2.77777778,0.00000000,22.67223467,22.20246566,1505.15555556
mitdb,212,212,,clean_after_5min,360,8,39.06250000,2880,29.66308594,75,2283,2283,2283,0,0,100.00000000,100.00000000,100.00000000,0.00000000,0.00000000,0.00000000,11.27675069,28.26867264,1505.15555556
mitdb,212,212,,clean_after_5min,360,9,19.53125000,3240,33.37097168,75,2283,2283,2283,0,0,100.00000000,100.00000000,100.00000000,0.00000000,0.00000000,0.00000000,5.63873799,34.28871392,1505.15555556
mitdb,212,212,,clean_after_5min,360,10,9.76562500,3600,37.07885742,75,2283,2283,2283,0,0,100.00000000,100.00000000,100.00000000,0.00000000,0.00000000,0.00000000,2.81927761,40.30959537,1505.15555556
mitdb,212,212,,clean_after_5min,360,11,4.88281250,3960,40.78674316,75,2283,2283,2283,0,0,100.00000000,100.00000000,100.00000000,0.00000000,0.00000000,0.00000000,1.41003450,46.32775742,1505.15555556
mitdb,212,212,,clean_after_5min,100,6,156.25000000,600,6.17980957,150,2283,2284,2283,1,0,100.00000000,99.95621716,99.97810379,60.55555556,68.33333333,0.00000000,45.16942628,16.22143346,1505.15555556
mitdb,212,212,,clean_after_5min,100,7,78.12500000,700,7.20977783,150,2283,2284,2283,1,0,100.00000000,99.95621716,99.97810379,62.22222222,68.88888889,0.00000000,22.67799785,22.20623075,1505.15555556
mitdb,212,212,,clean_after_5min,100,8,39.06250000,800,8.23974609,150,2283,2284,2283,1,0,100.00000000,99.95621716,99.97810379,62.22222222,68.33333333,0.00000000,11.26435897,28.28419530,1505.15555556
mitdb,212,212,,clean_after_5min,100,9,19.53125000,900,9.26971436,150,2283,2284,2283,1,0,100.00000000,99.95621716,99.97810379,62.77777778,68.88888889,0.00000000,5.63521731,34.30011158,1505.15555556
mitdb,212,212,,clean_after_5min,100,10,9.76562500,1000,10.29968262,150,2283,2284,2283,1,0,100.00000000,99.95621716,99.97810379,62.77777778,68.88888889,0.00000000,2.81999683,40.31335255,1505.15555556
mitdb,212,212,,clean_after_5min,100,11,4.88281250,1100,11.32965088,150,2283,2284,2283,1,0,100.00000000,99.95621716,99.97810379,62.77777778,68.88888889,0.00000000,1.41024376,46.33244119,1505.15555556
mitdb,212,212,,clean_after_5min,125,6,156.25000000,750,7.72476196,150,2283,2283,2283,0,0,100.00000000,100.00000000,100.00000000,1.88888889,5.00000000,0.00000000,45.16486191,16.22295650,1505.15555556
mitdb,212,212,,clean_after_5min,125,7,78.12500000,875,9.01222229,150,2283,2283,2283,0,0,100.00000000,100.00000000,100.00000000,1.88888889,5.11111111,0.00000000,22.68468748,22.20431423,1505.15555556
mitdb,212,212,,clean_after_5min,125,8,39.06250000,1000,10.29968262,150,2283,2283,2283,0,0,100.00000000,100.00000000,100.00000000,1.88888889,5.11111111,0.00000000,11.28138980,28.27171813,1505.15555556
mitdb,212,212,,clean_after_5min,125,9,19.53125000,1125,11.58714294,150,2283,2283,2283,0,0,100.00000000,100.00000000,100.00000000,1.88888889,5.11111111,0.00000000,5.63395582,34.30270149,1505.15555556
mitdb,212,212,,clean_after_5min,125,10,9.76562500,1250,12.87460327,150,2283,2283,2283,0,0,100.00000000,100.00000000,100.00000000,1.88888889,5.11111111,0.00000000,2.81352573,40.33395241,1505.15555556
mitdb,212,212,,clean_after_5min,125,11,4.88281250,1375,14.16206360,150,2283,2283,2283,0,0,100.00000000,100.00000000,100.00000000,1.88888889,5.11111111,0.00000000,1.41300002,46.31612687,1505.15555556
mitdb,212,212,,clean_after_5min,180,6,156.25000000,1080,11.12365723,150,2283,2283,2283,0,0,100.00000000,100.00000000,100.00000000,2.77777778,2.77777778,0.00000000,45.17294794,16.21975418,1505.15555556
mitdb,212,212,,clean_after_5min,180,7,78.12500000,1260,12.97760010,150,2283,2283,2283,0,0,100.00000000,100.00000000,100.00000000,2.77777778,2.77777778,0.00000000,22.68140697,22.20392302,1505.15555556
mitdb,212,212,,clean_after_5min,180,8,39.06250000,1440,14.83154297,150,2283,2283,2283,0,0,100.00000000,100.00000000,100.00000000,2.77777778,2.77777778,0.00000000,11.27917194,28.27177851,1505.15555556
mitdb,212,212,,clean_after_5min,180,9,19.53125000,1620,16.68548584,150,2283,2283,2283,0,0,100.00000000,100.00000000,100.00000000,2.77777778,2.77777778,0.00000000,5.63361939,34.30157279,1505.15555556
mitdb,212,212,,clean_after_5min,180,10,9.76562500,1800,18.53942871,150,2283,2283,2283,0,0,100.00000000,100.00000000,100.00000000,2.77777778,2.77777778,0.00000000,2.81907058,40.31520386,1505.15555556
mitdb,212,212,,clean_after_5min,180,11,4.88281250,1980,20.39337158,150,2283,2283,2283,0,0,100.00000000,100.00000000,100.00000000,2.77777778,2.77777778,0.00000000,1.40932001,46.33713048,1505.15555556
mitdb,212,212,,clean_after_5min,250,6,156.25000000,1500,15.44952393,150,2283,2283,2283,0,0,100.00000000,100.00000000,100.00000000,1.00000000,2.66666667,0.00000000,45.18182764,16.21880723,1505.15555556
mitdb,212,212,,clean_after_5min,250,7,78.12500000,1750,18.02444458,150,2283,2283,2283,0,0,100.00000000,100.00000000,100.00000000,1.00000000,2.76666667,0.00000000,22.67211929,22.20824076,1505.15555556
mitdb,212,212,,clean_after_5min,250,8,39.06250000,2000,20.59936523,150,2283,2283,2283,0,0,100.00000000,100.00000000,100.00000000,1.00000000,2.66666667,0.00000000,11.27924652,28.27248135,1505.15555556
mitdb,212,212,,clean_after_5min,250,9,19.53125000,2250,23.17428589,150,2283,2283,2283,0,0,100.00000000,100.00000000,100.00000000,1.00000000,2.66666667,0.00000000,5.63735089,34.29658177,1505.15555556
mitdb,212,212,,clean_after_5min,250,10,9.76562500,2500,25.74920654,150,2283,2283,2283,0,0,100.00000000,100.00000000,100.00000000,1.00000000,2.66666667,0.00000000,2.81817917,40.31871110,1505.15555556
mitdb,212,212,,clean_after_5min,250,11,4.88281250,2750,28.32412720,150,2283,2283,2283,0,0,100.00000000,100.00000000,100.00000000,1.00000000,2.66666667,0.00000000,1.41089944,46.32816189,1505.15555556
mitdb,212,212,,clean_after_5min,360,6,156.25000000,2160,22.24731445,150,2283,2283,2283,0,0,100.00000000,100.00000000,100.00000000,0.00000000,2.77777778,0.00000000,45.17417046,16.21454850,1505.15555556
mitdb,212,212,,clean_after_5min,360,7,78.12500000,2520,25.95520020,150,2283,2283,2283,0,0,100.00000000,100.00000000,100.00000000,0.00000000,2.77777778,0.00000000,22.67223467,22.20246566,1505.15555556
mitdb,212,212,,clean_after_5min,360,8,39.06250000,2880,29.66308594,150,2283,2283,2283,0,0,100.00000000,100.00000000,100.00000000,0.00000000,0.00000000,0.00000000,11.27675069,28.26867264,1505.15555556
mitdb,212,212,,clean_after_5min,360,9,19.53125000,3240,33.37097168,150,2283,2283,2283,0,0,100.00000000,100.00000000,100.00000000,0.00000000,0.00000000,0.00000000,5.63873799,34.28871392,1505.15555556
mitdb,212,212,,clean_after_5min,360,10,9.76562500,3600,37.07885742,150,2283,2283,2283,0,0,100.00000000,100.00000000,100.00000000,0.00000000,0.00000000,0.00000000,2.81927761,40.30959537,1505.15555556
mitdb,212,212,,clean_after_5min,360,11,4.88281250,3960,40.78674316,150,2283,2283,2283,0,0,100.00000000,100.00000000,100.00000000,0.00000000,0.00000000,0.00000000,1.41003450,46.32775742,1505.15555556
mitdb,213,213,,clean_after_5min,100,6,156.25000000,600,6.17980957,75,2699,2694,2598,96,101,96.25787329,96.43652561,96.34711663,59.44444444,66.11111111,0.00000000,45.31719455,22.91408864,1505.15555556
mitdb,213,213,,clean_after_5min,100,7,78.12500000,700,7.20977783,75,2699,2694,2598,96,101,96.25787329,96.43652561,96.34711663,59.44444444,66.11111111,0.00000000,22.51761021,28.98890302,1505.15555556
mitdb,213,213,,clean_after_5min,100,8,39.06250000,800,8.23974609,75,2699,2694,2598,96,101,96.25787329,96.43652561,96.34711663,59.44444444,66.11111111,0.00000000,11.28144659,34.99205313,1505.15555556
mitdb,213,213,,clean_after_5min,100,9,19.53125000,900,9.26971436,75,2699,2694,2598,96,101,96.25787329,96.43652561,96.34711663,59.44444444,66.11111111,0.00000000,5.63345362,41.02385451,1505.15555556
mitdb,213,213,,clean_after_5min,100,10,9.76562500,1000,10.29968262,75,2699,2694,2598,96,101,96.25787329,96.43652561,96.34711663,59.44444444,66.11111111,0.00000000,2.81544122,47.04841969,1505.15555556
mitdb,213,213,,clean_after_5min,100,11,4.88281250,1100,11.32965088,75,2699,2694,2598,96,101,96.25787329,96.43652561,96.34711663,59.44444444,66.11111111,0.00000000,1.41018993,53.05379680,1505.15555556
mitdb,213,213,,clean_after_5min,125,6,156.25000000,750,7.72476196,75,2699,2697,2628,69,71,97.36939607,97.44160178,97.40548554,2.22222222,48.18333333,0.00000000,45.25442698,22.92574839,1505.15555556
mitdb,213,213,,clean_after_5min,125,7,78.12500000,875,9.01222229,75,2699,2697,2627,70,72,97.33234531,97.40452354,97.36842105,2.22222222,47.71111111,0.00000000,22.52427707,28.98595257,1505.15555556
mitdb,213,213,,clean_after_5min,125,8,39.06250000,1000,10.29968262,75,2699,2697,2628,69,71,97.36939607,97.44160178,97.40548554,2.22222222,47.85000000,0.00000000,11.27405632,34.99736579,1505.15555556
mitdb,213,213,,clean_after_5min,125,9,19.53125000,1125,11.58714294,75,2699,2697,2628,69,71,97.36939607,97.44160178,97.40548554,2.22222222,48.03333333,0.00000000,5.63743316,41.01734167,1505.15555556
mitdb,213,213,,clean_after_5min,125,10,9.76562500,1250,12.87460327,75,2699,2697,2628,69,71,97.36939607,97.44160178,97.40548554,2.22222222,47.88888889,0.00000000,2.81654268,47.04464307,1505.15555556
mitdb,213,213,,clean_after_5min,125,11,4.88281250,1375,14.16206360,75,2699,2697,2628,69,71,97.36939607,97.44160178,97.40548554,2.22222222,47.88888889,0.00000000,1.41159914,53.04474210,1505.15555556
mitdb,213,213,,clean_after_5min,180,6,156.25000000,1080,11.12365723,75,2699,2698,2653,45,46,98.29566506,98.33209785,98.31387808,2.77777778,5.55555556,0.00000000,45.30250273,22.91427848,1505.15555556
mitdb,213,213,,clean_after_5min,180,7,78.12500000,1260,12.97760010,75,2699,2698,2652,46,47,98.25861430,98.29503336,98.27682046,2.77777778,5.55555556,0.00000000,22.50583599,28.99081939,1505.15555556
mitdb,213,213,,clean_after_5min,180,8,39.06250000,1440,14.83154297,75,2699,2697,2651,46,48,98.22156354,98.29440119,98.25796887,2.77777778,5.55555556,0.00000000,11.29282012,34.98067418,1505.15555556
mitdb,213,213,,clean_after_5min,180,9,19.53125000,1620,16.68548584,75,2699,2698,2653,45,46,98.29566506,98.33209785,98.31387808,2.77777778,5.55555556,0.00000000,5.63359312,41.02101283,1505.15555556
mitdb,213,213,,clean_after_5min,180,10,9.76562500,1800,18.53942871,75,2699,2698,2653,45,46,98.29566506,98.33209785,98.31387808,2.77777778,5.55555556,0.00000000,2.81943782,47.03347198,1505.15555556
mitdb,213,213,,clean_after_5min,180,11,4.88281250,1980,20.39337158,75,2699,2698,2652,46,47,98.25861430,98.29503336,98.27682046,2.77777778,5.55555556,0.00000000,1.40981180,53.05349953,1505.15555556
mitdb,213,213,,clean_after_5min,250,6,156.25000000,1500,15.44952393,75,2699,2696,2687,9,12,99.55539089,99.66617211,99.61075070,1.11111111,36.30000000,0.00000000,45.28314170,22.91871085,1505.15555556
mitdb,213,213,,clean_after_5min,250,7,78.12500000,1750,18.02444458,75,2699,2696,2685,11,14,99.48128937,99.59198813,99.53660797,1.11111111,36.77777778,0.00000000,22.52157456,28.98546685,1505.15555556
mitdb,213,213,,clean_after_5min,250,8,39.06250000,2000,20.59936523,75,2699,2697,2685,12,14,99.48128937,99.55506118,99.51816160,1.11111111,36.86666667,0.00000000,11.28761904,34.98539499,1505.15555556
mitdb,213,213,,clean_after_5min,250,9,19.53125000,2250,23.17428589,75,2699,2696,2684,12,15,99.44423861,99.55489614,99.49953661,1.11111111,36.87222222,0.00000000,5.63923089,41.01304433,1505.15555556
mitdb,213,213,,clean_after_5min,250,10,9.76562500,2500,25.74920654,75,2699,2696,2684,12,15,99.44423861,99.55489614,99.49953661,1.11111111,36.98333333,0.00000000,2.81802697,47.03853895,1505.15555556
mitdb,213,213,,clean_after_5min,250,11,4.88281250,2750,28.32412720,75,2699,2696,2684,12,15,99.44423861,99.55489614,99.49953661,1.11111111,36.98333333,0.00000000,1.40954571,53.05585860,1505.15555556
mitdb,213,213,,clean_after_5min,360,6,156.25000000,2160,22.24731445,75,2699,2691,2682,9,17,99.37013709,99.66555184,99.51762523,0.00000000,36.11111111,0.00000000,45.30185385,22.91013119,1505.15555556
mitdb,213,213,,clean_after_5min,360,7,78.12500000,2520,25.95520020,75,2699,2692,2683,9,16,99.40718785,99.66567608,99.53626414,0.00000000,36.11111111,0.00000000,22.51231969,28.98404574,1505.15555556
mitdb,213,213,,clean_after_5min,360,8,39.06250000,2880,29.66308594,75,2699,2692,2683,9,16,99.40718785,99.66567608,99.53626414,0.00000000,36.11111111,0.00000000,11.28624405,34.98146194,1505.15555556
mitdb,213,213,,clean_after_5min,360,9,19.53125000,3240,33.37097168,75,2699,2692,2682,10,17,99.37013709,99.62852897,99.49916528,0.00000000,36.11111111,0.00000000,5.63627119,41.01261307,1505.15555556
mitdb,213,213,,clean_after_5min,360,10,9.76562500,3600,37.07885742,75,2699,2692,2683,9,16,99.40718785,99.66567608,99.53626414,0.00000000,36.11111111,0.00000000,2.81990716,47.02775448,1505.15555556
mitdb,213,213,,clean_after_5min,360,11,4.88281250,3960,40.78674316,75,2699,2692,2683,9,16,99.40718785,99.66567608,99.53626414,0.00000000,36.11111111,0.00000000,1.40893802,53.05461288,1505.15555556
mitdb,213,213,,clean_after_5min,100,6,156.25000000,600,6.17980957,150,2699,2694,2694,0,5,99.81474620,100.00000000,99.90728722,59.44444444,69.44444444,0.00000000,45.31719455,22.91408864,1505.15555556
mitdb,213,213,,clean_after_5min,100,7,78.12500000,700,7.20977783,150,2699,2694,2694,0,5,99.81474620,100.00000000,99.90728722,59.44444444,69.44444444,0.00000000,22.51761021,28.98890302,1505.15555556
mitdb,213,213,,clean_after_5min,100,8,39.06250000,800,8.23974609,150,2699,2694,2694,0,5,99.81474620,100.00000000,99.90728722,59.44444444,69.44444444,0.00000000,11.28144659,34.99205313,1505.15555556
mitdb,213,213,,clean_after_5min,100,9,19.53125000,900,9.26971436,150,2699,2694,2694,0,5,99.81474620,100.00000000,99.90728722,59.44444444,69.63888889,0.00000000,5.63345362,41.02385451,1505.15555556
mitdb,213,213,,clean_after_5min,100,10,9.76562500,1000,10.29968262,150,2699,2694,2694,0,5,99.81474620,100.00000000,99.90728722,59.44444444,69.63888889,0.00000000,2.81544122,47.04841969,1505.15555556
mitdb,213,213,,clean_after_5min,100,11,4.88281250,1100,11.32965088,150,2699,2694,2694,0,5,99.81474620,100.00000000,99.90728722,59.44444444,69.44444444,0.00000000,1.41018993,53.05379680,1505.15555556
mitdb,213,213,,clean_after_5min,125,6,156.25000000,750,7.72476196,150,2699,2697,2697,0,2,99.92589848,100.00000000,99.96293551,2.22222222,64.57777778,0.00000000,45.25442698,22.92574839,1505.15555556
mitdb,213,213,,clean_after_5min,125,7,78.12500000,875,9.01222229,150,2699,2697,2697,0,2,99.92589848,100.00000000,99.96293551,2.22222222,64.66666667,0.00000000,22.52427707,28.98595257,1505.15555556
mitdb,213,213,,clean_after_5min,125,8,39.06250000,1000,10.29968262,150,2699,2697,2697,0,2,99.92589848,100.00000000,99.96293551,2.22222222,64.66666667,0.00000000,11.27405632,34.99736579,1505.15555556
mitdb,213,213,,clean_after_5min,125,9,19.53125000,1125,11.58714294,150,2699,2697,2697,0,2,99.92589848,100.00000000,99.96293551,2.22222222,64.66666667,0.00000000,5.63743316,41.01734167,1505.15555556
mitdb,213,213,,clean_after_5min,125,10,9.76562500,1250,12.87460327,150,2699,2697,2697,0,2,99.92589848,100.00000000,99.96293551,2.22222222,64.66666667,0.00000000,2.81654268,47.04464307,1505.15555556
mitdb,213,213,,clean_after_5min,125,11,4.88281250,1375,14.16206360,150,2699,2697,2697,0,2,99.92589848,100.00000000,99.96293551,2.22222222,64.66666667,0.00000000,1.41159914,53.04474210,1505.15555556
mitdb,213,213,,clean_after_5min,180,6,156.25000000,1080,11.12365723,150,2699,2698,2698,0,1,99.96294924,100.00000000,99.98147119,2.77777778,8.33333333,0.00000000,45.30250273,22.91427848,1505.15555556
mitdb,213,213,,clean_after_5min,180,7,78.12500000,1260,12.97760010,150,2699,2698,2698,0,1,99.96294924,100.00000000,99.98147119,2.77777778,8.33333333,0.00000000,22.50583599,28.99081939,1505.15555556
mitdb,213,213,,clean_after_5min,180,8,39.06250000,1440,14.83154297,150,2699,2697,2697,0,2,99.92589848,100.00000000,99.96293551,2.77777778,8.33333333,0.00000000,11.29282012,34.98067418,1505.15555556
mitdb,213,213,,clean_after_5min,180,9,19.53125000,1620,16.68548584,150,2699,2698,2698,0,1,99.96294924,100.00000000,99.98147119,2.77777778,8.33333333,0.00000000,5.63359312,41.02101283,1505.15555556
mitdb,213,213,,clean_after_5min,180,10,9.76562500,1800,18.53942871,150,2699,2698,2698,0,1,99.96294924,100.00000000,99.98147119,2.77777778,8.33333333,0.00000000,2.81943782,47.03347198,1505.15555556
mitdb,213,213,,clean_after_5min,180,11,4.88281250,1980,20.39337158,150,2699,2698,2698,0,1,99.96294924,100.00000000,99.98147119,2.77777778,8.33333333,0.00000000,1.40981180,53.05349953,1505.15555556
mitdb,213,213,,clean_after_5min,250,6,156.25000000,1500,15.44952393,150,2699,2696,2696,0,3,99.88884772,100.00000000,99.94439296,1.11111111,37.58333333,0.00000000,45.28314170,22.91871085,1505.15555556
mitdb,213,213,,clean_after_5min,250,7,78.12500000,1750,18.02444458,150,2699,2696,2696,0,3,99.88884772,100.00000000,99.94439296,1.11111111,37.77777778,0.00000000,22.52157456,28.98546685,1505.15555556
mitdb,213,213,,clean_after_5min,250,8,39.06250000,2000,20.59936523,150,2699,2697,2697,0,2,99.92589848,100.00000000,99.96293551,1.11111111,37.77777778,0.00000000,11.28761904,34.98539499,1505.15555556
mitdb,213,213,,clean_after_5min,250,9,19.53125000,2250,23.17428589,150,2699,2696,2696,0,3,99.88884772,100.00000000,99.94439296,1.11111111,37.77777778,0.00000000,5.63923089,41.01304433,1505.15555556
mitdb,213,213,,clean_after_5min,250,10,9.76562500,2500,25.74920654,150,2699,2696,2696,0,3,99.88884772,100.00000000,99.94439296,1.11111111,37.77777778,0.00000000,2.81802697,47.03853895,1505.15555556
mitdb,213,213,,clean_after_5min,250,11,4.88281250,2750,28.32412720,150,2699,2696,2696,0,3,99.88884772,100.00000000,99.94439296,1.11111111,37.77777778,0.00000000,1.40954571,53.05585860,1505.15555556
mitdb,213,213,,clean_after_5min,360,6,156.25000000,2160,22.24731445,150,2699,2691,2691,0,8,99.70359392,100.00000000,99.85157699,0.00000000,36.11111111,0.00000000,45.30185385,22.91013119,1505.15555556
mitdb,213,213,,clean_after_5min,360,7,78.12500000,2520,25.95520020,150,2699,2692,2692,0,7,99.74064468,100.00000000,99.87015396,0.00000000,36.11111111,0.00000000,22.51231969,28.98404574,1505.15555556
mitdb,213,213,,clean_after_5min,360,8,39.06250000,2880,29.66308594,150,2699,2692,2692,0,7,99.74064468,100.00000000,99.87015396,0.00000000,36.11111111,0.00000000,11.28624405,34.98146194,1505.15555556
mitdb,213,213,,clean_after_5min,360,9,19.53125000,3240,33.37097168,150,2699,2692,2692,0,7,99.74064468,100.00000000,99.87015396,0.00000000,36.11111111,0.00000000,5.63627119,41.01261307,1505.15555556
mitdb,213,213,,clean_after_5min,360,10,9.76562500,3600,37.07885742,150,2699,2692,2692,0,7,99.74064468,100.00000000,99.87015396,0.00000000,36.11111111,0.00000000,2.81990716,47.02775448,1505.15555556
mitdb,213,213,,clean_after_5min,360,11,4.88281250,3960,40.78674316,150,2699,2692,2692,0,7,99.74064468,100.00000000,99.87015396,0.00000000,36.11111111,0.00000000,1.40893802,53.05461288,1505.15555556
mitdb,214,214,,clean_after_5min,100,6,156.25000000,600,6.17980957,75,1879,1882,1864,18,15,99.20170303,99.04357067,99.12257378,60.55555556,66.66666667,0.00000000,46.03688803,20.07360331,1505.15555556
mitdb,214,214,,clean_after_5min,100,7,78.12500000,700,7.20977783,75,1879,1884,1861,23,18,99.04204364,98.77919321,98.91044379,61.11111111,66.66666667,0.00000000,23.22641768,26.01607785,1505.15555556
mitdb,214,214,,clean_after_5min,100,8,39.06250000,800,8.23974609,75,1879,1884,1864,20,15,99.20170303,98.93842887,99.06989104,61.11111111,66.66666667,0.00000000,11.24123294,32.31944354,1505.15555556
mitdb,214,214,,clean_after_5min,100,9,19.53125000,900,9.26971436,75,1879,1884,1862,22,17,99.09526344,98.83227176,98.96359288,61.11111111,66.66666667,0.00000000,5.63454220,38.31854976,1505.15555556
mitdb,214,214,,clean_after_5min,100,10,9.76562500,1000,10.29968262,75,1879,1884,1862,22,17,99.09526344,98.83227176,98.96359288,61.11111111,66.66666667,0.00000000,2.81883199,44.33433865,1505.15555556
mitdb,214,214,,clean_after_5min,100,11,4.88281250,1100,11.32965088,75,1879,1882,1863,19,16,99.14848324,98.99043571,99.06939644,61.11111111,66.66666667,0.00000000,1.41019177,50.35015894,1505.15555556
mitdb,214,214,,clean_after_5min,125,6,156.25000000,750,7.72476196,75,1879,1879,1879,0,0,100.00000000,100.00000000,100.00000000,2.44444444,56.55555556,0.00000000,46.02014662,20.07630143,1505.15555556
mitdb,214,214,,clean_after_5min,125,7,78.12500000,875,9.01222229,75,1879,1879,1878,1,1,99.94678020,99.94678020,99.94678020,2.44444444,57.22222222,0.00000000,23.22611070,26.01573155,1505.15555556
mitdb,214,214,,clean_after_5min,125,8,39.06250000,1000,10.29968262,75,1879,1879,1879,0,0,100.00000000,100.00000000,100.00000000,2.44444444,56.88888889,0.00000000,11.25724673,32.30661769,1505.15555556
mitdb,214,214,,clean_after_5min,125,9,19.53125000,1125,11.58714294,75,1879,1879,1878,1,1,99.94678020,99.94678020,99.94678020,2.55555556,56.90555556,0.00000000,5.64359558,38.30414369,1505.15555556
mitdb,214,214,,clean_after_5min,125,10,9.76562500,1250,12.87460327,75,1879,1879,1879,0,0,100.00000000,100.00000000,100.00000000,2.55555556,57.00000000,0.00000000,2.81643772,44.34125833,1505.15555556
mitdb,214,214,,clean_after_5min,125,11,4.88281250,1375,14.16206360,75,1879,1879,1879,0,0,100.00000000,100.00000000,100.00000000,2.55555556,57.00000000,0.00000000,1.40905972,50.35667337,1505.15555556
mitdb,214,214,,clean_after_5min,180,6,156.25000000,1080,11.12365723,75,1879,1879,1878,1,1,99.94678020,99.94678020,99.94678020,0.00000000,2.77777778,0.00000000,45.99943167,20.07813587,1505.15555556
mitdb,214,214,,clean_after_5min,180,7,78.12500000,1260,12.97760010,75,1879,1879,1878,1,1,99.94678020,99.94678020,99.94678020,0.00000000,2.77777778,0.00000000,23.23746150,26.00941152,1505.15555556
mitdb,214,214,,clean_after_5min,180,8,39.06250000,1440,14.83154297,75,1879,1879,1878,1,1,99.94678020,99.94678020,99.94678020,0.00000000,2.77777778,0.00000000,11.26387347,32.29942992,1505.15555556
mitdb,214,214,,clean_after_5min,180,9,19.53125000,1620,16.68548584,75,1879,1879,1878,1,1,99.94678020,99.94678020,99.94678020,0.00000000,2.77777778,0.00000000,5.63167924,38.32042697,1505.15555556
mitdb,214,214,,clean_after_5min,180,10,9.76562500,1800,18.53942871,75,1879,1879,1878,1,1,99.94678020,99.94678020,99.94678020,0.00000000,2.77777778,0.00000000,2.82007979,44.32795727,1505.15555556
mitdb,214,214,,clean_after_5min,180,11,4.88281250,1980,20.39337158,75,1879,1879,1878,1,1,99.94678020,99.94678020,99.94678020,0.00000000,2.77777778,0.00000000,1.41101312,50.34256415,1505.15555556
mitdb,214,214,,clean_after_5min,250,6,156.25000000,1500,15.44952393,75,1879,1878,1877,1,2,99.89356040,99.94675186,99.92014906,1.22222222,3.00000000,0.00000000,46.00789759,20.07653243,1505.15555556
mitdb,214,214,,clean_after_5min,250,7,78.12500000,1750,18.02444458,75,1879,1878,1877,1,2,99.89356040,99.94675186,99.92014906,1.11111111,3.00000000,0.00000000,23.23309750,26.01103788,1505.15555556
mitdb,214,214,,clean_after_5min,250,8,39.06250000,2000,20.59936523,75,1879,1878,1877,1,2,99.89356040,99.94675186,99.92014906,1.22222222,3.00000000,0.00000000,11.25883108,32.30331412,1505.15555556
mitdb,214,214,,clean_after_5min,250,9,19.53125000,2250,23.17428589,75,1879,1878,1877,1,2,99.89356040,99.94675186,99.92014906,1.22222222,3.00000000,0.00000000,5.63335332,38.31784037,1505.15555556
mitdb,214,214,,clean_after_5min,250,10,9.76562500,2500,25.74920654,75,1879,1878,1877,1,2,99.89356040,99.94675186,99.92014906,1.22222222,3.00000000,0.00000000,2.81761979,44.33553241,1505.15555556
mitdb,214,214,,clean_after_5min,250,11,4.88281250,2750,28.32412720,75,1879,1878,1877,1,2,99.89356040,99.94675186,99.92014906,1.22222222,3.00000000,0.00000000,1.40938958,50.35255906,1505.15555556
mitdb,214,214,,clean_after_5min,360,6,156.25000000,2160,22.24731445,75,1879,1878,1877,1,2,99.89356040,99.94675186,99.92014906,0.00000000,2.77777778,0.00000000,46.00174042,20.07414946,1505.15555556
mitdb,214,214,,clean_after_5min,360,7,78.12500000,2520,25.95520020,75,1879,1878,1877,1,2,99.89356040,99.94675186,99.92014906,0.00000000,2.77777778,0.00000000,23.23178500,26.00798312,1505.15555556
mitdb,214,214,,clean_after_5min,360,8,39.06250000,2880,29.66308594,75,1879,1878,1877,1,2,99.89356040,99.94675186,99.92014906,0.00000000,2.77777778,0.00000000,11.25511410,32.30263668,1505.15555556
mitdb,214,214,,clean_after_5min,360,9,19.53125000,3240,33.37097168,75,1879,1878,1877,1,2,99.89356040,99.94675186,99.92014906,0.00000000,2.77777778,0.00000000,5.63496232,38.31181439,1505.15555556
mitdb,214,214,,clean_after_5min,360,10,9.76562500,3600,37.07885742,75,1879,1878,1877,1,2,99.89356040,99.94675186,99.92014906,0.00000000,2.77777778,0.00000000,2.81866317,44.32877110,1505.15555556
mitdb,214,214,,clean_after_5min,360,11,4.88281250,3960,40.78674316,75,1879,1878,1877,1,2,99.89356040,99.94675186,99.92014906,0.00000000,2.77777778,0.00000000,1.41048946,50.34223782,1505.15555556
mitdb,214,214,,clean_after_5min,100,6,156.25000000,600,6.17980957,150,1879,1882,1879,3,0,100.00000000,99.84059511,99.92023398,60.55555556,66.66666667,0.00000000,46.03688803,20.07360331,1505.15555556
mitdb,214,214,,clean_after_5min,100,7,78.12500000,700,7.20977783,150,1879,1884,1879,5,0,100.00000000,99.73460722,99.86712729,61.11111111,66.66666667,0.00000000,23.22641768,26.01607785,1505.15555556
mitdb,214,214,,clean_after_5min,100,8,39.06250000,800,8.23974609,150,1879,1884,1879,5,0,100.00000000,99.73460722,99.86712729,61.11111111,66.66666667,0.00000000,11.24123294,32.31944354,1505.15555556
mitdb,214,214,,clean_after_5min,100,9,19.53125000,900,9.26971436,150,1879,1884,1879,5,0,100.00000000,99.73460722,99.86712729,61.11111111,66.66666667,0.00000000,5.63454220,38.31854976,1505.15555556
mitdb,214,214,,clean_after_5min,100,10,9.76562500,1000,10.29968262,150,1879,1884,1879,5,0,100.00000000,99.73460722,99.86712729,61.11111111,66.66666667,0.00000000,2.81883199,44.33433865,1505.15555556
mitdb,214,214,,clean_after_5min,100,11,4.88281250,1100,11.32965088,150,1879,1882,1879,3,0,100.00000000,99.84059511,99.92023398,61.11111111,66.66666667,0.00000000,1.41019177,50.35015894,1505.15555556
mitdb,214,214,,clean_after_5min,125,6,156.25000000,750,7.72476196,150,1879,1879,1879,0,0,100.00000000,100.00000000,100.00000000,2.44444444,56.55555556,0.00000000,46.02014662,20.07630143,1505.15555556
mitdb,214,214,,clean_after_5min,125,7,78.12500000,875,9.01222229,150,1879,1879,1879,0,0,100.00000000,100.00000000,100.00000000,2.44444444,57.22222222,0.00000000,23.22611070,26.01573155,1505.15555556
mitdb,214,214,,clean_after_5min,125,8,39.06250000,1000,10.29968262,150,1879,1879,1879,0,0,100.00000000,100.00000000,100.00000000,2.44444444,56.88888889,0.00000000,11.25724673,32.30661769,1505.15555556
mitdb,214,214,,clean_after_5min,125,9,19.53125000,1125,11.58714294,150,1879,1879,1879,0,0,100.00000000,100.00000000,100.00000000,2.55555556,57.00000000,0.00000000,5.64359558,38.30414369,1505.15555556
mitdb,214,214,,clean_after_5min,125,10,9.76562500,1250,12.87460327,150,1879,1879,1879,0,0,100.00000000,100.00000000,100.00000000,2.55555556,57.00000000,0.00000000,2.81643772,44.34125833,1505.15555556
mitdb,214,214,,clean_after_5min,125,11,4.88281250,1375,14.16206360,150,1879,1879,1879,0,0,100.00000000,100.00000000,100.00000000,2.55555556,57.00000000,0.00000000,1.40905972,50.35667337,1505.15555556
mitdb,214,214,,clean_after_5min,180,6,156.25000000,1080,11.12365723,150,1879,1879,1879,0,0,100.00000000,100.00000000,100.00000000,0.00000000,2.77777778,0.00000000,45.99943167,20.07813587,1505.15555556
mitdb,214,214,,clean_after_5min,180,7,78.12500000,1260,12.97760010,150,1879,1879,1879,0,0,100.00000000,100.00000000,100.00000000,0.00000000,2.77777778,0.00000000,23.23746150,26.00941152,1505.15555556
mitdb,214,214,,clean_after_5min,180,8,39.06250000,1440,14.83154297,150,1879,1879,1879,0,0,100.00000000,100.00000000,100.00000000,0.00000000,2.77777778,0.00000000,11.26387347,32.29942992,1505.15555556
mitdb,214,214,,clean_after_5min,180,9,19.53125000,1620,16.68548584,150,1879,1879,1879,0,0,100.00000000,100.00000000,100.00000000,0.00000000,2.77777778,0.00000000,5.63167924,38.32042697,1505.15555556
mitdb,214,214,,clean_after_5min,180,10,9.76562500,1800,18.53942871,150,1879,1879,1879,0,0,100.00000000,100.00000000,100.00000000,0.00000000,2.77777778,0.00000000,2.82007979,44.32795727,1505.15555556
mitdb,214,214,,clean_after_5min,180,11,4.88281250,1980,20.39337158,150,1879,1879,1879,0,0,100.00000000,100.00000000,100.00000000,0.00000000,2.77777778,0.00000000,1.41101312,50.34256415,1505.15555556
mitdb,214,214,,clean_after_5min,250,6,156.25000000,1500,15.44952393,150,1879,1878,1878,0,1,99.94678020,100.00000000,99.97338302,1.22222222,3.00000000,0.00000000,46.00789759,20.07653243,1505.15555556
mitdb,214,214,,clean_after_5min,250,7,78.12500000,1750,18.02444458,150,1879,1878,1878,0,1,99.94678020,100.00000000,99.97338302,1.11111111,3.00000000,0.00000000,23.23309750,26.01103788,1505.15555556
mitdb,214,214,,clean_after_5min,250,8,39.06250000,2000,20.59936523,150,1879,1878,1878,0,1,99.94678020,100.00000000,99.97338302,1.22222222,3.00000000,0.00000000,11.25883108,32.30331412,1505.15555556
mitdb,214,214,,clean_after_5min,250,9,19.53125000,2250,23.17428589,150,1879,1878,1878,0,1,99.94678020,100.00000000,99.97338302,1.22222222,3.00000000,0.00000000,5.63335332,38.31784037,1505.15555556
mitdb,214,214,,clean_after_5min,250,10,9.76562500,2500,25.74920654,150,1879,1878,1878,0,1,99.94678020,100.00000000,99.97338302,1.22222222,3.00000000,0.00000000,2.81761979,44.33553241,1505.15555556
mitdb,214,214,,clean_after_5min,250,11,4.88281250,2750,28.32412720,150,1879,1878,1878,0,1,99.94678020,100.00000000,99.97338302,1.22222222,3.00000000,0.00000000,1.40938958,50.35255906,1505.15555556
mitdb,214,214,,clean_after_5min,360,6,156.25000000,2160,22.24731445,150,1879,1878,1878,0,1,99.94678020,100.00000000,99.97338302,0.00000000,2.77777778,0.00000000,46.00174042,20.07414946,1505.15555556
mitdb,214,214,,clean_after_5min,360,7,78.12500000,2520,25.95520020,150,1879,1878,1878,0,1,99.94678020,100.00000000,99.97338302,0.00000000,2.77777778,0.00000000,23.23178500,26.00798312,1505.15555556
mitdb,214,214,,clean_after_5min,360,8,39.06250000,2880,29.66308594,150,1879,1878,1878,0,1,99.94678020,100.00000000,99.97338302,0.00000000,2.77777778,0.00000000,11.25511410,32.30263668,1505.15555556
mitdb,214,214,,clean_after_5min,360,9,19.53125000,3240,33.37097168,150,1879,1878,1878,0,1,99.94678020,100.00000000,99.97338302,0.00000000,2.77777778,0.00000000,5.63496232,38.31181439,1505.15555556
mitdb,214,214,,clean_after_5min,360,10,9.76562500,3600,37.07885742,150,1879,1878,1878,0,1,99.94678020,100.00000000,99.97338302,0.00000000,2.77777778,0.00000000,2.81866317,44.32877110,1505.15555556
mitdb,214,214,,clean_after_5min,360,11,4.88281250,3960,40.78674316,150,1879,1878,1878,0,1,99.94678020,100.00000000,99.97338302,0.00000000,2.77777778,0.00000000,1.41048946,50.34223782,1505.15555556
mitdb,215,215,,clean_after_5min,100,6,156.25000000,600,6.17980957,75,2795,2793,2774,19,21,99.24865832,99.31972789,99.28418039,5.55555556,11.11111111,0.00000000,44.09559363,15.86726394,1505.15555556
mitdb,215,215,,clean_after_5min,100,7,78.12500000,700,7.20977783,75,2795,2794,2775,19,20,99.28443649,99.31997137,99.30220075,5.55555556,11.11111111,0.00000000,22.80498003,21.59457389,1505.15555556
mitdb,215,215,,clean_after_5min,100,8,39.06250000,800,8.23974609,75,2795,2789,2771,18,24,99.14132379,99.35460739,99.24785100,5.55555556,11.11111111,0.00000000,11.33755948,27.66477624,1505.15555556
mitdb,215,215,,clean_after_5min,100,9,19.53125000,900,9.26971436,75,2795,2793,2774,19,21,99.24865832,99.31972789,99.28418039,5.55555556,11.11111111,0.00000000,5.63007128,33.74488995,1505.15555556
mitdb,215,215,,clean_after_5min,100,10,9.76562500,1000,10.29968262,75,2795,2791,2773,18,22,99.21288014,99.35506987,99.28392410,5.55555556,11.11111111,0.00000000,2.82313844,39.74052432,1505.15555556
mitdb,215,215,,clean_after_5min,100,11,4.88281250,1100,11.32965088,75,2795,2790,2772,18,23,99.17710197,99.35483871,99.26589078,5.55555556,11.11111111,0.00000000,1.40847921,45.78015897,1505.15555556
mitdb,215,215,,clean_after_5min,125,6,156.25000000,750,7.72476196,75,2795,2794,2788,6,7,99.74955277,99.78525412,99.76740025,3.55555556,7.66666667,0.00000000,44.10849761,15.86451960,1505.15555556
mitdb,215,215,,clean_after_5min,125,7,78.12500000,875,9.01222229,75,2795,2794,2787,7,8,99.71377460,99.74946314,99.73161567,3.77777778,7.77777778,0.00000000,22.81014336,21.59240462,1505.15555556
mitdb,215,215,,clean_after_5min,125,8,39.06250000,1000,10.29968262,75,2795,2794,2787,7,8,99.71377460,99.74946314,99.73161567,3.66666667,7.77777778,0.00000000,11.31012302,27.68561834,1505.15555556
mitdb,215,215,,clean_after_5min,125,9,19.53125000,1125,11.58714294,75,2795,2794,2788,6,7,99.74955277,99.78525412,99.76740025,3.72222222,7.77777778,0.00000000,5.63872712,33.73134335,1505.15555556
mitdb,215,215,,clean_after_5min,125,10,9.76562500,1250,12.87460327,75,2795,2794,2787,7,8,99.71377460,99.74946314,99.73161567,3.66666667,7.77777778,0.00000000,2.82245247,39.74243218,1505.15555556
mitdb,215,215,,clean_after_5min,125,11,4.88281250,1375,14.16206360,75,2795,2794,2787,7,8,99.71377460,99.74946314,99.73161567,3.66666667,7.77777778,0.00000000,1.40764595,45.78509620,1505.15555556
mitdb,215,215,,clean_after_5min,180,6,156.25000000,1080,11.12365723,75,2795,2793,2792,1,3,99.89266547,99.96419620,99.92841804,2.77777778,5.55555556,0.00000000,44.10338372,15.86361492,1505.15555556
mitdb,215,215,,clean_after_5min,180,7,78.12500000,1260,12.97760010,75,2795,2793,2791,2,4,99.85688730,99.92839241,99.89262706,2.77777778,5.55555556,0.00000000,22.81038131,21.59040224,1505.15555556
mitdb,215,215,,clean_after_5min,180,8,39.06250000,1440,14.83154297,75,2795,2793,2792,1,3,99.89266547,99.96419620,99.92841804,2.77777778,5.55555556,0.00000000,11.29942274,27.69192800,1505.15555556
mitdb,215,215,,clean_after_5min,180,9,19.53125000,1620,16.68548584,75,2795,2793,2792,1,3,99.89266547,99.96419620,99.92841804,2.77777778,5.55555556,0.00000000,5.64507299,33.71966191,1505.15555556
mitdb,215,215,,clean_after_5min,180,10,9.76562500,1800,18.53942871,75,2795,2793,2792,1,3,99.89266547,99.96419620,99.92841804,2.77777778,5.55555556,0.00000000,2.82171314,39.74279594,1505.15555556
mitdb,215,215,,clean_after_5min,180,11,4.88281250,1980,20.39337158,75,2795,2793,2791,2,4,99.85688730,99.92839241,99.89262706,2.77777778,5.55555556,0.00000000,1.40846498,45.77813206,1505.15555556
mitdb,215,215,,clean_after_5min,250,6,156.25000000,1500,15.44952393,75,2795,2793,2793,0,2,99.92844365,100.00000000,99.96420902,1.11111111,3.00000000,0.00000000,44.09875442,15.86586605,1505.15555556
mitdb,215,215,,clean_after_5min,250,7,78.12500000,1750,18.02444458,75,2795,2794,2794,0,1,99.96422182,100.00000000,99.98210771,1.11111111,3.00000000,0.00000000,22.81823916,21.58874995,1505.15555556
mitdb,215,215,,clean_after_5min,250,8,39.06250000,2000,20.59936523,75,2795,2794,2794,0,1,99.96422182,100.00000000,99.98210771,1.11111111,2.88888889,0.00000000,11.31951894,27.67783310,1505.15555556
mitdb,215,215,,clean_after_5min,250,9,19.53125000,2250,23.17428589,75,2795,2794,2794,0,1,99.96422182,100.00000000,99.98210771,1.11111111,3.00000000,0.00000000,5.63918783,33.73006130,1505.15555556
mitdb,215,215,,clean_after_5min,250,10,9.76562500,2500,25.74920654,75,2795,2794,2794,0,1,99.96422182,100.00000000,99.98210771,1.11111111,2.88888889,0.00000000,2.82111037,39.74599096,1505.15555556
mitdb,215,215,,clean_after_5min,250,11,4.88281250,2750,28.32412720,75,2795,2794,2794,0,1,99.96422182,100.00000000,99.98210771,1.11111111,2.88888889,0.00000000,1.40775908,45.78382578,1505.15555556
mitdb,215,215,,clean_after_5min,360,6,156.25000000,2160,22.24731445,75,2795,2794,2794,0,1,99.96422182,100.00000000,99.98210771,0.00000000,2.77777778,0.00000000,44.12730610,15.85447131,1505.15555556
mitdb,215,215,,clean_after_5min,360,7,78.12500000,2520,25.95520020,75,2795,2794,2794,0,1,99.96422182,100.00000000,99.98210771,0.00000000,2.77777778,0.00000000,22.81956230,21.58247341,1505.15555556
mitdb,215,215,,clean_after_5min,360,8,39.06250000,2880,29.66308594,75,2795,2794,2794,0,1,99.96422182,100.00000000,99.98210771,0.00000000,2.77777778,0.00000000,11.30156942,27.68584447,1505.15555556
mitdb,215,215,,clean_after_5min,360,9,19.53125000,3240,33.37097168,75,2795,2794,2794,0,1,99.96422182,100.00000000,99.98210771,0.00000000,2.77777778,0.00000000,5.64394849,33.71695878,1505.15555556
mitdb,215,215,,clean_after_5min,360,10,9.76562500,3600,37.07885742,75,2795,2794,2794,0,1,99.96422182,100.00000000,99.98210771,0.00000000,2.77777778,0.00000000,2.81881324,39.74729355,1505.15555556
mitdb,215,215,,clean_after_5min,360,11,4.88281250,3960,40.78674316,75,2795,2794,2794,0,1,99.96422182,100.00000000,99.98210771,0.00000000,2.77777778,0.00000000,1.40971009,45.76602344,1505.15555556
mitdb,215,215,,clean_after_5min,100,6,156.25000000,600,6.17980957,150,2795,2793,2789,4,6,99.78533095,99.85678482,99.82104510,5.55555556,11.66666667,0.00000000,44.09559363,15.86726394,1505.15555556
mitdb,215,215,,clean_after_5min,100,7,78.12500000,700,7.20977783,150,2795,2794,2792,2,3,99.89266547,99.92841804,99.91053856,5.55555556,11.36111111,0.00000000,22.80498003,21.59457389,1505.15555556
mitdb,215,215,,clean_after_5min,100,8,39.06250000,800,8.23974609,150,2795,2789,2787,2,8,99.71377460,99.92828971,99.82091691,5.55555556,11.11111111,0.00000000,11.33755948,27.66477624,1505.15555556
mitdb,215,215,,clean_after_5min,100,9,19.53125000,900,9.26971436,150,2795,2793,2790,3,5,99.82110912,99.89258861,99.85683608,5.55555556,11.11111111,0.00000000,5.63007128,33.74488995,1505.15555556
mitdb,215,215,,clean_after_5min,100,10,9.76562500,1000,10.29968262,150,2795,2791,2789,2,6,99.78533095,99.92834110,99.85678482,5.55555556,11.11111111,0.00000000,2.82313844,39.74052432,1505.15555556
mitdb,215,215,,clean_after_5min,100,11,4.88281250,1100,11.32965088,150,2795,2790,2789,1,6,99.78533095,99.96415771,99.87466428,5.55555556,11.11111111,0.00000000,1.40847921,45.78015897,1505.15555556
mitdb,215,215,,clean_after_5min,125,6,156.25000000,750,7.72476196,150,2795,2794,2794,0,1,99.96422182,100.00000000,99.98210771,3.55555556,7.66666667,0.00000000,44.10849761,15.86451960,1505.15555556
mitdb,215,215,,clean_after_5min,125,7,78.12500000,875,9.01222229,150,2795,2794,2794,0,1,99.96422182,100.00000000,99.98210771,3.77777778,7.77777778,0.00000000,22.81014336,21.59240462,1505.15555556
mitdb,215,215,,clean_after_5min,125,8,39.06250000,1000,10.29968262,150,2795,2794,2794,0,1,99.96422182,100.00000000,99.98210771,3.66666667,7.77777778,0.00000000,11.31012302,27.68561834,1505.15555556
mitdb,215,215,,clean_after_5min,125,9,19.53125000,1125,11.58714294,150,2795,2794,2794,0,1,99.96422182,100.00000000,99.98210771,3.77777778,7.77777778,0.00000000,5.63872712,33.73134335,1505.15555556
mitdb,215,215,,clean_after_5min,125,10,9.76562500,1250,12.87460327,150,2795,2794,2794,0,1,99.96422182,100.00000000,99.98210771,3.77777778,7.77777778,0.00000000,2.82245247,39.74243218,1505.15555556
mitdb,215,215,,clean_after_5min,125,11,4.88281250,1375,14.16206360,150,2795,2794,2794,0,1,99.96422182,100.00000000,99.98210771,3.77777778,7.77777778,0.00000000,1.40764595,45.78509620,1505.15555556
mitdb,215,215,,clean_after_5min,180,6,156.25000000,1080,11.12365723,150,2795,2793,2793,0,2,99.92844365,100.00000000,99.96420902,2.77777778,5.55555556,0.00000000,44.10338372,15.86361492,1505.15555556
mitdb,215,215,,clean_after_5min,180,7,78.12500000,1260,12.97760010,150,2795,2793,2793,0,2,99.92844365,100.00000000,99.96420902,2.77777778,5.55555556,0.00000000,22.81038131,21.59040224,1505.15555556
mitdb,215,215,,clean_after_5min,180,8,39.06250000,1440,14.83154297,150,2795,2793,2793,0,2,99.92844365,100.00000000,99.96420902,2.77777778,5.55555556,0.00000000,11.29942274,27.69192800,1505.15555556
mitdb,215,215,,clean_after_5min,180,9,19.53125000,1620,16.68548584,150,2795,2793,2793,0,2,99.92844365,100.00000000,99.96420902,2.77777778,5.55555556,0.00000000,5.64507299,33.71966191,1505.15555556
mitdb,215,215,,clean_after_5min,180,10,9.76562500,1800,18.53942871,150,2795,2793,2793,0,2,99.92844365,100.00000000,99.96420902,2.77777778,5.55555556,0.00000000,2.82171314,39.74279594,1505.15555556
mitdb,215,215,,clean_after_5min,180,11,4.88281250,1980,20.39337158,150,2795,2793,2793,0,2,99.92844365,100.00000000,99.96420902,2.77777778,5.55555556,0.00000000,1.40846498,45.77813206,1505.15555556
mitdb,215,215,,clean_after_5min,250,6,156.25000000,1500,15.44952393,150,2795,2793,2793,0,2,99.92844365,100.00000000,99.96420902,1.11111111,3.00000000,0.00000000,44.09875442,15.86586605,1505.15555556
mitdb,215,215,,clean_after_5min,250,7,78.12500000,1750,18.02444458,150,2795,2794,2794,0,1,99.96422182,100.00000000,99.98210771,1.11111111,3.00000000,0.00000000,22.81823916,21.58874995,1505.15555556
mitdb,215,215,,clean_after_5min,250,8,39.06250000,2000,20.59936523,150,2795,2794,2794,0,1,99.96422182,100.00000000,99.98210771,1.11111111,2.88888889,0.00000000,11.31951894,27.67783310,1505.15555556
mitdb,215,215,,clean_after_5min,250,9,19.53125000,2250,23.17428589,150,2795,2794,2794,0,1,99.96422182,100.00000000,99.98210771,1.11111111,3.00000000,0.00000000,5.63918783,33.73006130,1505.15555556
mitdb,215,215,,clean_after_5min,250,10,9.76562500,2500,25.74920654,150,2795,2794,2794,0,1,99.96422182,100.00000000,99.98210771,1.11111111,2.88888889,0.00000000,2.82111037,39.74599096,1505.15555556
mitdb,215,215,,clean_after_5min,250,11,4.88281250,2750,28.32412720,150,2795,2794,2794,0,1,99.96422182,100.00000000,99.98210771,1.11111111,2.88888889,0.00000000,1.40775908,45.78382578,1505.15555556
mitdb,215,215,,clean_after_5min,360,6,156.25000000,2160,22.24731445,150,2795,2794,2794,0,1,99.96422182,100.00000000,99.98210771,0.00000000,2.77777778,0.00000000,44.12730610,15.85447131,1505.15555556
mitdb,215,215,,clean_after_5min,360,7,78.12500000,2520,25.95520020,150,2795,2794,2794,0,1,99.96422182,100.00000000,99.98210771,0.00000000,2.77777778,0.00000000,22.81956230,21.58247341,1505.15555556
mitdb,215,215,,clean_after_5min,360,8,39.06250000,2880,29.66308594,150,2795,2794,2794,0,1,99.96422182,100.00000000,99.98210771,0.00000000,2.77777778,0.00000000,11.30156942,27.68584447,1505.15555556
mitdb,215,215,,clean_after_5min,360,9,19.53125000,3240,33.37097168,150,2795,2794,2794,0,1,99.96422182,100.00000000,99.98210771,0.00000000,2.77777778,0.00000000,5.64394849,33.71695878,1505.15555556
mitdb,215,215,,clean_after_5min,360,10,9.76562500,3600,37.07885742,150,2795,2794,2794,0,1,99.96422182,100.00000000,99.98210771,0.00000000,2.77777778,0.00000000,2.81881324,39.74729355,1505.15555556
mitdb,215,215,,clean_after_5min,360,11,4.88281250,3960,40.78674316,150,2795,2794,2794,0,1,99.96422182,100.00000000,99.98210771,0.00000000,2.77777778,0.00000000,1.40971009,45.76602344,1505.15555556
mitdb,217,217,,clean_after_5min,100,6,156.25000000,600,6.17980957,75,1844,1871,1730,141,114,93.81778742,92.46392304,93.13593540,9.44444444,54.19444444,0.00000000,43.76802738,22.50677040,1505.15555556
mitdb,217,217,,clean_after_5min,100,7,78.12500000,700,7.20977783,75,1844,1866,1736,130,108,94.14316703,93.03322615,93.58490566,9.44444444,57.22222222,0.00000000,22.61965645,28.24018977,1505.15555556
mitdb,217,217,,clean_after_5min,100,8,39.06250000,800,8.23974609,75,1844,1872,1733,139,111,93.98047722,92.57478632,93.27233584,9.44444444,56.88888889,0.00000000,11.27863521,34.28477886,1505.15555556
mitdb,217,217,,clean_after_5min,100,9,19.53125000,900,9.26971436,75,1844,1868,1735,133,109,94.08893709,92.88008565,93.48060345,9.44444444,57.94444444,0.00000000,5.63164412,40.31720581,1505.15555556
mitdb,217,217,,clean_after_5min,100,10,9.76562500,1000,10.29968262,75,1844,1872,1736,136,108,94.14316703,92.73504274,93.43379978,9.44444444,57.91666667,0.00000000,2.81960482,46.32614499,1505.15555556
mitdb,217,217,,clean_after_5min,100,11,4.88281250,1100,11.32965088,75,1844,1868,1735,133,109,94.08893709,92.88008565,93.48060345,9.44444444,58.33333333,0.00000000,1.41030948,52.34362139,1505.15555556
mitdb,217,217,,clean_after_5min,125,6,156.25000000,750,7.72476196,75,1844,1841,1814,27,30,98.37310195,98.53340576,98.45318860,8.11111111,18.92777778,0.00000000,43.74645871,22.51066768,1505.15555556
mitdb,217,217,,clean_after_5min,125,7,78.12500000,875,9.01222229,75,1844,1838,1813,25,31,98.31887202,98.63982590,98.47908745,8.11111111,20.42222222,0.00000000,22.62825847,28.23650311,1505.15555556
mitdb,217,217,,clean_after_5min,125,8,39.06250000,1000,10.29968262,75,1844,1839,1814,25,30,98.37310195,98.64056552,98.50665219,8.11111111,21.52222222,0.00000000,11.26960904,34.29134873,1505.15555556
mitdb,217,217,,clean_after_5min,125,9,19.53125000,1125,11.58714294,75,1844,1837,1812,25,32,98.26464208,98.63908547,98.45150774,8.11111111,20.43333333,0.00000000,5.64222464,40.30051826,1505.15555556
mitdb,217,217,,clean_after_5min,125,10,9.76562500,1250,12.87460327,75,1844,1838,1814,24,30,98.37310195,98.69423286,98.53340576,8.11111111,20.33333333,0.00000000,2.81449761,46.34150804,1505.15555556
mitdb,217,217,,clean_after_5min,125,11,4.88281250,1375,14.16206360,75,1844,1838,1814,24,30,98.37310195,98.69423286,98.53340576,8.11111111,20.59444444,0.00000000,1.41192130,52.33331590,1505.15555556
mitdb,217,217,,clean_after_5min,180,6,156.25000000,1080,11.12365723,75,1844,1838,1833,5,11,99.40347072,99.72796518,99.56545356,8.33333333,16.66666667,0.00000000,43.76882574,22.50399984,1505.15555556
mitdb,217,217,,clean_after_5min,180,7,78.12500000,1260,12.97760010,75,1844,1840,1834,6,10,99.45770065,99.67391304,99.56568947,8.33333333,16.66666667,0.00000000,22.62313822,28.23624077,1505.15555556
mitdb,217,217,,clean_after_5min,180,8,39.06250000,1440,14.83154297,75,1844,1840,1835,5,9,99.51193059,99.72826087,99.61997828,8.33333333,16.66666667,0.00000000,11.27394990,34.28577573,1505.15555556
mitdb,217,217,,clean_after_5min,180,9,19.53125000,1620,16.68548584,75,1844,1839,1834,5,10,99.45770065,99.72811310,99.59272332,8.33333333,16.66666667,0.00000000,5.64087306,40.30037122,1505.15555556
mitdb,217,217,,clean_after_5min,180,10,9.76562500,1800,18.53942871,75,1844,1839,1834,5,10,99.45770065,99.72811310,99.59272332,8.33333333,16.66666667,0.00000000,2.81542155,46.33642912,1505.15555556
mitdb,217,217,,clean_after_5min,180,11,4.88281250,1980,20.39337158,75,1844,1839,1834,5,10,99.45770065,99.72811310,99.59272332,8.33333333,16.66666667,0.00000000,1.41011746,52.34219193,1505.15555556
mitdb,217,217,,clean_after_5min,250,6,156.25000000,1500,15.44952393,75,1844,1839,1835,4,9,99.51193059,99.78249048,99.64702688,12.11111111,20.77777778,0.00000000,43.77055184,22.50326917,1505.15555556
mitdb,217,217,,clean_after_5min,250,7,78.12500000,1750,18.02444458,75,1844,1840,1834,6,10,99.45770065,99.67391304,99.56568947,12.11111111,20.37222222,0.00000000,22.63078590,28.23291689,1505.15555556
mitdb,217,217,,clean_after_5min,250,8,39.06250000,2000,20.59936523,75,1844,1840,1836,4,8,99.56616052,99.78260870,99.67426710,12.11111111,20.00000000,0.00000000,11.27856591,34.28183197,1505.15555556
mitdb,217,217,,clean_after_5min,250,9,19.53125000,2250,23.17428589,75,1844,1840,1836,4,8,99.56616052,99.78260870,99.67426710,12.11111111,20.33333333,0.00000000,5.63878618,40.30319708,1505.15555556
mitdb,217,217,,clean_after_5min,250,10,9.76562500,2500,25.74920654,75,1844,1840,1836,4,8,99.56616052,99.78260870,99.67426710,12.11111111,20.25000000,0.00000000,2.81721300,46.33051594,1505.15555556
mitdb,217,217,,clean_after_5min,250,11,4.88281250,2750,28.32412720,75,1844,1840,1836,4,8,99.56616052,99.78260870,99.67426710,12.11111111,20.25000000,0.00000000,1.41023271,52.34109394,1505.15555556
mitdb,217,217,,clean_after_5min,360,6,156.25000000,2160,22.24731445,75,1844,1839,1835,4,9,99.51193059,99.78249048,99.64702688,16.66666667,36.11111111,0.00000000,43.77020768,22.50073384,1505.15555556
mitdb,217,217,,clean_after_5min,360,7,78.12500000,2520,25.95520020,75,1844,1838,1835,3,9,99.51193059,99.83677911,99.67409017,16.66666667,36.11111111,0.00000000,22.63448586,28.22889331,1505.15555556
mitdb,217,217,,clean_after_5min,360,8,39.06250000,2880,29.66308594,75,1844,1838,1835,3,9,99.51193059,99.83677911,99.67409017,16.66666667,36.11111111,0.00000000,11.27556912,34.28153655,1505.15555556
mitdb,217,217,,clean_after_5min,360,9,19.53125000,3240,33.37097168,75,1844,1838,1835,3,9,99.51193059,99.83677911,99.67409017,16.66666667,36.11111111,0.00000000,5.63911136,40.30009256,1505.15555556
mitdb,217,217,,clean_after_5min,360,10,9.76562500,3600,37.07885742,75,1844,1838,1835,3,9,99.51193059,99.83677911,99.67409017,16.66666667,34.16666667,0.00000000,2.81755013,46.32687293,1505.15555556
mitdb,217,217,,clean_after_5min,360,11,4.88281250,3960,40.78674316,75,1844,1838,1835,3,9,99.51193059,99.83677911,99.67409017,16.66666667,34.16666667,0.00000000,1.41004217,52.33966396,1505.15555556
mitdb,217,217,,clean_after_5min,100,6,156.25000000,600,6.17980957,150,1844,1871,1835,36,9,99.51193059,98.07589524,98.78869448,9.44444444,77.22222222,0.00000000,43.76802738,22.50677040,1505.15555556
mitdb,217,217,,clean_after_5min,100,7,78.12500000,700,7.20977783,150,1844,1866,1834,32,10,99.45770065,98.28510182,98.86792453,10.00000000,76.30555556,0.00000000,22.61965645,28.24018977,1505.15555556
mitdb,217,217,,clean_after_5min,100,8,39.06250000,800,8.23974609,150,1844,1872,1835,37,9,99.51193059,98.02350427,98.76210980,10.00000000,76.83333333,0.00000000,11.27863521,34.28477886,1505.15555556
mitdb,217,217,,clean_after_5min,100,9,19.53125000,900,9.26971436,150,1844,1868,1836,32,8,99.56616052,98.28693790,98.92241379,10.00000000,76.80555556,0.00000000,5.63164412,40.31720581,1505.15555556
mitdb,217,217,,clean_after_5min,100,10,9.76562500,1000,10.29968262,150,1844,1872,1835,37,9,99.51193059,98.02350427,98.76210980,10.00000000,76.27777778,0.00000000,2.81960482,46.32614499,1505.15555556
mitdb,217,217,,clean_after_5min,100,11,4.88281250,1100,11.32965088,150,1844,1868,1835,33,9,99.51193059,98.23340471,98.86853448,10.00000000,76.27777778,0.00000000,1.41030948,52.34362139,1505.15555556
mitdb,217,217,,clean_after_5min,125,6,156.25000000,750,7.72476196,150,1844,1841,1835,6,9,99.51193059,99.67409017,99.59294437,8.11111111,40.57777778,0.00000000,43.74645871,22.51066768,1505.15555556
mitdb,217,217,,clean_after_5min,125,7,78.12500000,875,9.01222229,150,1844,1838,1834,4,10,99.45770065,99.78237214,99.61977186,8.22222222,45.41666667,0.00000000,22.62825847,28.23650311,1505.15555556
mitdb,217,217,,clean_after_5min,125,8,39.06250000,1000,10.29968262,150,1844,1839,1834,5,10,99.45770065,99.72811310,99.59272332,8.22222222,45.56111111,0.00000000,11.26960904,34.29134873,1505.15555556
mitdb,217,217,,clean_after_5min,125,9,19.53125000,1125,11.58714294,150,1844,1837,1834,3,10,99.45770065,99.83669026,99.64683510,8.22222222,45.56111111,0.00000000,5.64222464,40.30051826,1505.15555556
mitdb,217,217,,clean_after_5min,125,10,9.76562500,1250,12.87460327,150,1844,1838,1835,3,9,99.51193059,99.83677911,99.67409017,8.22222222,45.28888889,0.00000000,2.81449761,46.34150804,1505.15555556
mitdb,217,217,,clean_after_5min,125,11,4.88281250,1375,14.16206360,150,1844,1838,1835,3,9,99.51193059,99.83677911,99.67409017,8.22222222,45.54444444,0.00000000,1.41192130,52.33331590,1505.15555556
mitdb,217,217,,clean_after_5min,180,6,156.25000000,1080,11.12365723,150,1844,1838,1836,2,8,99.56616052,99.89118607,99.72840847,8.33333333,16.66666667,0.00000000,43.76882574,22.50399984,1505.15555556
mitdb,217,217,,clean_after_5min,180,7,78.12500000,1260,12.97760010,150,1844,1840,1838,2,6,99.67462039,99.89130435,99.78284473,8.33333333,16.66666667,0.00000000,22.62313822,28.23624077,1505.15555556
mitdb,217,217,,clean_after_5min,180,8,39.06250000,1440,14.83154297,150,1844,1840,1838,2,6,99.67462039,99.89130435,99.78284473,8.33333333,16.66666667,0.00000000,11.27394990,34.28577573,1505.15555556
mitdb,217,217,,clean_after_5min,180,9,19.53125000,1620,16.68548584,150,1844,1839,1837,2,7,99.62039046,99.89124524,99.75563399,8.33333333,16.66666667,0.00000000,5.64087306,40.30037122,1505.15555556
mitdb,217,217,,clean_after_5min,180,10,9.76562500,1800,18.53942871,150,1844,1839,1837,2,7,99.62039046,99.89124524,99.75563399,8.33333333,16.66666667,0.00000000,2.81542155,46.33642912,1505.15555556
mitdb,217,217,,clean_after_5min,180,11,4.88281250,1980,20.39337158,150,1844,1839,1837,2,7,99.62039046,99.89124524,99.75563399,8.33333333,16.66666667,0.00000000,1.41011746,52.34219193,1505.15555556
mitdb,217,217,,clean_after_5min,250,6,156.25000000,1500,15.44952393,150,1844,1839,1837,2,7,99.62039046,99.89124524,99.75563399,12.11111111,20.88888889,0.00000000,43.77055184,22.50326917,1505.15555556
mitdb,217,217,,clean_after_5min,250,7,78.12500000,1750,18.02444458,150,1844,1840,1838,2,6,99.67462039,99.89130435,99.78284473,12.11111111,20.47777778,0.00000000,22.63078590,28.23291689,1505.15555556
mitdb,217,217,,clean_after_5min,250,8,39.06250000,2000,20.59936523,150,1844,1840,1838,2,6,99.67462039,99.89130435,99.78284473,12.11111111,20.22222222,0.00000000,11.27856591,34.28183197,1505.15555556
mitdb,217,217,,clean_after_5min,250,9,19.53125000,2250,23.17428589,150,1844,1840,1838,2,6,99.67462039,99.89130435,99.78284473,12.11111111,20.44444444,0.00000000,5.63878618,40.30319708,1505.15555556
mitdb,217,217,,clean_after_5min,250,10,9.76562500,2500,25.74920654,150,1844,1840,1838,2,6,99.67462039,99.89130435,99.78284473,12.11111111,20.35000000,0.00000000,2.81721300,46.33051594,1505.15555556
mitdb,217,217,,clean_after_5min,250,11,4.88281250,2750,28.32412720,150,1844,1840,1838,2,6,99.67462039,99.89130435,99.78284473,12.11111111,20.35000000,0.00000000,1.41023271,52.34109394,1505.15555556
mitdb,217,217,,clean_after_5min,360,6,156.25000000,2160,22.24731445,150,1844,1839,1837,2,7,99.62039046,99.89124524,99.75563399,16.66666667,36.11111111,0.00000000,43.77020768,22.50073384,1505.15555556
mitdb,217,217,,clean_after_5min,360,7,78.12500000,2520,25.95520020,150,1844,1838,1836,2,8,99.56616052,99.89118607,99.72840847,16.66666667,36.11111111,0.00000000,22.63448586,28.22889331,1505.15555556
mitdb,217,217,,clean_after_5min,360,8,39.06250000,2880,29.66308594,150,1844,1838,1836,2,8,99.56616052,99.89118607,99.72840847,16.66666667,36.11111111,0.00000000,11.27556912,34.28153655,1505.15555556
mitdb,217,217,,clean_after_5min,360,9,19.53125000,3240,33.37097168,150,1844,1838,1836,2,8,99.56616052,99.89118607,99.72840847,16.66666667,36.11111111,0.00000000,5.63911136,40.30009256,1505.15555556
mitdb,217,217,,clean_after_5min,360,10,9.76562500,3600,37.07885742,150,1844,1838,1836,2,8,99.56616052,99.89118607,99.72840847,16.66666667,36.11111111,0.00000000,2.81755013,46.32687293,1505.15555556
mitdb,217,217,,clean_after_5min,360,11,4.88281250,3960,40.78674316,150,1844,1838,1836,2,8,99.56616052,99.89118607,99.72840847,16.66666667,36.11111111,0.00000000,1.41004217,52.33966396,1505.15555556
mitdb,219,219,,clean_after_5min,100,6,156.25000000,600,6.17980957,75,1773,1768,1731,37,42,97.63113367,97.90723982,97.76899181,5.55555556,63.88888889,0.00000000,43.46323491,20.03846071,1505.15555556
mitdb,219,219,,clean_after_5min,100,7,78.12500000,700,7.20977783,75,1773,1767,1731,36,42,97.63113367,97.96264856,97.79661017,5.55555556,63.88888889,0.00000000,22.40763466,25.79298135,1505.15555556
mitdb,219,219,,clean_after_5min,100,8,39.06250000,800,8.23974609,75,1773,1767,1731,36,42,97.63113367,97.96264856,97.79661017,5.55555556,63.88888889,0.00000000,11.31044196,31.73131014,1505.15555556
mitdb,219,219,,clean_after_5min,100,9,19.53125000,900,9.26971436,75,1773,1767,1731,36,42,97.63113367,97.96264856,97.79661017,5.55555556,63.88888889,0.00000000,5.63919739,37.77655572,1505.15555556
mitdb,219,219,,clean_after_5min,100,10,9.76562500,1000,10.29968262,75,1773,1767,1731,36,42,97.63113367,97.96264856,97.79661017,5.55555556,63.88888889,0.00000000,2.82215888,43.78927247,1505.15555556
mitdb,219,219,,clean_after_5min,100,11,4.88281250,1100,11.32965088,75,1773,1767,1731,36,42,97.63113367,97.96264856,97.79661017,5.55555556,63.88888889,0.00000000,1.41160441,49.80664152,1505.15555556
mitdb,219,219,,clean_after_5min,125,6,156.25000000,750,7.72476196,75,1773,1767,1763,4,10,99.43598421,99.77362762,99.60451977,2.11111111,4.66666667,0.00000000,43.48707377,20.03348287,1505.15555556
mitdb,219,219,,clean_after_5min,125,7,78.12500000,875,9.01222229,75,1773,1767,1763,4,10,99.43598421,99.77362762,99.60451977,2.11111111,4.66666667,0.00000000,22.43493823,25.78218901,1505.15555556
mitdb,219,219,,clean_after_5min,125,8,39.06250000,1000,10.29968262,75,1773,1767,1763,4,10,99.43598421,99.77362762,99.60451977,2.11111111,4.66666667,0.00000000,11.28992521,31.74686527,1505.15555556
mitdb,219,219,,clean_after_5min,125,9,19.53125000,1125,11.58714294,75,1773,1767,1763,4,10,99.43598421,99.77362762,99.60451977,2.11111111,4.66666667,0.00000000,5.62943484,37.79139064,1505.15555556
mitdb,219,219,,clean_after_5min,125,10,9.76562500,1250,12.87460327,75,1773,1767,1763,4,10,99.43598421,99.77362762,99.60451977,2.11111111,4.66666667,0.00000000,2.81811636,43.80150813,1505.15555556
mitdb,219,219,,clean_after_5min,125,11,4.88281250,1375,14.16206360,75,1773,1767,1763,4,10,99.43598421,99.77362762,99.60451977,2.11111111,4.66666667,0.00000000,1.41207785,49.80351378,1505.15555556
mitdb,219,219,,clean_after_5min,180,6,156.25000000,1080,11.12365723,75,1773,1767,1767,0,6,99.66159052,100.00000000,99.83050847,2.77777778,2.77777778,0.00000000,43.47619475,20.03411229,1505.15555556
mitdb,219,219,,clean_after_5min,180,7,78.12500000,1260,12.97760010,75,1773,1766,1766,0,7,99.60518895,100.00000000,99.80220401,2.77777778,2.77777778,0.00000000,22.44773080,25.77569389,1505.15555556
mitdb,219,219,,clean_after_5min,180,8,39.06250000,1440,14.83154297,75,1773,1766,1766,0,7,99.60518895,100.00000000,99.80220401,2.77777778,2.77777778,0.00000000,11.28119977,31.75203700,1505.15555556
mitdb,219,219,,clean_after_5min,180,9,19.53125000,1620,16.68548584,75,1773,1766,1766,0,7,99.60518895,100.00000000,99.80220401,2.77777778,2.77777778,0.00000000,5.63861467,37.77569446,1505.15555556
mitdb,219,219,,clean_after_5min,180,10,9.76562500,1800,18.53942871,75,1773,1766,1766,0,7,99.60518895,100.00000000,99.80220401,2.77777778,2.77777778,0.00000000,2.82337560,43.78376965,1505.15555556
mitdb,219,219,,clean_after_5min,180,11,4.88281250,1980,20.39337158,75,1773,1766,1766,0,7,99.60518895,100.00000000,99.80220401,2.77777778,2.77777778,0.00000000,1.40739288,49.83083579,1505.15555556
mitdb,219,219,,clean_after_5min,250,6,156.25000000,1500,15.44952393,75,1773,1767,1767,0,6,99.66159052,100.00000000,99.83050847,1.00000000,2.88888889,0.00000000,43.48982265,20.03226314,1505.15555556
mitdb,219,219,,clean_after_5min,250,7,78.12500000,1750,18.02444458,75,1773,1767,1767,0,6,99.66159052,100.00000000,99.83050847,1.00000000,2.88888889,0.00000000,22.42639711,25.78482571,1505.15555556
mitdb,219,219,,clean_after_5min,250,8,39.06250000,2000,20.59936523,75,1773,1767,1767,0,6,99.66159052,100.00000000,99.83050847,1.00000000,2.88888889,0.00000000,11.29501853,31.74227692,1505.15555556
mitdb,219,219,,clean_after_5min,250,9,19.53125000,2250,23.17428589,75,1773,1767,1767,0,6,99.66159052,100.00000000,99.83050847,1.00000000,2.88888889,0.00000000,5.63393187,37.78378406,1505.15555556
mitdb,219,219,,clean_after_5min,250,10,9.76562500,2500,25.74920654,75,1773,1767,1767,0,6,99.66159052,100.00000000,99.83050847,1.00000000,2.88888889,0.00000000,2.81780802,43.80178786,1505.15555556
mitdb,219,219,,clean_after_5min,250,11,4.88281250,2750,28.32412720,75,1773,1767,1767,0,6,99.66159052,100.00000000,99.83050847,1.00000000,2.88888889,0.00000000,1.41096349,49.80970035,1505.15555556
mitdb,219,219,,clean_after_5min,360,6,156.25000000,2160,22.24731445,75,1773,1767,1767,0,6,99.66159052,100.00000000,99.83050847,0.00000000,2.77777778,0.00000000,43.49237553,20.02715811,1505.15555556
mitdb,219,219,,clean_after_5min,360,7,78.12500000,2520,25.95520020,75,1773,1767,1767,0,6,99.66159052,100.00000000,99.83050847,0.00000000,2.77777778,0.00000000,22.44053097,25.77475812,1505.15555556
mitdb,219,219,,clean_after_5min,360,8,39.06250000,2880,29.66308594,75,1773,1767,1767,0,6,99.66159052,100.00000000,99.83050847,0.00000000,2.77777778,0.00000000,11.28499149,31.74539597,1505.15555556
mitdb,219,219,,clean_after_5min,360,9,19.53125000,3240,33.37097168,75,1773,1767,1767,0,6,99.66159052,100.00000000,99.83050847,0.00000000,2.77777778,0.00000000,5.63557170,37.77666110,1505.15555556
mitdb,219,219,,clean_after_5min,360,10,9.76562500,3600,37.07885742,75,1773,1767,1767,0,6,99.66159052,100.00000000,99.83050847,0.00000000,2.77777778,0.00000000,2.81981401,43.79101140,1505.15555556
mitdb,219,219,,clean_after_5min,360,11,4.88281250,3960,40.78674316,75,1773,1767,1767,0,6,99.66159052,100.00000000,99.83050847,0.00000000,2.77777778,0.00000000,1.40856793,49.81986478,1505.15555556
mitdb,219,219,,clean_after_5min,100,6,156.25000000,600,6.17980957,150,1773,1768,1768,0,5,99.71799210,100.00000000,99.85879695,6.11111111,64.44444444,0.00000000,43.46323491,20.03846071,1505.15555556
mitdb,219,219,,clean_after_5min,100,7,78.12500000,700,7.20977783,150,1773,1767,1767,0,6,99.66159052,100.00000000,99.83050847,5.55555556,64.44444444,0.00000000,22.40763466,25.79298135,1505.15555556
mitdb,219,219,,clean_after_5min,100,8,39.06250000,800,8.23974609,150,1773,1767,1767,0,6,99.66159052,100.00000000,99.83050847,5.55555556,64.44444444,0.00000000,11.31044196,31.73131014,1505.15555556
mitdb,219,219,,clean_after_5min,100,9,19.53125000,900,9.26971436,150,1773,1767,1767,0,6,99.66159052,100.00000000,99.83050847,5.55555556,64.44444444,0.00000000,5.63919739,37.77655572,1505.15555556
mitdb,219,219,,clean_after_5min,100,10,9.76562500,1000,10.29968262,150,1773,1767,1767,0,6,99.66159052,100.00000000,99.83050847,5.55555556,64.44444444,0.00000000,2.82215888,43.78927247,1505.15555556
mitdb,219,219,,clean_after_5min,100,11,4.88281250,1100,11.32965088,150,1773,1767,1767,0,6,99.66159052,100.00000000,99.83050847,5.55555556,64.44444444,0.00000000,1.41160441,49.80664152,1505.15555556
mitdb,219,219,,clean_after_5min,125,6,156.25000000,750,7.72476196,150,1773,1767,1767,0,6,99.66159052,100.00000000,99.83050847,2.11111111,4.66666667,0.00000000,43.48707377,20.03348287,1505.15555556
mitdb,219,219,,clean_after_5min,125,7,78.12500000,875,9.01222229,150,1773,1767,1767,0,6,99.66159052,100.00000000,99.83050847,2.11111111,4.66666667,0.00000000,22.43493823,25.78218901,1505.15555556
mitdb,219,219,,clean_after_5min,125,8,39.06250000,1000,10.29968262,150,1773,1767,1767,0,6,99.66159052,100.00000000,99.83050847,2.11111111,4.66666667,0.00000000,11.28992521,31.74686527,1505.15555556
mitdb,219,219,,clean_after_5min,125,9,19.53125000,1125,11.58714294,150,1773,1767,1767,0,6,99.66159052,100.00000000,99.83050847,2.11111111,4.66666667,0.00000000,5.62943484,37.79139064,1505.15555556
mitdb,219,219,,clean_after_5min,125,10,9.76562500,1250,12.87460327,150,1773,1767,1767,0,6,99.66159052,100.00000000,99.83050847,2.11111111,4.66666667,0.00000000,2.81811636,43.80150813,1505.15555556
mitdb,219,219,,clean_after_5min,125,11,4.88281250,1375,14.16206360,150,1773,1767,1767,0,6,99.66159052,100.00000000,99.83050847,2.11111111,4.66666667,0.00000000,1.41207785,49.80351378,1505.15555556
mitdb,219,219,,clean_after_5min,180,6,156.25000000,1080,11.12365723,150,1773,1767,1767,0,6,99.66159052,100.00000000,99.83050847,2.77777778,2.77777778,0.00000000,43.47619475,20.03411229,1505.15555556
mitdb,219,219,,clean_after_5min,180,7,78.12500000,1260,12.97760010,150,1773,1766,1766,0,7,99.60518895,100.00000000,99.80220401,2.77777778,2.77777778,0.00000000,22.44773080,25.77569389,1505.15555556
mitdb,219,219,,clean_after_5min,180,8,39.06250000,1440,14.83154297,150,1773,1766,1766,0,7,99.60518895,100.00000000,99.80220401,2.77777778,2.77777778,0.00000000,11.28119977,31.75203700,1505.15555556
mitdb,219,219,,clean_after_5min,180,9,19.53125000,1620,16.68548584,150,1773,1766,1766,0,7,99.60518895,100.00000000,99.80220401,2.77777778,2.77777778,0.00000000,5.63861467,37.77569446,1505.15555556
mitdb,219,219,,clean_after_5min,180,10,9.76562500,1800,18.53942871,150,1773,1766,1766,0,7,99.60518895,100.00000000,99.80220401,2.77777778,2.77777778,0.00000000,2.82337560,43.78376965,1505.15555556
mitdb,219,219,,clean_after_5min,180,11,4.88281250,1980,20.39337158,150,1773,1766,1766,0,7,99.60518895,100.00000000,99.80220401,2.77777778,2.77777778,0.00000000,1.40739288,49.83083579,1505.15555556
mitdb,219,219,,clean_after_5min,250,6,156.25000000,1500,15.44952393,150,1773,1767,1767,0,6,99.66159052,100.00000000,99.83050847,1.00000000,2.88888889,0.00000000,43.48982265,20.03226314,1505.15555556
mitdb,219,219,,clean_after_5min,250,7,78.12500000,1750,18.02444458,150,1773,1767,1767,0,6,99.66159052,100.00000000,99.83050847,1.00000000,2.88888889,0.00000000,22.42639711,25.78482571,1505.15555556
mitdb,219,219,,clean_after_5min,250,8,39.06250000,2000,20.59936523,150,1773,1767,1767,0,6,99.66159052,100.00000000,99.83050847,1.00000000,2.88888889,0.00000000,11.29501853,31.74227692,1505.15555556
mitdb,219,219,,clean_after_5min,250,9,19.53125000,2250,23.17428589,150,1773,1767,1767,0,6,99.66159052,100.00000000,99.83050847,1.00000000,2.88888889,0.00000000,5.63393187,37.78378406,1505.15555556
mitdb,219,219,,clean_after_5min,250,10,9.76562500,2500,25.74920654,150,1773,1767,1767,0,6,99.66159052,100.00000000,99.83050847,1.00000000,2.88888889,0.00000000,2.81780802,43.80178786,1505.15555556
mitdb,219,219,,clean_after_5min,250,11,4.88281250,2750,28.32412720,150,1773,1767,1767,0,6,99.66159052,100.00000000,99.83050847,1.00000000,2.88888889,0.00000000,1.41096349,49.80970035,1505.15555556
mitdb,219,219,,clean_after_5min,360,6,156.25000000,2160,22.24731445,150,1773,1767,1767,0,6,99.66159052,100.00000000,99.83050847,0.00000000,2.77777778,0.00000000,43.49237553,20.02715811,1505.15555556
mitdb,219,219,,clean_after_5min,360,7,78.12500000,2520,25.95520020,150,1773,1767,1767,0,6,99.66159052,100.00000000,99.83050847,0.00000000,2.77777778,0.00000000,22.44053097,25.77475812,1505.15555556
mitdb,219,219,,clean_after_5min,360,8,39.06250000,2880,29.66308594,150,1773,1767,1767,0,6,99.66159052,100.00000000,99.83050847,0.00000000,2.77777778,0.00000000,11.28499149,31.74539597,1505.15555556
mitdb,219,219,,clean_after_5min,360,9,19.53125000,3240,33.37097168,150,1773,1767,1767,0,6,99.66159052,100.00000000,99.83050847,0.00000000,2.77777778,0.00000000,5.63557170,37.77666110,1505.15555556
mitdb,219,219,,clean_after_5min,360,10,9.76562500,3600,37.07885742,150,1773,1767,1767,0,6,99.66159052,100.00000000,99.83050847,0.00000000,2.77777778,0.00000000,2.81981401,43.79101140,1505.15555556
mitdb,219,219,,clean_after_5min,360,11,4.88281250,3960,40.78674316,150,1773,1767,1767,0,6,99.66159052,100.00000000,99.83050847,0.00000000,2.77777778,0.00000000,1.40856793,49.81986478,1505.15555556
mitdb,220,220,,clean_after_5min,100,6,156.25000000,600,6.17980957,75,1694,1694,1694,0,0,100.00000000,100.00000000,100.00000000,4.44444444,62.77777778,0.00000000,46.44684554,16.48083949,1505.15555556
mitdb,220,220,,clean_after_5min,100,7,78.12500000,700,7.20977783,75,1694,1694,1694,0,0,100.00000000,100.00000000,100.00000000,5.00000000,63.33333333,0.00000000,22.83524293,22.64785124,1505.15555556
mitdb,220,220,,clean_after_5min,100,8,39.06250000,800,8.23974609,75,1694,1694,1694,0,0,100.00000000,100.00000000,100.00000000,5.00000000,63.33333333,0.00000000,11.27124899,28.78052309,1505.15555556
mitdb,220,220,,clean_after_5min,100,9,19.53125000,900,9.26971436,75,1694,1694,1694,0,0,100.00000000,100.00000000,100.00000000,5.00000000,63.33333333,0.00000000,5.64162302,34.79188271,1505.15555556
mitdb,220,220,,clean_after_5min,100,10,9.76562500,1000,10.29968262,75,1694,1694,1694,0,0,100.00000000,100.00000000,100.00000000,5.00000000,63.33333333,0.00000000,2.81813275,40.82073502,1505.15555556
mitdb,220,220,,clean_after_5min,100,11,4.88281250,1100,11.32965088,75,1694,1694,1694,0,0,100.00000000,100.00000000,100.00000000,5.00000000,63.33333333,0.00000000,1.41085685,46.83030494,1505.15555556
mitdb,220,220,,clean_after_5min,125,6,156.25000000,750,7.72476196,75,1694,1694,1694,0,0,100.00000000,100.00000000,100.00000000,2.44444444,6.33333333,0.00000000,46.48613832,16.47368976,1505.15555556
mitdb,220,220,,clean_after_5min,125,7,78.12500000,875,9.01222229,75,1694,1694,1694,0,0,100.00000000,100.00000000,100.00000000,2.44444444,6.33333333,0.00000000,22.83314040,22.64884622,1505.15555556
mitdb,220,220,,clean_after_5min,125,8,39.06250000,1000,10.29968262,75,1694,1694,1694,0,0,100.00000000,100.00000000,100.00000000,2.44444444,6.33333333,0.00000000,11.28015156,28.77386047,1505.15555556
mitdb,220,220,,clean_after_5min,125,9,19.53125000,1125,11.58714294,75,1694,1694,1694,0,0,100.00000000,100.00000000,100.00000000,2.44444444,6.33333333,0.00000000,5.63313365,34.80515806,1505.15555556
mitdb,220,220,,clean_after_5min,125,10,9.76562500,1250,12.87460327,75,1694,1694,1694,0,0,100.00000000,100.00000000,100.00000000,2.44444444,6.33333333,0.00000000,2.81896994,40.81835027,1505.15555556
mitdb,220,220,,clean_after_5min,125,11,4.88281250,1375,14.16206360,75,1694,1694,1694,0,0,100.00000000,100.00000000,100.00000000,2.44444444,6.33333333,0.00000000,1.41057034,46.83226424,1505.15555556
mitdb,220,220,,clean_after_5min,180,6,156.25000000,1080,11.12365723,75,1694,1694,1694,0,0,100.00000000,100.00000000,100.00000000,2.77777778,5.55555556,0.00000000,46.47013879,16.47530572,1505.15555556
mitdb,220,220,,clean_after_5min,180,7,78.12500000,1260,12.97760010,75,1694,1694,1694,0,0,100.00000000,100.00000000,100.00000000,2.77777778,5.55555556,0.00000000,22.84477483,22.64304748,1505.15555556
mitdb,220,220,,clean_after_5min,180,8,39.06250000,1440,14.83154297,75,1694,1694,1694,0,0,100.00000000,100.00000000,100.00000000,2.77777778,5.55555556,0.00000000,11.28324160,28.77010737,1505.15555556
mitdb,220,220,,clean_after_5min,180,9,19.53125000,1620,16.68548584,75,1694,1694,1694,0,0,100.00000000,100.00000000,100.00000000,2.77777778,5.55555556,0.00000000,5.63132552,34.80657247,1505.15555556
mitdb,220,220,,clean_after_5min,180,10,9.76562500,1800,18.53942871,75,1694,1694,1694,0,0,100.00000000,100.00000000,100.00000000,2.77777778,5.55555556,0.00000000,2.82028534,40.81292411,1505.15555556
mitdb,220,220,,clean_after_5min,180,11,4.88281250,1980,20.39337158,75,1694,1694,1694,0,0,100.00000000,100.00000000,100.00000000,2.77777778,5.55555556,0.00000000,1.41063345,46.83050156,1505.15555556
mitdb,220,220,,clean_after_5min,250,6,156.25000000,1500,15.44952393,75,1694,1694,1694,0,0,100.00000000,100.00000000,100.00000000,1.22222222,3.00000000,0.00000000,46.46678231,16.47751841,1505.15555556
mitdb,220,220,,clean_after_5min,250,7,78.12500000,1750,18.02444458,75,1694,1694,1694,0,0,100.00000000,100.00000000,100.00000000,1.11111111,3.00000000,0.00000000,22.84015416,22.64638979,1505.15555556
mitdb,220,220,,clean_after_5min,250,8,39.06250000,2000,20.59936523,75,1694,1694,1694,0,0,100.00000000,100.00000000,100.00000000,1.11111111,2.88888889,0.00000000,11.28424686,28.77091884,1505.15555556
mitdb,220,220,,clean_after_5min,250,9,19.53125000,2250,23.17428589,75,1694,1694,1694,0,0,100.00000000,100.00000000,100.00000000,1.11111111,2.92777778,0.00000000,5.63506438,34.80239277,1505.15555556
mitdb,220,220,,clean_after_5min,250,10,9.76562500,2500,25.74920654,75,1694,1694,1694,0,0,100.00000000,100.00000000,100.00000000,1.11111111,3.00000000,0.00000000,2.81902809,40.81838233,1505.15555556
mitdb,220,220,,clean_after_5min,250,11,4.88281250,2750,28.32412720,75,1694,1694,1694,0,0,100.00000000,100.00000000,100.00000000,1.11111111,3.00000000,0.00000000,1.41160748,46.82609136,1505.15555556
mitdb,220,220,,clean_after_5min,360,6,156.25000000,2160,22.24731445,75,1694,1694,1694,0,0,100.00000000,100.00000000,100.00000000,0.00000000,2.77777778,0.00000000,46.47539172,16.46967326,1505.15555556
mitdb,220,220,,clean_after_5min,360,7,78.12500000,2520,25.95520020,75,1694,1694,1694,0,0,100.00000000,100.00000000,100.00000000,0.00000000,2.77777778,0.00000000,22.84555928,22.63809855,1505.15555556
mitdb,220,220,,clean_after_5min,360,8,39.06250000,2880,29.66308594,75,1694,1694,1694,0,0,100.00000000,100.00000000,100.00000000,0.00000000,2.77777778,0.00000000,11.27955927,28.76829183,1505.15555556
mitdb,220,220,,clean_after_5min,360,9,19.53125000,3240,33.37097168,75,1694,1694,1694,0,0,100.00000000,100.00000000,100.00000000,0.00000000,2.77777778,0.00000000,5.63573328,34.79512581,1505.15555556
mitdb,220,220,,clean_after_5min,360,10,9.76562500,3600,37.07885742,75,1694,1694,1694,0,0,100.00000000,100.00000000,100.00000000,0.00000000,2.77777778,0.00000000,2.82112780,40.80567922,1505.15555556
mitdb,220,220,,clean_after_5min,360,11,4.88281250,3960,40.78674316,75,1694,1694,1694,0,0,100.00000000,100.00000000,100.00000000,0.00000000,2.77777778,0.00000000,1.41117962,46.82248854,1505.15555556
mitdb,220,220,,clean_after_5min,100,6,156.25000000,600,6.17980957,150,1694,1694,1694,0,0,100.00000000,100.00000000,100.00000000,4.44444444,62.77777778,0.00000000,46.44684554,16.48083949,1505.15555556
mitdb,220,220,,clean_after_5min,100,7,78.12500000,700,7.20977783,150,1694,1694,1694,0,0,100.00000000,100.00000000,100.00000000,5.00000000,63.33333333,0.00000000,22.83524293,22.64785124,1505.15555556
mitdb,220,220,,clean_after_5min,100,8,39.06250000,800,8.23974609,150,1694,1694,1694,0,0,100.00000000,100.00000000,100.00000000,5.00000000,63.33333333,0.00000000,11.27124899,28.78052309,1505.15555556
mitdb,220,220,,clean_after_5min,100,9,19.53125000,900,9.26971436,150,1694,1694,1694,0,0,100.00000000,100.00000000,100.00000000,5.00000000,63.33333333,0.00000000,5.64162302,34.79188271,1505.15555556
mitdb,220,220,,clean_after_5min,100,10,9.76562500,1000,10.29968262,150,1694,1694,1694,0,0,100.00000000,100.00000000,100.00000000,5.00000000,63.33333333,0.00000000,2.81813275,40.82073502,1505.15555556
mitdb,220,220,,clean_after_5min,100,11,4.88281250,1100,11.32965088,150,1694,1694,1694,0,0,100.00000000,100.00000000,100.00000000,5.00000000,63.33333333,0.00000000,1.41085685,46.83030494,1505.15555556
mitdb,220,220,,clean_after_5min,125,6,156.25000000,750,7.72476196,150,1694,1694,1694,0,0,100.00000000,100.00000000,100.00000000,2.44444444,6.33333333,0.00000000,46.48613832,16.47368976,1505.15555556
mitdb,220,220,,clean_after_5min,125,7,78.12500000,875,9.01222229,150,1694,1694,1694,0,0,100.00000000,100.00000000,100.00000000,2.44444444,6.33333333,0.00000000,22.83314040,22.64884622,1505.15555556
mitdb,220,220,,clean_after_5min,125,8,39.06250000,1000,10.29968262,150,1694,1694,1694,0,0,100.00000000,100.00000000,100.00000000,2.44444444,6.33333333,0.00000000,11.28015156,28.77386047,1505.15555556
mitdb,220,220,,clean_after_5min,125,9,19.53125000,1125,11.58714294,150,1694,1694,1694,0,0,100.00000000,100.00000000,100.00000000,2.44444444,6.33333333,0.00000000,5.63313365,34.80515806,1505.15555556
mitdb,220,220,,clean_after_5min,125,10,9.76562500,1250,12.87460327,150,1694,1694,1694,0,0,100.00000000,100.00000000,100.00000000,2.44444444,6.33333333,0.00000000,2.81896994,40.81835027,1505.15555556
mitdb,220,220,,clean_after_5min,125,11,4.88281250,1375,14.16206360,150,1694,1694,1694,0,0,100.00000000,100.00000000,100.00000000,2.44444444,6.33333333,0.00000000,1.41057034,46.83226424,1505.15555556
mitdb,220,220,,clean_after_5min,180,6,156.25000000,1080,11.12365723,150,1694,1694,1694,0,0,100.00000000,100.00000000,100.00000000,2.77777778,5.55555556,0.00000000,46.47013879,16.47530572,1505.15555556
mitdb,220,220,,clean_after_5min,180,7,78.12500000,1260,12.97760010,150,1694,1694,1694,0,0,100.00000000,100.00000000,100.00000000,2.77777778,5.55555556,0.00000000,22.84477483,22.64304748,1505.15555556
mitdb,220,220,,clean_after_5min,180,8,39.06250000,1440,14.83154297,150,1694,1694,1694,0,0,100.00000000,100.00000000,100.00000000,2.77777778,5.55555556,0.00000000,11.28324160,28.77010737,1505.15555556
mitdb,220,220,,clean_after_5min,180,9,19.53125000,1620,16.68548584,150,1694,1694,1694,0,0,100.00000000,100.00000000,100.00000000,2.77777778,5.55555556,0.00000000,5.63132552,34.80657247,1505.15555556
mitdb,220,220,,clean_after_5min,180,10,9.76562500,1800,18.53942871,150,1694,1694,1694,0,0,100.00000000,100.00000000,100.00000000,2.77777778,5.55555556,0.00000000,2.82028534,40.81292411,1505.15555556
mitdb,220,220,,clean_after_5min,180,11,4.88281250,1980,20.39337158,150,1694,1694,1694,0,0,100.00000000,100.00000000,100.00000000,2.77777778,5.55555556,0.00000000,1.41063345,46.83050156,1505.15555556
mitdb,220,220,,clean_after_5min,250,6,156.25000000,1500,15.44952393,150,1694,1694,1694,0,0,100.00000000,100.00000000,100.00000000,1.22222222,3.00000000,0.00000000,46.46678231,16.47751841,1505.15555556
mitdb,220,220,,clean_after_5min,250,7,78.12500000,1750,18.02444458,150,1694,1694,1694,0,0,100.00000000,100.00000000,100.00000000,1.11111111,3.00000000,0.00000000,22.84015416,22.64638979,1505.15555556
mitdb,220,220,,clean_after_5min,250,8,39.06250000,2000,20.59936523,150,1694,1694,1694,0,0,100.00000000,100.00000000,100.00000000,1.11111111,2.88888889,0.00000000,11.28424686,28.77091884,1505.15555556
mitdb,220,220,,clean_after_5min,250,9,19.53125000,2250,23.17428589,150,1694,1694,1694,0,0,100.00000000,100.00000000,100.00000000,1.11111111,2.92777778,0.00000000,5.63506438,34.80239277,1505.15555556
mitdb,220,220,,clean_after_5min,250,10,9.76562500,2500,25.74920654,150,1694,1694,1694,0,0,100.00000000,100.00000000,100.00000000,1.11111111,3.00000000,0.00000000,2.81902809,40.81838233,1505.15555556
mitdb,220,220,,clean_after_5min,250,11,4.88281250,2750,28.32412720,150,1694,1694,1694,0,0,100.00000000,100.00000000,100.00000000,1.11111111,3.00000000,0.00000000,1.41160748,46.82609136,1505.15555556
mitdb,220,220,,clean_after_5min,360,6,156.25000000,2160,22.24731445,150,1694,1694,1694,0,0,100.00000000,100.00000000,100.00000000,0.00000000,2.77777778,0.00000000,46.47539172,16.46967326,1505.15555556
mitdb,220,220,,clean_after_5min,360,7,78.12500000,2520,25.95520020,150,1694,1694,1694,0,0,100.00000000,100.00000000,100.00000000,0.00000000,2.77777778,0.00000000,22.84555928,22.63809855,1505.15555556
mitdb,220,220,,clean_after_5min,360,8,39.06250000,2880,29.66308594,150,1694,1694,1694,0,0,100.00000000,100.00000000,100.00000000,0.00000000,2.77777778,0.00000000,11.27955927,28.76829183,1505.15555556
mitdb,220,220,,clean_after_5min,360,9,19.53125000,3240,33.37097168,150,1694,1694,1694,0,0,100.00000000,100.00000000,100.00000000,0.00000000,2.77777778,0.00000000,5.63573328,34.79512581,1505.15555556
mitdb,220,220,,clean_after_5min,360,10,9.76562500,3600,37.07885742,150,1694,1694,1694,0,0,100.00000000,100.00000000,100.00000000,0.00000000,2.77777778,0.00000000,2.82112780,40.80567922,1505.15555556
mitdb,220,220,,clean_after_5min,360,11,4.88281250,3960,40.78674316,150,1694,1694,1694,0,0,100.00000000,100.00000000,100.00000000,0.00000000,2.77777778,0.00000000,1.41117962,46.82248854,1505.15555556
mitdb,221,221,,clean_after_5min,100,6,156.25000000,600,6.17980957,75,2020,2021,2014,7,6,99.70297030,99.65363681,99.67829745,7.77777778,69.44444444,0.00000000,45.47627286,16.04893592,1505.15555556
mitdb,221,221,,clean_after_5min,100,7,78.12500000,700,7.20977783,75,2020,2024,2011,13,9,99.55445545,99.35770751,99.45598417,60.00000000,70.00000000,0.00000000,22.63469844,22.10913893,1505.15555556
mitdb,221,221,,clean_after_5min,100,8,39.06250000,800,8.23974609,75,2020,2021,2009,12,11,99.45544554,99.40623454,99.43083395,60.00000000,70.00000000,0.00000000,11.29862380,28.14412222,1505.15555556
mitdb,221,221,,clean_after_5min,100,9,19.53125000,900,9.26971436,75,2020,2022,2009,13,11,99.45544554,99.35707221,99.40623454,60.00000000,70.00000000,0.00000000,5.63466046,34.18727818,1505.15555556
mitdb,221,221,,clean_after_5min,100,10,9.76562500,1000,10.29968262,75,2020,2022,2009,13,11,99.45544554,99.35707221,99.40623454,60.00000000,70.00000000,0.00000000,2.81723419,40.20817417,1505.15555556
mitdb,221,221,,clean_after_5min,100,11,4.88281250,1100,11.32965088,75,2020,2022,2009,13,11,99.45544554,99.35707221,99.40623454,60.00000000,70.00000000,0.00000000,1.40890695,46.22698695,1505.15555556
mitdb,221,221,,clean_after_5min,125,6,156.25000000,750,7.72476196,75,2020,2017,2017,0,3,99.85148515,100.00000000,99.92568739,2.22222222,60.46666667,0.00000000,45.49481753,16.04493688,1505.15555556
mitdb,221,221,,clean_after_5min,125,7,78.12500000,875,9.01222229,75,2020,2018,2018,0,2,99.90099010,100.00000000,99.95047053,2.22222222,59.25555556,0.00000000,22.65203151,22.10203228,1505.15555556
mitdb,221,221,,clean_after_5min,125,8,39.06250000,1000,10.29968262,75,2020,2018,2018,0,2,99.90099010,100.00000000,99.95047053,2.22222222,59.55555556,0.00000000,11.27510734,28.16176173,1505.15555556
mitdb,221,221,,clean_after_5min,125,9,19.53125000,1125,11.58714294,75,2020,2018,2018,0,2,99.90099010,100.00000000,99.95047053,2.22222222,59.66666667,0.00000000,5.63827029,34.18125760,1505.15555556
mitdb,221,221,,clean_after_5min,125,10,9.76562500,1250,12.87460327,75,2020,2018,2018,0,2,99.90099010,100.00000000,99.95047053,2.22222222,59.79444444,0.00000000,2.81937403,40.20112151,1505.15555556
mitdb,221,221,,clean_after_5min,125,11,4.88281250,1375,14.16206360,75,2020,2018,2018,0,2,99.90099010,100.00000000,99.95047053,2.22222222,59.79444444,0.00000000,1.40932476,46.22395380,1505.15555556
mitdb,221,221,,clean_after_5min,180,6,156.25000000,1080,11.12365723,75,2020,2014,2014,0,6,99.70297030,100.00000000,99.85126425,2.77777778,2.77777778,0.00000000,45.47449373,16.04687702,1505.15555556
mitdb,221,221,,clean_after_5min,180,7,78.12500000,1260,12.97760010,75,2020,2014,2014,0,6,99.70297030,100.00000000,99.85126425,2.77777778,2.77777778,0.00000000,22.64906012,22.10123079,1505.15555556
mitdb,221,221,,clean_after_5min,180,8,39.06250000,1440,14.83154297,75,2020,2014,2014,0,6,99.70297030,100.00000000,99.85126425,2.77777778,2.77777778,0.00000000,11.29050469,28.14796737,1505.15555556
mitdb,221,221,,clean_after_5min,180,9,19.53125000,1620,16.68548584,75,2020,2014,2014,0,6,99.70297030,100.00000000,99.85126425,2.77777778,2.77777778,0.00000000,5.63530082,34.18389239,1505.15555556
mitdb,221,221,,clean_after_5min,180,10,9.76562500,1800,18.53942871,75,2020,2014,2014,0,6,99.70297030,100.00000000,99.85126425,2.77777778,2.77777778,0.00000000,2.82015451,40.19677642,1505.15555556
mitdb,221,221,,clean_after_5min,180,11,4.88281250,1980,20.39337158,75,2020,2014,2014,0,6,99.70297030,100.00000000,99.85126425,2.77777778,2.77777778,0.00000000,1.41043795,46.21515481,1505.15555556
mitdb,221,221,,clean_after_5min,250,6,156.25000000,1500,15.44952393,75,2020,2008,2008,0,12,99.40594059,100.00000000,99.70208540,1.00000000,3.00000000,0.00000000,45.48521075,16.04540011,1505.15555556
mitdb,221,221,,clean_after_5min,250,7,78.12500000,1750,18.02444458,75,2020,2010,2010,0,10,99.50495050,100.00000000,99.75186104,1.00000000,3.00000000,0.00000000,22.65008250,22.10140857,1505.15555556
mitdb,221,221,,clean_after_5min,250,8,39.06250000,2000,20.59936523,75,2020,2010,2010,0,10,99.50495050,100.00000000,99.75186104,1.00000000,3.00000000,0.00000000,11.28468884,28.15301256,1505.15555556
mitdb,221,221,,clean_after_5min,250,9,19.53125000,2250,23.17428589,75,2020,2010,2010,0,10,99.50495050,100.00000000,99.75186104,1.00000000,2.88888889,0.00000000,5.63400064,34.18646649,1505.15555556
mitdb,221,221,,clean_after_5min,250,10,9.76562500,2500,25.74920654,75,2020,2010,2010,0,10,99.50495050,100.00000000,99.75186104,1.00000000,2.88888889,0.00000000,2.82062293,40.19590368,1505.15555556
mitdb,221,221,,clean_after_5min,250,11,4.88281250,2750,28.32412720,75,2020,2010,2010,0,10,99.50495050,100.00000000,99.75186104,1.00000000,2.88888889,0.00000000,1.40991452,46.21894870,1505.15555556
mitdb,221,221,,clean_after_5min,360,6,156.25000000,2160,22.24731445,75,2020,1980,1979,1,41,97.97029703,99.94949495,98.95000000,0.00000000,38.88888889,0.00000000,45.46489844,16.04482316,1505.15555556
mitdb,221,221,,clean_after_5min,360,7,78.12500000,2520,25.95520020,75,2020,1992,1991,1,29,98.56435644,99.94979920,99.25224327,0.00000000,38.88888889,0.00000000,22.64962252,22.09712830,1505.15555556
mitdb,221,221,,clean_after_5min,360,8,39.06250000,2880,29.66308594,75,2020,1992,1991,1,29,98.56435644,99.94979920,99.25224327,0.00000000,38.88888889,0.00000000,11.29067072,28.14395283,1505.15555556
mitdb,221,221,,clean_after_5min,360,9,19.53125000,3240,33.37097168,75,2020,1994,1993,1,27,98.66336634,99.94984955,99.30244145,0.00000000,38.88888889,0.00000000,5.63625009,34.17854255,1505.15555556
mitdb,221,221,,clean_after_5min,360,10,9.76562500,3600,37.07885742,75,2020,1997,1996,1,24,98.81188119,99.94992489,99.37764501,0.00000000,38.88888889,0.00000000,2.82011367,40.19301540,1505.15555556
mitdb,221,221,,clean_after_5min,360,11,4.88281250,3960,40.78674316,75,2020,1996,1995,1,25,98.76237624,99.94989980,99.35258964,0.00000000,38.88888889,0.00000000,1.41015670,46.21300016,1505.15555556
mitdb,221,221,,clean_after_5min,100,6,156.25000000,600,6.17980957,150,2020,2021,2019,2,1,99.95049505,99.90103909,99.92576095,8.88888889,69.44444444,0.00000000,45.47627286,16.04893592,1505.15555556
mitdb,221,221,,clean_after_5min,100,7,78.12500000,700,7.20977783,150,2020,2024,2020,4,0,100.00000000,99.80237154,99.90108803,60.00000000,70.02777778,0.00000000,22.63469844,22.10913893,1505.15555556
mitdb,221,221,,clean_after_5min,100,8,39.06250000,800,8.23974609,150,2020,2021,2020,1,0,100.00000000,99.95051954,99.97525365,60.00000000,70.55555556,0.00000000,11.29862380,28.14412222,1505.15555556
mitdb,221,221,,clean_after_5min,100,9,19.53125000,900,9.26971436,150,2020,2022,2020,2,0,100.00000000,99.90108803,99.95051954,60.00000000,70.55555556,0.00000000,5.63466046,34.18727818,1505.15555556
mitdb,221,221,,clean_after_5min,100,10,9.76562500,1000,10.29968262,150,2020,2022,2020,2,0,100.00000000,99.90108803,99.95051954,60.00000000,70.55555556,0.00000000,2.81723419,40.20817417,1505.15555556
mitdb,221,221,,clean_after_5min,100,11,4.88281250,1100,11.32965088,150,2020,2022,2020,2,0,100.00000000,99.90108803,99.95051954,60.00000000,70.55555556,0.00000000,1.40890695,46.22698695,1505.15555556
mitdb,221,221,,clean_after_5min,125,6,156.25000000,750,7.72476196,150,2020,2017,2017,0,3,99.85148515,100.00000000,99.92568739,2.22222222,60.46666667,0.00000000,45.49481753,16.04493688,1505.15555556
mitdb,221,221,,clean_after_5min,125,7,78.12500000,875,9.01222229,150,2020,2018,2018,0,2,99.90099010,100.00000000,99.95047053,2.22222222,59.25555556,0.00000000,22.65203151,22.10203228,1505.15555556
mitdb,221,221,,clean_after_5min,125,8,39.06250000,1000,10.29968262,150,2020,2018,2018,0,2,99.90099010,100.00000000,99.95047053,2.22222222,59.55555556,0.00000000,11.27510734,28.16176173,1505.15555556
mitdb,221,221,,clean_after_5min,125,9,19.53125000,1125,11.58714294,150,2020,2018,2018,0,2,99.90099010,100.00000000,99.95047053,2.22222222,59.66666667,0.00000000,5.63827029,34.18125760,1505.15555556
mitdb,221,221,,clean_after_5min,125,10,9.76562500,1250,12.87460327,150,2020,2018,2018,0,2,99.90099010,100.00000000,99.95047053,2.22222222,59.79444444,0.00000000,2.81937403,40.20112151,1505.15555556
mitdb,221,221,,clean_after_5min,125,11,4.88281250,1375,14.16206360,150,2020,2018,2018,0,2,99.90099010,100.00000000,99.95047053,2.22222222,59.79444444,0.00000000,1.40932476,46.22395380,1505.15555556
mitdb,221,221,,clean_after_5min,180,6,156.25000000,1080,11.12365723,150,2020,2014,2014,0,6,99.70297030,100.00000000,99.85126425,2.77777778,2.77777778,0.00000000,45.47449373,16.04687702,1505.15555556
mitdb,221,221,,clean_after_5min,180,7,78.12500000,1260,12.97760010,150,2020,2014,2014,0,6,99.70297030,100.00000000,99.85126425,2.77777778,2.77777778,0.00000000,22.64906012,22.10123079,1505.15555556
mitdb,221,221,,clean_after_5min,180,8,39.06250000,1440,14.83154297,150,2020,2014,2014,0,6,99.70297030,100.00000000,99.85126425,2.77777778,2.77777778,0.00000000,11.29050469,28.14796737,1505.15555556
mitdb,221,221,,clean_after_5min,180,9,19.53125000,1620,16.68548584,150,2020,2014,2014,0,6,99.70297030,100.00000000,99.85126425,2.77777778,2.77777778,0.00000000,5.63530082,34.18389239,1505.15555556
mitdb,221,221,,clean_after_5min,180,10,9.76562500,1800,18.53942871,150,2020,2014,2014,0,6,99.70297030,100.00000000,99.85126425,2.77777778,2.77777778,0.00000000,2.82015451,40.19677642,1505.15555556
mitdb,221,221,,clean_after_5min,180,11,4.88281250,1980,20.39337158,150,2020,2014,2014,0,6,99.70297030,100.00000000,99.85126425,2.77777778,2.77777778,0.00000000,1.41043795,46.21515481,1505.15555556
mitdb,221,221,,clean_after_5min,250,6,156.25000000,1500,15.44952393,150,2020,2008,2008,0,12,99.40594059,100.00000000,99.70208540,1.00000000,3.00000000,0.00000000,45.48521075,16.04540011,1505.15555556
mitdb,221,221,,clean_after_5min,250,7,78.12500000,1750,18.02444458,150,2020,2010,2010,0,10,99.50495050,100.00000000,99.75186104,1.00000000,3.00000000,0.00000000,22.65008250,22.10140857,1505.15555556
mitdb,221,221,,clean_after_5min,250,8,39.06250000,2000,20.59936523,150,2020,2010,2010,0,10,99.50495050,100.00000000,99.75186104,1.00000000,3.00000000,0.00000000,11.28468884,28.15301256,1505.15555556
mitdb,221,221,,clean_after_5min,250,9,19.53125000,2250,23.17428589,150,2020,2010,2010,0,10,99.50495050,100.00000000,99.75186104,1.00000000,2.88888889,0.00000000,5.63400064,34.18646649,1505.15555556
mitdb,221,221,,clean_after_5min,250,10,9.76562500,2500,25.74920654,150,2020,2010,2010,0,10,99.50495050,100.00000000,99.75186104,1.00000000,2.88888889,0.00000000,2.82062293,40.19590368,1505.15555556
mitdb,221,221,,clean_after_5min,250,11,4.88281250,2750,28.32412720,150,2020,2010,2010,0,10,99.50495050,100.00000000,99.75186104,1.00000000,2.88888889,0.00000000,1.40991452,46.21894870,1505.15555556
mitdb,221,221,,clean_after_5min,360,6,156.25000000,2160,22.24731445,150,2020,1980,1980,0,40,98.01980198,100.00000000,99.00000000,0.00000000,38.88888889,0.00000000,45.46489844,16.04482316,1505.15555556
mitdb,221,221,,clean_after_5min,360,7,78.12500000,2520,25.95520020,150,2020,1992,1992,0,28,98.61386139,100.00000000,99.30209372,0.00000000,38.88888889,0.00000000,22.64962252,22.09712830,1505.15555556
mitdb,221,221,,clean_after_5min,360,8,39.06250000,2880,29.66308594,150,2020,1992,1992,0,28,98.61386139,100.00000000,99.30209372,0.00000000,38.88888889,0.00000000,11.29067072,28.14395283,1505.15555556
mitdb,221,221,,clean_after_5min,360,9,19.53125000,3240,33.37097168,150,2020,1994,1994,0,26,98.71287129,100.00000000,99.35226707,0.00000000,38.88888889,0.00000000,5.63625009,34.17854255,1505.15555556
mitdb,221,221,,clean_after_5min,360,10,9.76562500,3600,37.07885742,150,2020,1997,1997,0,23,98.86138614,100.00000000,99.42743341,0.00000000,38.88888889,0.00000000,2.82011367,40.19301540,1505.15555556
mitdb,221,221,,clean_after_5min,360,11,4.88281250,3960,40.78674316,150,2020,1996,1996,0,24,98.81188119,100.00000000,99.40239044,0.00000000,38.88888889,0.00000000,1.41015670,46.21300016,1505.15555556
mitdb,222,222,,clean_after_5min,100,6,156.25000000,600,6.17980957,75,2116,2490,1495,995,621,70.65217391,60.04016064,64.91532783,6.11111111,64.44444444,0.00000000,43.42539227,9.78230554,1505.15555556
mitdb,222,222,,clean_after_5min,100,7,78.12500000,700,7.20977783,75,2116,2300,1531,769,585,72.35349716,66.56521739,69.33876812,6.11111111,64.44444444,0.00000000,22.50721867,15.49074394,1505.15555556
mitdb,222,222,,clean_after_5min,100,8,39.06250000,800,8.23974609,75,2116,2327,1542,785,574,72.87334594,66.26557800,69.41255908,5.55555556,63.86111111,0.00000000,11.27637563,21.49378986,1505.15555556
mitdb,222,222,,clean_after_5min,100,9,19.53125000,900,9.26971436,75,2116,2361,1540,821,576,72.77882798,65.22659890,68.79606880,6.11111111,63.88888889,0.00000000,5.63900554,27.51313012,1505.15555556
mitdb,222,222,,clean_after_5min,100,10,9.76562500,1000,10.29968262,75,2116,2369,1540,829,576,72.77882798,65.00633179,68.67335563,5.55555556,63.88888889,0.00000000,2.82389613,33.52020619,1505.15555556
mitdb,222,222,,clean_after_5min,100,11,4.88281250,1100,11.32965088,75,2116,2335,1547,788,569,73.10964083,66.25267666,69.51246911,6.11111111,63.88888889,0.00000000,1.40865554,39.56108442,1505.15555556
mitdb,222,222,,clean_after_5min,125,6,156.25000000,750,7.72476196,75,2116,2213,1651,562,465,78.02457467,74.60460913,76.27627628,2.77777778,53.00000000,0.00000000,43.44513430,9.77881198,1505.15555556
mitdb,222,222,,clean_after_5min,125,7,78.12500000,875,9.01222229,75,2116,2146,1683,463,433,79.53686200,78.42497670,78.97700610,2.66666667,53.55555556,0.00000000,22.51197289,15.48936372,1505.15555556
mitdb,222,222,,clean_after_5min,125,8,39.06250000,1000,10.29968262,75,2116,2133,1692,441,424,79.96219282,79.32489451,79.64226877,2.55555556,53.11111111,0.00000000,11.27284602,21.49696337,1505.15555556
mitdb,222,222,,clean_after_5min,125,9,19.53125000,1125,11.58714294,75,2116,2140,1684,456,432,79.58412098,78.69158879,79.13533835,2.66666667,53.22222222,0.00000000,5.64560849,27.50341971,1505.15555556
mitdb,222,222,,clean_after_5min,125,10,9.76562500,1250,12.87460327,75,2116,2129,1681,448,435,79.44234405,78.95725693,79.19905771,2.55555556,53.33333333,0.00000000,2.81629083,33.54408484,1505.15555556
mitdb,222,222,,clean_after_5min,125,11,4.88281250,1375,14.16206360,75,2116,2124,1686,438,430,79.67863894,79.37853107,79.52830189,2.55555556,53.33333333,0.00000000,1.40911263,39.55872074,1505.15555556
mitdb,222,222,,clean_after_5min,180,6,156.25000000,1080,11.12365723,75,2116,2109,1992,117,124,94.13988658,94.45234708,94.29585799,2.77777778,5.55555556,0.00000000,43.43346837,9.77966971,1505.15555556
mitdb,222,222,,clean_after_5min,180,7,78.12500000,1260,12.97760010,75,2116,2089,2044,45,72,96.59735350,97.84585926,97.21759810,2.77777778,2.77777778,0.00000000,22.51989463,15.48483285,1505.15555556
mitdb,222,222,,clean_after_5min,180,8,39.06250000,1440,14.83154297,75,2116,2092,2045,47,71,96.64461248,97.75334608,97.19581749,0.00000000,2.77777778,0.00000000,11.26298959,21.50308628,1505.15555556
mitdb,222,222,,clean_after_5min,180,9,19.53125000,1620,16.68548584,75,2116,2099,2038,61,78,96.31379962,97.09385422,96.70225386,0.00000000,2.77777778,0.00000000,5.64675476,27.50018140,1505.15555556
mitdb,222,222,,clean_after_5min,180,10,9.76562500,1800,18.53942871,75,2116,2096,2042,54,74,96.50283554,97.42366412,96.96106363,0.00000000,2.77777778,0.00000000,2.82258178,33.52322925,1505.15555556
mitdb,222,222,,clean_after_5min,180,11,4.88281250,1980,20.39337158,75,2116,2095,2044,51,72,96.59735350,97.56563246,97.07907860,0.00000000,2.77777778,0.00000000,1.40801944,39.56398689,1505.15555556
mitdb,222,222,,clean_after_5min,250,6,156.25000000,1500,15.44952393,75,2116,2111,2088,23,28,98.67674858,98.91046897,98.79347055,1.11111111,3.22222222,0.00000000,43.43279967,9.78044956,1505.15555556
mitdb,222,222,,clean_after_5min,250,7,78.12500000,1750,18.02444458,75,2116,2107,2105,2,11,99.48015123,99.90507831,99.69216197,1.11111111,3.00000000,0.00000000,22.51430906,15.48763358,1505.15555556
mitdb,222,222,,clean_after_5min,250,8,39.06250000,2000,20.59936523,75,2116,2105,2102,3,14,99.33837429,99.85748219,99.59725184,1.11111111,2.88888889,0.00000000,11.26839668,21.49956351,1505.15555556
mitdb,222,222,,clean_after_5min,250,9,19.53125000,2250,23.17428589,75,2116,2106,2103,3,13,99.38563327,99.85754986,99.62103269,1.11111111,2.88888889,0.00000000,5.64397577,27.50510324,1505.15555556
mitdb,222,222,,clean_after_5min,250,10,9.76562500,2500,25.74920654,75,2116,2105,2103,2,13,99.38563327,99.90498812,99.64463397,1.11111111,2.88888889,0.00000000,2.81934989,33.53382653,1505.15555556
mitdb,222,222,,clean_after_5min,250,11,4.88281250,2750,28.32412720,75,2116,2108,2106,2,10,99.52741021,99.90512334,99.71590909,1.11111111,2.88888889,0.00000000,1.40901561,39.55848994,1505.15555556
mitdb,222,222,,clean_after_5min,360,6,156.25000000,2160,22.24731445,75,2116,2121,2113,8,3,99.85822306,99.62281942,99.74038235,0.00000000,2.77777778,0.00000000,43.43550396,9.77530311,1505.15555556
mitdb,222,222,,clean_after_5min,360,7,78.12500000,2520,25.95520020,75,2116,2114,2113,1,3,99.85822306,99.95269631,99.90543735,0.00000000,2.77777778,0.00000000,22.51783684,15.48166705,1505.15555556
mitdb,222,222,,clean_after_5min,360,8,39.06250000,2880,29.66308594,75,2116,2115,2114,1,2,99.90548204,99.95271868,99.92909478,0.00000000,2.77777778,0.00000000,11.26639290,21.49650256,1505.15555556
mitdb,222,222,,clean_after_5min,360,9,19.53125000,3240,33.37097168,75,2116,2115,2114,1,2,99.90548204,99.95271868,99.92909478,0.00000000,2.77777778,0.00000000,5.64287498,27.50219185,1505.15555556
mitdb,222,222,,clean_after_5min,360,10,9.76562500,3600,37.07885742,75,2116,2115,2114,1,2,99.90548204,99.95271868,99.92909478,0.00000000,2.77777778,0.00000000,2.82097826,33.52420562,1505.15555556
mitdb,222,222,,clean_after_5min,360,11,4.88281250,3960,40.78674316,75,2116,2115,2114,1,2,99.90548204,99.95271868,99.92909478,0.00000000,2.77777778,0.00000000,1.40885595,39.55486860,1505.15555556
mitdb,222,222,,clean_after_5min,100,6,156.25000000,600,6.17980957,150,2116,2490,1994,496,122,94.23440454,80.08032129,86.58271819,51.66666667,130.00000000,0.00000000,43.42539227,9.78230554,1505.15555556
mitdb,222,222,,clean_after_5min,100,7,78.12500000,700,7.20977783,150,2116,2300,2010,290,106,94.99054820,87.39130435,91.03260870,53.33333333,129.44444444,0.00000000,22.50721867,15.49074394,1505.15555556
mitdb,222,222,,clean_after_5min,100,8,39.06250000,800,8.23974609,150,2116,2327,2034,293,82,96.12476371,87.40868070,91.55975692,52.22222222,128.88888889,0.00000000,11.27637563,21.49378986,1505.15555556
mitdb,222,222,,clean_after_5min,100,9,19.53125000,900,9.26971436,150,2116,2361,2034,327,82,96.12476371,86.14993647,90.86441814,52.77777778,129.08333333,0.00000000,5.63900554,27.51313012,1505.15555556
mitdb,222,222,,clean_after_5min,100,10,9.76562500,1000,10.29968262,150,2116,2369,2036,333,80,96.21928166,85.94343605,90.79152731,52.77777778,129.44444444,0.00000000,2.82389613,33.52020619,1505.15555556
mitdb,222,222,,clean_after_5min,100,11,4.88281250,1100,11.32965088,150,2116,2335,2035,300,81,96.17202268,87.15203426,91.44012581,52.77777778,128.88888889,0.00000000,1.40865554,39.56108442,1505.15555556
mitdb,222,222,,clean_after_5min,125,6,156.25000000,750,7.72476196,150,2116,2213,2033,180,83,96.07750473,91.86624492,93.92469392,3.55555556,127.22222222,0.00000000,43.44513430,9.77881198,1505.15555556
mitdb,222,222,,clean_after_5min,125,7,78.12500000,875,9.01222229,150,2116,2146,2059,87,57,97.30623819,95.94594595,96.62130455,3.44444444,126.45555556,0.00000000,22.51197289,15.48936372,1505.15555556
mitdb,222,222,,clean_after_5min,125,8,39.06250000,1000,10.29968262,150,2116,2133,2064,69,52,97.54253308,96.76511955,97.15227112,3.33333333,125.88888889,0.00000000,11.27284602,21.49696337,1505.15555556
mitdb,222,222,,clean_after_5min,125,9,19.53125000,1125,11.58714294,150,2116,2140,2059,81,57,97.30623819,96.21495327,96.75751880,3.33333333,126.12222222,0.00000000,5.64560849,27.50341971,1505.15555556
mitdb,222,222,,clean_after_5min,125,10,9.76562500,1250,12.87460327,150,2116,2129,2059,70,57,97.30623819,96.71207140,97.00824499,3.33333333,126.22222222,0.00000000,2.81629083,33.54408484,1505.15555556
mitdb,222,222,,clean_after_5min,125,11,4.88281250,1375,14.16206360,150,2116,2124,2058,66,58,97.25897921,96.89265537,97.07547170,3.33333333,125.88888889,0.00000000,1.40911263,39.55872074,1505.15555556
mitdb,222,222,,clean_after_5min,180,6,156.25000000,1080,11.12365723,150,2116,2109,2063,46,53,97.49527410,97.81887150,97.65680473,2.77777778,5.55555556,0.00000000,43.43346837,9.77966971,1505.15555556
mitdb,222,222,,clean_after_5min,180,7,78.12500000,1260,12.97760010,150,2116,2089,2083,6,33,98.44045369,99.71278124,99.07253270,2.77777778,5.55555556,0.00000000,22.51989463,15.48483285,1505.15555556
mitdb,222,222,,clean_after_5min,180,8,39.06250000,1440,14.83154297,150,2116,2092,2085,7,31,98.53497164,99.66539197,99.09695817,2.77777778,2.77777778,0.00000000,11.26298959,21.50308628,1505.15555556
mitdb,222,222,,clean_after_5min,180,9,19.53125000,1620,16.68548584,150,2116,2099,2087,12,29,98.62948960,99.42829919,99.02728351,2.77777778,2.77777778,0.00000000,5.64675476,27.50018140,1505.15555556
mitdb,222,222,,clean_after_5min,180,10,9.76562500,1800,18.53942871,150,2116,2096,2086,10,30,98.58223062,99.52290076,99.05033238,2.77777778,2.77777778,0.00000000,2.82258178,33.52322925,1505.15555556
mitdb,222,222,,clean_after_5min,180,11,4.88281250,1980,20.39337158,150,2116,2095,2086,9,30,98.58223062,99.57040573,99.07385419,2.77777778,2.77777778,0.00000000,1.40801944,39.56398689,1505.15555556
mitdb,222,222,,clean_after_5min,250,6,156.25000000,1500,15.44952393,150,2116,2111,2096,15,20,99.05482042,99.28943629,99.17198959,1.11111111,3.22222222,0.00000000,43.43279967,9.78044956,1505.15555556
mitdb,222,222,,clean_after_5min,250,7,78.12500000,1750,18.02444458,150,2116,2107,2106,1,10,99.52741021,99.95253916,99.73952167,1.11111111,3.00000000,0.00000000,22.51430906,15.48763358,1505.15555556
mitdb,222,222,,clean_after_5min,250,8,39.06250000,2000,20.59936523,150,2116,2105,2103,2,13,99.38563327,99.90498812,99.64463397,1.11111111,2.88888889,0.00000000,11.26839668,21.49956351,1505.15555556
mitdb,222,222,,clean_after_5min,250,9,19.53125000,2250,23.17428589,150,2116,2106,2104,2,12,99.43289225,99.90503324,99.66840360,1.11111111,2.88888889,0.00000000,5.64397577,27.50510324,1505.15555556
mitdb,222,222,,clean_after_5min,250,10,9.76562500,2500,25.74920654,150,2116,2105,2104,1,12,99.43289225,99.95249406,99.69201611,1.11111111,2.88888889,0.00000000,2.81934989,33.53382653,1505.15555556
mitdb,222,222,,clean_after_5min,250,11,4.88281250,2750,28.32412720,150,2116,2108,2107,1,9,99.57466919,99.95256167,99.76325758,1.11111111,2.88888889,0.00000000,1.40901561,39.55848994,1505.15555556
mitdb,222,222,,clean_after_5min,360,6,156.25000000,2160,22.24731445,150,2116,2121,2115,6,1,99.95274102,99.71711457,99.83478877,0.00000000,2.77777778,0.00000000,43.43550396,9.77530311,1505.15555556
mitdb,222,222,,clean_after_5min,360,7,78.12500000,2520,25.95520020,150,2116,2114,2113,1,3,99.85822306,99.95269631,99.90543735,0.00000000,2.77777778,0.00000000,22.51783684,15.48166705,1505.15555556
mitdb,222,222,,clean_after_5min,360,8,39.06250000,2880,29.66308594,150,2116,2115,2114,1,2,99.90548204,99.95271868,99.92909478,0.00000000,2.77777778,0.00000000,11.26639290,21.49650256,1505.15555556
mitdb,222,222,,clean_after_5min,360,9,19.53125000,3240,33.37097168,150,2116,2115,2114,1,2,99.90548204,99.95271868,99.92909478,0.00000000,2.77777778,0.00000000,5.64287498,27.50219185,1505.15555556
mitdb,222,222,,clean_after_5min,360,10,9.76562500,3600,37.07885742,150,2116,2115,2114,1,2,99.90548204,99.95271868,99.92909478,0.00000000,2.77777778,0.00000000,2.82097826,33.52420562,1505.15555556
mitdb,222,222,,clean_after_5min,360,11,4.88281250,3960,40.78674316,150,2116,2115,2114,1,2,99.90548204,99.95271868,99.92909478,0.00000000,2.77777778,0.00000000,1.40885595,39.55486860,1505.15555556
mitdb,223,223,,clean_after_5min,100,6,156.25000000,600,6.17980957,75,2199,2196,2190,6,9,99.59072306,99.72677596,99.65870307,62.77777778,69.44444444,0.00000000,44.43024301,18.86373695,1505.15555556
mitdb,223,223,,clean_after_5min,100,7,78.12500000,700,7.20977783,75,2199,2196,2188,8,11,99.49977262,99.63570128,99.56769056,63.88888889,70.00000000,0.00000000,22.53221738,24.76123207,1505.15555556
mitdb,223,223,,clean_after_5min,100,8,39.06250000,800,8.23974609,75,2199,2197,2191,6,8,99.63619827,99.72690032,99.68152866,63.88888889,70.00000000,0.00000000,11.25887203,30.78741306,1505.15555556
mitdb,223,223,,clean_after_5min,100,9,19.53125000,900,9.26971436,75,2199,2197,2189,8,10,99.54524784,99.63586709,99.59053685,63.33333333,70.00000000,0.00000000,5.62669540,36.81224261,1505.15555556
mitdb,223,223,,clean_after_5min,100,10,9.76562500,1000,10.29968262,75,2199,2197,2190,7,9,99.59072306,99.68138371,99.63603276,63.33333333,70.00000000,0.00000000,2.82261596,42.80427487,1505.15555556
mitdb,223,223,,clean_after_5min,100,11,4.88281250,1100,11.32965088,75,2199,2197,2190,7,9,99.59072306,99.68138371,99.63603276,63.33333333,70.00000000,0.00000000,1.41174145,48.82220743,1505.15555556
mitdb,223,223,,clean_after_5min,125,6,156.25000000,750,7.72476196,75,2199,2195,2194,1,5,99.77262392,99.95444191,99.86345016,2.66666667,7.22222222,0.00000000,44.45101647,18.85965341,1505.15555556
mitdb,223,223,,clean_after_5min,125,7,78.12500000,875,9.01222229,75,2199,2195,2195,0,4,99.81809914,100.00000000,99.90896677,2.66666667,7.22222222,0.00000000,22.54570057,24.75601264,1505.15555556
mitdb,223,223,,clean_after_5min,125,8,39.06250000,1000,10.29968262,75,2199,2194,2194,0,5,99.77262392,100.00000000,99.88618256,2.66666667,7.11111111,0.00000000,11.25983182,30.78664926,1505.15555556
mitdb,223,223,,clean_after_5min,125,9,19.53125000,1125,11.58714294,75,2199,2195,2195,0,4,99.81809914,100.00000000,99.90896677,2.66666667,7.22222222,0.00000000,5.62849420,36.80944287,1505.15555556
mitdb,223,223,,clean_after_5min,125,10,9.76562500,1250,12.87460327,75,2199,2195,2195,0,4,99.81809914,100.00000000,99.90896677,2.66666667,7.22222222,0.00000000,2.82052758,42.81068033,1505.15555556
mitdb,223,223,,clean_after_5min,125,11,4.88281250,1375,14.16206360,75,2199,2196,2196,0,3,99.86357435,100.00000000,99.93174061,2.66666667,7.22222222,0.00000000,1.41002586,48.83274581,1505.15555556
mitdb,223,223,,clean_after_5min,180,6,156.25000000,1080,11.12365723,75,2199,2192,2192,0,7,99.68167349,100.00000000,99.84058301,2.77777778,5.55555556,0.00000000,44.43229202,18.86169000,1505.15555556
mitdb,223,223,,clean_after_5min,180,7,78.12500000,1260,12.97760010,75,2199,2192,2192,0,7,99.68167349,100.00000000,99.84058301,2.77777778,5.55555556,0.00000000,22.54830589,24.75338598,1505.15555556
mitdb,223,223,,clean_after_5min,180,8,39.06250000,1440,14.83154297,75,2199,2192,2192,0,7,99.68167349,100.00000000,99.84058301,2.77777778,5.55555556,0.00000000,11.26849568,30.77834549,1505.15555556
mitdb,223,223,,clean_after_5min,180,9,19.53125000,1620,16.68548584,75,2199,2192,2192,0,7,99.68167349,100.00000000,99.84058301,2.77777778,5.55555556,0.00000000,5.62848993,36.80782647,1505.15555556
mitdb,223,223,,clean_after_5min,180,10,9.76562500,1800,18.53942871,75,2199,2192,2192,0,7,99.68167349,100.00000000,99.84058301,2.77777778,5.55555556,0.00000000,2.81947482,42.81229995,1505.15555556
mitdb,223,223,,clean_after_5min,180,11,4.88281250,1980,20.39337158,75,2199,2192,2192,0,7,99.68167349,100.00000000,99.84058301,2.77777778,5.55555556,0.00000000,1.40979982,48.83251532,1505.15555556
mitdb,223,223,,clean_after_5min,250,6,156.25000000,1500,15.44952393,75,2199,2193,2193,0,6,99.72714870,100.00000000,99.86338798,1.11111111,3.11111111,0.00000000,44.41387263,18.86593165,1505.15555556
mitdb,223,223,,clean_after_5min,250,7,78.12500000,1750,18.02444458,75,2199,2192,2192,0,7,99.68167349,100.00000000,99.84058301,1.11111111,3.11111111,0.00000000,22.54423274,24.75559532,1505.15555556
mitdb,223,223,,clean_after_5min,250,8,39.06250000,2000,20.59936523,75,2199,2192,2192,0,7,99.68167349,100.00000000,99.84058301,1.11111111,3.11111111,0.00000000,11.26932870,30.77834358,1505.15555556
mitdb,223,223,,clean_after_5min,250,9,19.53125000,2250,23.17428589,75,2199,2193,2193,0,6,99.72714870,100.00000000,99.86338798,1.11111111,3.11111111,0.00000000,5.62848908,36.80846795,1505.15555556
mitdb,223,223,,clean_after_5min,250,10,9.76562500,2500,25.74920654,75,2199,2193,2193,0,6,99.72714870,100.00000000,99.86338798,1.11111111,3.11111111,0.00000000,2.82278386,42.80275200,1505.15555556
mitdb,223,223,,clean_after_5min,250,11,4.88281250,2750,28.32412720,75,2199,2192,2192,0,7,99.68167349,100.00000000,99.84058301,1.11111111,3.11111111,0.00000000,1.40942607,48.83545852,1505.15555556
mitdb,223,223,,clean_after_5min,360,6,156.25000000,2160,22.24731445,75,2199,2196,2196,0,3,99.86357435,100.00000000,99.93174061,0.00000000,2.77777778,0.00000000,44.41714205,18.86036481,1505.15555556
mitdb,223,223,,clean_after_5min,360,7,78.12500000,2520,25.95520020,75,2199,2196,2196,0,3,99.86357435,100.00000000,99.93174061,0.00000000,2.77777778,0.00000000,22.54754495,24.74939180,1505.15555556
mitdb,223,223,,clean_after_5min,360,8,39.06250000,2880,29.66308594,75,2199,2196,2196,0,3,99.86357435,100.00000000,99.93174061,0.00000000,2.77777778,0.00000000,11.26525593,30.77655578,1505.15555556
mitdb,223,223,,clean_after_5min,360,9,19.53125000,3240,33.37097168,75,2199,2196,2196,0,3,99.86357435,100.00000000,99.93174061,0.00000000,2.77777778,0.00000000,5.63483263,36.79375661,1505.15555556
mitdb,223,223,,clean_after_5min,360,10,9.76562500,3600,37.07885742,75,2199,2196,2196,0,3,99.86357435,100.00000000,99.93174061,0.00000000,2.77777778,0.00000000,2.82033168,42.80537333,1505.15555556
mitdb,223,223,,clean_after_5min,360,11,4.88281250,3960,40.78674316,75,2199,2196,2196,0,3,99.86357435,100.00000000,99.93174061,0.00000000,2.77777778,0.00000000,1.40992377,48.82746440,1505.15555556
mitdb,223,223,,clean_after_5min,100,6,156.25000000,600,6.17980957,150,2199,2196,2196,0,3,99.86357435,100.00000000,99.93174061,62.77777778,69.44444444,0.00000000,44.43024301,18.86373695,1505.15555556
mitdb,223,223,,clean_after_5min,100,7,78.12500000,700,7.20977783,150,2199,2196,2196,0,3,99.86357435,100.00000000,99.93174061,63.88888889,70.00000000,0.00000000,22.53221738,24.76123207,1505.15555556
mitdb,223,223,,clean_after_5min,100,8,39.06250000,800,8.23974609,150,2199,2197,2197,0,2,99.90904957,100.00000000,99.95450409,63.88888889,70.00000000,0.00000000,11.25887203,30.78741306,1505.15555556
mitdb,223,223,,clean_after_5min,100,9,19.53125000,900,9.26971436,150,2199,2197,2196,1,3,99.86357435,99.95448339,99.90900819,63.33333333,70.00000000,0.00000000,5.62669540,36.81224261,1505.15555556
mitdb,223,223,,clean_after_5min,100,10,9.76562500,1000,10.29968262,150,2199,2197,2197,0,2,99.90904957,100.00000000,99.95450409,63.33333333,70.00000000,0.00000000,2.82261596,42.80427487,1505.15555556
mitdb,223,223,,clean_after_5min,100,11,4.88281250,1100,11.32965088,150,2199,2197,2197,0,2,99.90904957,100.00000000,99.95450409,63.33333333,70.00000000,0.00000000,1.41174145,48.82220743,1505.15555556
mitdb,223,223,,clean_after_5min,125,6,156.25000000,750,7.72476196,150,2199,2195,2195,0,4,99.81809914,100.00000000,99.90896677,2.66666667,7.22222222,0.00000000,44.45101647,18.85965341,1505.15555556
mitdb,223,223,,clean_after_5min,125,7,78.12500000,875,9.01222229,150,2199,2195,2195,0,4,99.81809914,100.00000000,99.90896677,2.66666667,7.22222222,0.00000000,22.54570057,24.75601264,1505.15555556
mitdb,223,223,,clean_after_5min,125,8,39.06250000,1000,10.29968262,150,2199,2194,2194,0,5,99.77262392,100.00000000,99.88618256,2.66666667,7.11111111,0.00000000,11.25983182,30.78664926,1505.15555556
mitdb,223,223,,clean_after_5min,125,9,19.53125000,1125,11.58714294,150,2199,2195,2195,0,4,99.81809914,100.00000000,99.90896677,2.66666667,7.22222222,0.00000000,5.62849420,36.80944287,1505.15555556
mitdb,223,223,,clean_after_5min,125,10,9.76562500,1250,12.87460327,150,2199,2195,2195,0,4,99.81809914,100.00000000,99.90896677,2.66666667,7.22222222,0.00000000,2.82052758,42.81068033,1505.15555556
mitdb,223,223,,clean_after_5min,125,11,4.88281250,1375,14.16206360,150,2199,2196,2196,0,3,99.86357435,100.00000000,99.93174061,2.66666667,7.22222222,0.00000000,1.41002586,48.83274581,1505.15555556
mitdb,223,223,,clean_after_5min,180,6,156.25000000,1080,11.12365723,150,2199,2192,2192,0,7,99.68167349,100.00000000,99.84058301,2.77777778,5.55555556,0.00000000,44.43229202,18.86169000,1505.15555556
mitdb,223,223,,clean_after_5min,180,7,78.12500000,1260,12.97760010,150,2199,2192,2192,0,7,99.68167349,100.00000000,99.84058301,2.77777778,5.55555556,0.00000000,22.54830589,24.75338598,1505.15555556
mitdb,223,223,,clean_after_5min,180,8,39.06250000,1440,14.83154297,150,2199,2192,2192,0,7,99.68167349,100.00000000,99.84058301,2.77777778,5.55555556,0.00000000,11.26849568,30.77834549,1505.15555556
mitdb,223,223,,clean_after_5min,180,9,19.53125000,1620,16.68548584,150,2199,2192,2192,0,7,99.68167349,100.00000000,99.84058301,2.77777778,5.55555556,0.00000000,5.62848993,36.80782647,1505.15555556
mitdb,223,223,,clean_after_5min,180,10,9.76562500,1800,18.53942871,150,2199,2192,2192,0,7,99.68167349,100.00000000,99.84058301,2.77777778,5.55555556,0.00000000,2.81947482,42.81229995,1505.15555556
mitdb,223,223,,clean_after_5min,180,11,4.88281250,1980,20.39337158,150,2199,2192,2192,0,7,99.68167349,100.00000000,99.84058301,2.77777778,5.55555556,0.00000000,1.40979982,48.83251532,1505.15555556
mitdb,223,223,,clean_after_5min,250,6,156.25000000,1500,15.44952393,150,2199,2193,2193,0,6,99.72714870,100.00000000,99.86338798,1.11111111,3.11111111,0.00000000,44.41387263,18.86593165,1505.15555556
mitdb,223,223,,clean_after_5min,250,7,78.12500000,1750,18.02444458,150,2199,2192,2192,0,7,99.68167349,100.00000000,99.84058301,1.11111111,3.11111111,0.00000000,22.54423274,24.75559532,1505.15555556
mitdb,223,223,,clean_after_5min,250,8,39.06250000,2000,20.59936523,150,2199,2192,2192,0,7,99.68167349,100.00000000,99.84058301,1.11111111,3.11111111,0.00000000,11.26932870,30.77834358,1505.15555556
mitdb,223,223,,clean_after_5min,250,9,19.53125000,2250,23.17428589,150,2199,2193,2193,0,6,99.72714870,100.00000000,99.86338798,1.11111111,3.11111111,0.00000000,5.62848908,36.80846795,1505.15555556
mitdb,223,223,,clean_after_5min,250,10,9.76562500,2500,25.74920654,150,2199,2193,2193,0,6,99.72714870,100.00000000,99.86338798,1.11111111,3.11111111,0.00000000,2.82278386,42.80275200,1505.15555556
mitdb,223,223,,clean_after_5min,250,11,4.88281250,2750,28.32412720,150,2199,2192,2192,0,7,99.68167349,100.00000000,99.84058301,1.11111111,3.11111111,0.00000000,1.40942607,48.83545852,1505.15555556
mitdb,223,223,,clean_after_5min,360,6,156.25000000,2160,22.24731445,150,2199,2196,2196,0,3,99.86357435,100.00000000,99.93174061,0.00000000,2.77777778,0.00000000,44.41714205,18.86036481,1505.15555556
mitdb,223,223,,clean_after_5min,360,7,78.12500000,2520,25.95520020,150,2199,2196,2196,0,3,99.86357435,100.00000000,99.93174061,0.00000000,2.77777778,0.00000000,22.54754495,24.74939180,1505.15555556
mitdb,223,223,,clean_after_5min,360,8,39.06250000,2880,29.66308594,150,2199,2196,2196,0,3,99.86357435,100.00000000,99.93174061,0.00000000,2.77777778,0.00000000,11.26525593,30.77655578,1505.15555556
mitdb,223,223,,clean_after_5min,360,9,19.53125000,3240,33.37097168,150,2199,2196,2196,0,3,99.86357435,100.00000000,99.93174061,0.00000000,2.77777778,0.00000000,5.63483263,36.79375661,1505.15555556
mitdb,223,223,,clean_after_5min,360,10,9.76562500,3600,37.07885742,150,2199,2196,2196,0,3,99.86357435,100.00000000,99.93174061,0.00000000,2.77777778,0.00000000,2.82033168,42.80537333,1505.15555556
mitdb,223,223,,clean_after_5min,360,11,4.88281250,3960,40.78674316,150,2199,2196,2196,0,3,99.86357435,100.00000000,99.93174061,0.00000000,2.77777778,0.00000000,1.40992377,48.82746440,1505.15555556
mitdb,228,228,,clean_after_5min,100,6,156.25000000,600,6.17980957,75,1703,1604,1416,188,287,83.14738696,88.27930175,85.63652858,6.11111111,70.55555556,0.00000000,44.91683578,15.88315562,1505.15555556
mitdb,228,228,,clean_after_5min,100,7,78.12500000,700,7.20977783,75,1703,1562,1406,156,297,82.56018790,90.01280410,86.12557427,6.11111111,70.55555556,0.00000000,22.55166547,21.86776630,1505.15555556
mitdb,228,228,,clean_after_5min,100,8,39.06250000,800,8.23974609,75,1703,1568,1390,178,313,81.62066941,88.64795918,84.98929991,6.11111111,70.55555556,0.00000000,11.28432340,27.88182822,1505.15555556
mitdb,228,228,,clean_after_5min,100,9,19.53125000,900,9.26971436,75,1703,1577,1405,172,298,82.50146800,89.09321497,85.67073171,6.11111111,70.55555556,0.00000000,5.63760861,33.90944027,1505.15555556
mitdb,228,228,,clean_after_5min,100,10,9.76562500,1000,10.29968262,75,1703,1575,1408,167,295,82.67762772,89.39682540,85.90604027,6.11111111,70.55555556,0.00000000,2.82322580,39.91642644,1505.15555556
mitdb,228,228,,clean_after_5min,100,11,4.88281250,1100,11.32965088,75,1703,1576,1409,167,294,82.73634762,89.40355330,85.94083562,6.11111111,70.55555556,0.00000000,1.40929580,45.95129558,1505.15555556
mitdb,228,228,,clean_after_5min,125,6,156.25000000,750,7.72476196,75,1703,1655,1623,32,80,95.30240752,98.06646526,96.66468136,2.88888889,67.43333333,0.00000000,44.94003733,15.87839078,1505.15555556
mitdb,228,228,,clean_after_5min,125,7,78.12500000,875,9.01222229,75,1703,1688,1659,29,44,97.41632413,98.28199052,97.84724270,2.77777778,67.88888889,0.00000000,22.52667470,21.87711760,1505.15555556
mitdb,228,228,,clean_after_5min,125,8,39.06250000,1000,10.29968262,75,1703,1702,1672,30,31,98.17968291,98.23736780,98.20851689,2.66666667,67.71666667,0.00000000,11.28910127,27.87787198,1505.15555556
mitdb,228,228,,clean_after_5min,125,9,19.53125000,1125,11.58714294,75,1703,1704,1673,31,30,98.23840282,98.18075117,98.20956854,2.66666667,67.33333333,0.00000000,5.63994504,33.90556191,1505.15555556
mitdb,228,228,,clean_after_5min,125,10,9.76562500,1250,12.87460327,75,1703,1703,1672,31,31,98.17968291,98.17968291,98.17968291,2.66666667,67.33333333,0.00000000,2.81796742,39.93233999,1505.15555556
mitdb,228,228,,clean_after_5min,125,11,4.88281250,1375,14.16206360,75,1703,1704,1673,31,30,98.23840282,98.18075117,98.20956854,2.66666667,67.33333333,0.00000000,1.40914570,45.95194137,1505.15555556
mitdb,228,228,,clean_after_5min,180,6,156.25000000,1080,11.12365723,75,1703,1703,1695,8,8,99.53024075,99.53024075,99.53024075,2.77777778,2.77777778,0.00000000,44.92658038,15.87913342,1505.15555556
mitdb,228,228,,clean_after_5min,180,7,78.12500000,1260,12.97760010,75,1703,1704,1696,8,7,99.58896066,99.53051643,99.55972997,2.77777778,2.77777778,0.00000000,22.54696882,21.86743740,1505.15555556
mitdb,228,228,,clean_after_5min,180,8,39.06250000,1440,14.83154297,75,1703,1704,1696,8,7,99.58896066,99.53051643,99.55972997,2.77777778,2.77777778,0.00000000,11.28564532,27.87867274,1505.15555556
mitdb,228,228,,clean_after_5min,180,9,19.53125000,1620,16.68548584,75,1703,1705,1697,8,6,99.64768056,99.53079179,99.58920188,2.77777778,2.77777778,0.00000000,5.63896548,33.90521197,1505.15555556
mitdb,228,228,,clean_after_5min,180,10,9.76562500,1800,18.53942871,75,1703,1704,1696,8,7,99.58896066,99.53051643,99.55972997,2.77777778,2.77777778,0.00000000,2.81981913,39.92477562,1505.15555556
mitdb,228,228,,clean_after_5min,180,11,4.88281250,1980,20.39337158,75,1703,1704,1696,8,7,99.58896066,99.53051643,99.55972997,2.77777778,2.77777778,0.00000000,1.41148271,45.93568944,1505.15555556
mitdb,228,228,,clean_after_5min,250,6,156.25000000,1500,15.44952393,75,1703,1706,1698,8,5,99.70640047,99.53106682,99.61865650,1.11111111,3.44444444,0.00000000,44.92720346,15.87898722,1505.15555556
mitdb,228,228,,clean_after_5min,250,7,78.12500000,1750,18.02444458,75,1703,1705,1700,5,3,99.82384028,99.70674487,99.76525822,1.11111111,3.22222222,0.00000000,22.53887821,21.87052902,1505.15555556
mitdb,228,228,,clean_after_5min,250,8,39.06250000,2000,20.59936523,75,1703,1705,1700,5,3,99.82384028,99.70674487,99.76525822,1.11111111,3.22222222,0.00000000,11.28413046,27.87981298,1505.15555556
mitdb,228,228,,clean_after_5min,250,9,19.53125000,2250,23.17428589,75,1703,1705,1700,5,3,99.82384028,99.70674487,99.76525822,1.11111111,3.22222222,0.00000000,5.64086590,33.90225945,1505.15555556
mitdb,228,228,,clean_after_5min,250,10,9.76562500,2500,25.74920654,75,1703,1705,1700,5,3,99.82384028,99.70674487,99.76525822,1.11111111,3.22222222,0.00000000,2.81812306,39.92997587,1505.15555556
mitdb,228,228,,clean_after_5min,250,11,4.88281250,2750,28.32412720,75,1703,1705,1700,5,3,99.82384028,99.70674487,99.76525822,1.11111111,3.22222222,0.00000000,1.40992958,45.94522651,1505.15555556
mitdb,228,228,,clean_after_5min,360,6,156.25000000,2160,22.24731445,75,1703,1712,1700,12,3,99.82384028,99.29906542,99.56076135,0.00000000,5.55555556,0.00000000,44.92028026,15.87703898,1505.15555556
mitdb,228,228,,clean_after_5min,360,7,78.12500000,2520,25.95520020,75,1703,1707,1699,8,4,99.76512038,99.53134153,99.64809384,0.00000000,5.55555556,0.00000000,22.55040993,21.86279930,1505.15555556
mitdb,228,228,,clean_after_5min,360,8,39.06250000,2880,29.66308594,75,1703,1709,1699,10,4,99.76512038,99.41486249,99.58968347,0.00000000,5.55555556,0.00000000,11.28235557,27.87789247,1505.15555556
mitdb,228,228,,clean_after_5min,360,9,19.53125000,3240,33.37097168,75,1703,1707,1699,8,4,99.76512038,99.53134153,99.64809384,0.00000000,5.55555556,0.00000000,5.63808038,33.90326287,1505.15555556
mitdb,228,228,,clean_after_5min,360,10,9.76562500,3600,37.07885742,75,1703,1707,1699,8,4,99.76512038,99.53134153,99.64809384,0.00000000,5.55555556,0.00000000,2.82083859,39.91832339,1505.15555556
mitdb,228,228,,clean_after_5min,360,11,4.88281250,3960,40.78674316,75,1703,1709,1699,10,4,99.76512038,99.41486249,99.58968347,0.00000000,5.55555556,0.00000000,1.41103449,45.93513551,1505.15555556
mitdb,228,228,,clean_after_5min,100,6,156.25000000,600,6.17980957,150,1703,1604,1518,86,185,89.13681738,94.63840399,91.80526157,6.66666667,76.75000000,0.00000000,44.91683578,15.88315562,1505.15555556
mitdb,228,228,,clean_after_5min,100,7,78.12500000,700,7.20977783,150,1703,1562,1495,67,208,87.78625954,95.71062740,91.57733538,7.77777778,76.11111111,0.00000000,22.55166547,21.86776630,1505.15555556
mitdb,228,228,,clean_after_5min,100,8,39.06250000,800,8.23974609,150,1703,1568,1490,78,213,87.49266001,95.02551020,91.10363803,6.66666667,77.22222222,0.00000000,11.28432340,27.88182822,1505.15555556
mitdb,228,228,,clean_after_5min,100,9,19.53125000,900,9.26971436,150,1703,1577,1503,74,200,88.25601879,95.30754597,91.64634146,7.77777778,76.66666667,0.00000000,5.63760861,33.90944027,1505.15555556
mitdb,228,228,,clean_after_5min,100,10,9.76562500,1000,10.29968262,150,1703,1575,1503,72,200,88.25601879,95.42857143,91.70225747,7.22222222,76.11111111,0.00000000,2.82322580,39.91642644,1505.15555556
mitdb,228,228,,clean_after_5min,100,11,4.88281250,1100,11.32965088,150,1703,1576,1503,73,200,88.25601879,95.36802030,91.67429094,7.22222222,76.11111111,0.00000000,1.40929580,45.95129558,1505.15555556
mitdb,228,228,,clean_after_5min,125,6,156.25000000,750,7.72476196,150,1703,1655,1649,6,54,96.82912507,99.63746224,98.21322216,3.00000000,68.66666667,0.00000000,44.94003733,15.87839078,1505.15555556
mitdb,228,228,,clean_after_5min,125,7,78.12500000,875,9.01222229,150,1703,1688,1683,5,20,98.82560188,99.70379147,99.26275435,2.77777778,68.76666667,0.00000000,22.52667470,21.87711760,1505.15555556
mitdb,228,228,,clean_after_5min,125,8,39.06250000,1000,10.29968262,150,1703,1702,1696,6,7,99.58896066,99.64747356,99.61820852,2.77777778,68.58333333,0.00000000,11.28910127,27.87787198,1505.15555556
mitdb,228,228,,clean_after_5min,125,9,19.53125000,1125,11.58714294,150,1703,1704,1698,6,5,99.70640047,99.64788732,99.67713531,2.77777778,68.55555556,0.00000000,5.63994504,33.90556191,1505.15555556
mitdb,228,228,,clean_after_5min,125,10,9.76562500,1250,12.87460327,150,1703,1703,1697,6,6,99.64768056,99.64768056,99.64768056,2.77777778,68.55555556,0.00000000,2.81796742,39.93233999,1505.15555556
mitdb,228,228,,clean_after_5min,125,11,4.88281250,1375,14.16206360,150,1703,1704,1698,6,5,99.70640047,99.64788732,99.67713531,2.77777778,68.55555556,0.00000000,1.40914570,45.95194137,1505.15555556
mitdb,228,228,,clean_after_5min,180,6,156.25000000,1080,11.12365723,150,1703,1703,1699,4,4,99.76512038,99.76512038,99.76512038,2.77777778,5.55555556,0.00000000,44.92658038,15.87913342,1505.15555556
mitdb,228,228,,clean_after_5min,180,7,78.12500000,1260,12.97760010,150,1703,1704,1700,4,3,99.82384028,99.76525822,99.79454065,2.77777778,2.77777778,0.00000000,22.54696882,21.86743740,1505.15555556
mitdb,228,228,,clean_after_5min,180,8,39.06250000,1440,14.83154297,150,1703,1704,1700,4,3,99.82384028,99.76525822,99.79454065,2.77777778,2.77777778,0.00000000,11.28564532,27.87867274,1505.15555556
mitdb,228,228,,clean_after_5min,180,9,19.53125000,1620,16.68548584,150,1703,1705,1701,4,2,99.88256019,99.76539589,99.82394366,2.77777778,2.77777778,0.00000000,5.63896548,33.90521197,1505.15555556
mitdb,228,228,,clean_after_5min,180,10,9.76562500,1800,18.53942871,150,1703,1704,1700,4,3,99.82384028,99.76525822,99.79454065,2.77777778,2.77777778,0.00000000,2.81981913,39.92477562,1505.15555556
mitdb,228,228,,clean_after_5min,180,11,4.88281250,1980,20.39337158,150,1703,1704,1700,4,3,99.82384028,99.76525822,99.79454065,2.77777778,2.77777778,0.00000000,1.41148271,45.93568944,1505.15555556
mitdb,228,228,,clean_after_5min,250,6,156.25000000,1500,15.44952393,150,1703,1706,1699,7,4,99.76512038,99.58968347,99.67732473,1.11111111,3.44444444,0.00000000,44.92720346,15.87898722,1505.15555556
mitdb,228,228,,clean_after_5min,250,7,78.12500000,1750,18.02444458,150,1703,1705,1700,5,3,99.82384028,99.70674487,99.76525822,1.11111111,3.22222222,0.00000000,22.53887821,21.87052902,1505.15555556
mitdb,228,228,,clean_after_5min,250,8,39.06250000,2000,20.59936523,150,1703,1705,1700,5,3,99.82384028,99.70674487,99.76525822,1.11111111,3.22222222,0.00000000,11.28413046,27.87981298,1505.15555556
mitdb,228,228,,clean_after_5min,250,9,19.53125000,2250,23.17428589,150,1703,1705,1700,5,3,99.82384028,99.70674487,99.76525822,1.11111111,3.22222222,0.00000000,5.64086590,33.90225945,1505.15555556
mitdb,228,228,,clean_after_5min,250,10,9.76562500,2500,25.74920654,150,1703,1705,1700,5,3,99.82384028,99.70674487,99.76525822,1.11111111,3.22222222,0.00000000,2.81812306,39.92997587,1505.15555556
mitdb,228,228,,clean_after_5min,250,11,4.88281250,2750,28.32412720,150,1703,1705,1700,5,3,99.82384028,99.70674487,99.76525822,1.11111111,3.22222222,0.00000000,1.40992958,45.94522651,1505.15555556
mitdb,228,228,,clean_after_5min,360,6,156.25000000,2160,22.24731445,150,1703,1712,1700,12,3,99.82384028,99.29906542,99.56076135,0.00000000,5.55555556,0.00000000,44.92028026,15.87703898,1505.15555556
mitdb,228,228,,clean_after_5min,360,7,78.12500000,2520,25.95520020,150,1703,1707,1699,8,4,99.76512038,99.53134153,99.64809384,0.00000000,5.55555556,0.00000000,22.55040993,21.86279930,1505.15555556
mitdb,228,228,,clean_after_5min,360,8,39.06250000,2880,29.66308594,150,1703,1709,1699,10,4,99.76512038,99.41486249,99.58968347,0.00000000,5.55555556,0.00000000,11.28235557,27.87789247,1505.15555556
mitdb,228,228,,clean_after_5min,360,9,19.53125000,3240,33.37097168,150,1703,1707,1699,8,4,99.76512038,99.53134153,99.64809384,0.00000000,5.55555556,0.00000000,5.63808038,33.90326287,1505.15555556
mitdb,228,228,,clean_after_5min,360,10,9.76562500,3600,37.07885742,150,1703,1707,1699,8,4,99.76512038,99.53134153,99.64809384,0.00000000,5.55555556,0.00000000,2.82083859,39.91832339,1505.15555556
mitdb,228,228,,clean_after_5min,360,11,4.88281250,3960,40.78674316,150,1703,1709,1699,10,4,99.76512038,99.41486249,99.58968347,0.00000000,5.55555556,0.00000000,1.41103449,45.93513551,1505.15555556
mitdb,230,230,,clean_after_5min,100,6,156.25000000,600,6.17980957,75,1858,1861,1676,185,182,90.20452099,90.05910801,90.13175585,7.77777778,72.77777778,0.00000000,47.17753453,16.97547352,1505.15555556
mitdb,230,230,,clean_after_5min,100,7,78.12500000,700,7.20977783,75,1858,1861,1728,133,130,93.00322928,92.85330467,92.92820651,7.77777778,72.77777778,0.00000000,22.27150872,23.49518558,1505.15555556
mitdb,230,230,,clean_after_5min,100,8,39.06250000,800,8.23974609,75,1858,1861,1707,154,151,91.87298170,91.72487910,91.79887066,7.77777778,72.77777778,0.00000000,11.27959200,29.40431052,1505.15555556
mitdb,230,230,,clean_after_5min,100,9,19.53125000,900,9.26971436,75,1858,1862,1705,157,153,91.76533907,91.56820623,91.66666667,8.33333333,72.77777778,0.00000000,5.64373688,35.41884319,1505.15555556
mitdb,230,230,,clean_after_5min,100,10,9.76562500,1000,10.29968262,75,1858,1862,1714,148,144,92.24973089,92.05155747,92.15053763,7.77777778,72.77777778,0.00000000,2.81943132,41.44694794,1505.15555556
mitdb,230,230,,clean_after_5min,100,11,4.88281250,1100,11.32965088,75,1858,1861,1709,152,149,91.98062433,91.83234820,91.90642646,7.77777778,72.77777778,0.00000000,1.41097943,47.45976469,1505.15555556
mitdb,230,230,,clean_after_5min,125,6,156.25000000,750,7.72476196,75,1858,1858,1858,0,0,100.00000000,100.00000000,100.00000000,5.00000000,8.79444444,0.00000000,47.13243168,16.98368583,1505.15555556
mitdb,230,230,,clean_after_5min,125,7,78.12500000,875,9.01222229,75,1858,1858,1858,0,0,100.00000000,100.00000000,100.00000000,5.00000000,8.88888889,0.00000000,22.30436709,23.48228468,1505.15555556
mitdb,230,230,,clean_after_5min,125,8,39.06250000,1000,10.29968262,75,1858,1858,1858,0,0,100.00000000,100.00000000,100.00000000,5.00000000,8.79444444,0.00000000,11.27398913,29.40853053,1505.15555556
mitdb,230,230,,clean_after_5min,125,9,19.53125000,1125,11.58714294,75,1858,1858,1858,0,0,100.00000000,100.00000000,100.00000000,5.00000000,8.88888889,0.00000000,5.63992568,35.42461514,1505.15555556
mitdb,230,230,,clean_after_5min,125,10,9.76562500,1250,12.87460327,75,1858,1858,1858,0,0,100.00000000,100.00000000,100.00000000,5.00000000,8.88888889,0.00000000,2.81702468,41.45426972,1505.15555556
mitdb,230,230,,clean_after_5min,125,11,4.88281250,1375,14.16206360,75,1858,1858,1858,0,0,100.00000000,100.00000000,100.00000000,5.00000000,8.88888889,0.00000000,1.40828147,47.47629349,1505.15555556
mitdb,230,230,,clean_after_5min,180,6,156.25000000,1080,11.12365723,75,1858,1858,1858,0,0,100.00000000,100.00000000,100.00000000,2.77777778,5.55555556,0.00000000,47.16147992,16.97671862,1505.15555556
mitdb,230,230,,clean_after_5min,180,7,78.12500000,1260,12.97760010,75,1858,1858,1858,0,0,100.00000000,100.00000000,100.00000000,2.77777778,5.55555556,0.00000000,22.28238084,23.48923526,1505.15555556
mitdb,230,230,,clean_after_5min,180,8,39.06250000,1440,14.83154297,75,1858,1858,1858,0,0,100.00000000,100.00000000,100.00000000,2.77777778,5.55555556,0.00000000,11.28370867,29.39942982,1505.15555556
mitdb,230,230,,clean_after_5min,180,9,19.53125000,1620,16.68548584,75,1858,1858,1858,0,0,100.00000000,100.00000000,100.00000000,2.77777778,5.55555556,0.00000000,5.63553606,35.42976246,1505.15555556
mitdb,230,230,,clean_after_5min,180,10,9.76562500,1800,18.53942871,75,1858,1858,1858,0,0,100.00000000,100.00000000,100.00000000,2.77777778,5.55555556,0.00000000,2.81626957,41.45498267,1505.15555556
mitdb,230,230,,clean_after_5min,180,11,4.88281250,1980,20.39337158,75,1858,1858,1858,0,0,100.00000000,100.00000000,100.00000000,2.77777778,5.55555556,0.00000000,1.40983218,47.46511874,1505.15555556
mitdb,230,230,,clean_after_5min,250,6,156.25000000,1500,15.44952393,75,1858,1858,1858,0,0,100.00000000,100.00000000,100.00000000,1.22222222,3.22222222,0.00000000,47.13537412,16.98298706,1505.15555556
mitdb,230,230,,clean_after_5min,250,7,78.12500000,1750,18.02444458,75,1858,1858,1858,0,0,100.00000000,100.00000000,100.00000000,1.22222222,3.22222222,0.00000000,22.29869226,23.48433835,1505.15555556
mitdb,230,230,,clean_after_5min,250,8,39.06250000,2000,20.59936523,75,1858,1858,1858,0,0,100.00000000,100.00000000,100.00000000,1.22222222,3.22222222,0.00000000,11.28040321,29.40343376,1505.15555556
mitdb,230,230,,clean_after_5min,250,9,19.53125000,2250,23.17428589,75,1858,1858,1858,0,0,100.00000000,100.00000000,100.00000000,1.22222222,3.22222222,0.00000000,5.64012505,35.42415157,1505.15555556
mitdb,230,230,,clean_after_5min,250,10,9.76562500,2500,25.74920654,75,1858,1858,1858,0,0,100.00000000,100.00000000,100.00000000,1.22222222,3.23888889,0.00000000,2.81722549,41.45349404,1505.15555556
mitdb,230,230,,clean_after_5min,250,11,4.88281250,2750,28.32412720,75,1858,1858,1858,0,0,100.00000000,100.00000000,100.00000000,1.22222222,3.22222222,0.00000000,1.40886596,47.47253272,1505.15555556
mitdb,230,230,,clean_after_5min,360,6,156.25000000,2160,22.24731445,75,1858,1858,1858,0,0,100.00000000,100.00000000,100.00000000,0.00000000,2.77777778,0.00000000,47.15870976,16.97289275,1505.15555556
mitdb,230,230,,clean_after_5min,360,7,78.12500000,2520,25.95520020,75,1858,1858,1858,0,0,100.00000000,100.00000000,100.00000000,0.00000000,2.77777778,0.00000000,22.29197750,23.48115912,1505.15555556
mitdb,230,230,,clean_after_5min,360,8,39.06250000,2880,29.66308594,75,1858,1858,1858,0,0,100.00000000,100.00000000,100.00000000,0.00000000,2.77777778,0.00000000,11.28133307,29.39692262,1505.15555556
mitdb,230,230,,clean_after_5min,360,9,19.53125000,3240,33.37097168,75,1858,1858,1858,0,0,100.00000000,100.00000000,100.00000000,0.00000000,2.77777778,0.00000000,5.63820250,35.42131765,1505.15555556
mitdb,230,230,,clean_after_5min,360,10,9.76562500,3600,37.07885742,75,1858,1858,1858,0,0,100.00000000,100.00000000,100.00000000,0.00000000,2.77777778,0.00000000,2.81718991,41.44780855,1505.15555556
mitdb,230,230,,clean_after_5min,360,11,4.88281250,3960,40.78674316,75,1858,1858,1858,0,0,100.00000000,100.00000000,100.00000000,0.00000000,2.77777778,0.00000000,1.40958510,47.46230501,1505.15555556
mitdb,230,230,,clean_after_5min,100,6,156.25000000,600,6.17980957,150,1858,1861,1858,3,0,100.00000000,99.83879635,99.91933315,8.33333333,77.22222222,0.00000000,47.17753453,16.97547352,1505.15555556
mitdb,230,230,,clean_after_5min,100,7,78.12500000,700,7.20977783,150,1858,1861,1858,3,0,100.00000000,99.83879635,99.91933315,8.33333333,75.55555556,0.00000000,22.27150872,23.49518558,1505.15555556
mitdb,230,230,,clean_after_5min,100,8,39.06250000,800,8.23974609,150,1858,1861,1858,3,0,100.00000000,99.83879635,99.91933315,8.33333333,76.66666667,0.00000000,11.27959200,29.40431052,1505.15555556
mitdb,230,230,,clean_after_5min,100,9,19.53125000,900,9.26971436,150,1858,1862,1858,4,0,100.00000000,99.78517723,99.89247312,8.88888889,76.19444444,0.00000000,5.64373688,35.41884319,1505.15555556
mitdb,230,230,,clean_after_5min,100,10,9.76562500,1000,10.29968262,150,1858,1862,1858,4,0,100.00000000,99.78517723,99.89247312,8.33333333,76.11111111,0.00000000,2.81943132,41.44694794,1505.15555556
mitdb,230,230,,clean_after_5min,100,11,4.88281250,1100,11.32965088,150,1858,1861,1858,3,0,100.00000000,99.83879635,99.91933315,8.33333333,76.11111111,0.00000000,1.41097943,47.45976469,1505.15555556
mitdb,230,230,,clean_after_5min,125,6,156.25000000,750,7.72476196,150,1858,1858,1858,0,0,100.00000000,100.00000000,100.00000000,5.00000000,8.79444444,0.00000000,47.13243168,16.98368583,1505.15555556
mitdb,230,230,,clean_after_5min,125,7,78.12500000,875,9.01222229,150,1858,1858,1858,0,0,100.00000000,100.00000000,100.00000000,5.00000000,8.88888889,0.00000000,22.30436709,23.48228468,1505.15555556
mitdb,230,230,,clean_after_5min,125,8,39.06250000,1000,10.29968262,150,1858,1858,1858,0,0,100.00000000,100.00000000,100.00000000,5.00000000,8.79444444,0.00000000,11.27398913,29.40853053,1505.15555556
mitdb,230,230,,clean_after_5min,125,9,19.53125000,1125,11.58714294,150,1858,1858,1858,0,0,100.00000000,100.00000000,100.00000000,5.00000000,8.88888889,0.00000000,5.63992568,35.42461514,1505.15555556
mitdb,230,230,,clean_after_5min,125,10,9.76562500,1250,12.87460327,150,1858,1858,1858,0,0,100.00000000,100.00000000,100.00000000,5.00000000,8.88888889,0.00000000,2.81702468,41.45426972,1505.15555556
mitdb,230,230,,clean_after_5min,125,11,4.88281250,1375,14.16206360,150,1858,1858,1858,0,0,100.00000000,100.00000000,100.00000000,5.00000000,8.88888889,0.00000000,1.40828147,47.47629349,1505.15555556
mitdb,230,230,,clean_after_5min,180,6,156.25000000,1080,11.12365723,150,1858,1858,1858,0,0,100.00000000,100.00000000,100.00000000,2.77777778,5.55555556,0.00000000,47.16147992,16.97671862,1505.15555556
mitdb,230,230,,clean_after_5min,180,7,78.12500000,1260,12.97760010,150,1858,1858,1858,0,0,100.00000000,100.00000000,100.00000000,2.77777778,5.55555556,0.00000000,22.28238084,23.48923526,1505.15555556
mitdb,230,230,,clean_after_5min,180,8,39.06250000,1440,14.83154297,150,1858,1858,1858,0,0,100.00000000,100.00000000,100.00000000,2.77777778,5.55555556,0.00000000,11.28370867,29.39942982,1505.15555556
mitdb,230,230,,clean_after_5min,180,9,19.53125000,1620,16.68548584,150,1858,1858,1858,0,0,100.00000000,100.00000000,100.00000000,2.77777778,5.55555556,0.00000000,5.63553606,35.42976246,1505.15555556
mitdb,230,230,,clean_after_5min,180,10,9.76562500,1800,18.53942871,150,1858,1858,1858,0,0,100.00000000,100.00000000,100.00000000,2.77777778,5.55555556,0.00000000,2.81626957,41.45498267,1505.15555556
mitdb,230,230,,clean_after_5min,180,11,4.88281250,1980,20.39337158,150,1858,1858,1858,0,0,100.00000000,100.00000000,100.00000000,2.77777778,5.55555556,0.00000000,1.40983218,47.46511874,1505.15555556
mitdb,230,230,,clean_after_5min,250,6,156.25000000,1500,15.44952393,150,1858,1858,1858,0,0,100.00000000,100.00000000,100.00000000,1.22222222,3.22222222,0.00000000,47.13537412,16.98298706,1505.15555556
mitdb,230,230,,clean_after_5min,250,7,78.12500000,1750,18.02444458,150,1858,1858,1858,0,0,100.00000000,100.00000000,100.00000000,1.22222222,3.22222222,0.00000000,22.29869226,23.48433835,1505.15555556
mitdb,230,230,,clean_after_5min,250,8,39.06250000,2000,20.59936523,150,1858,1858,1858,0,0,100.00000000,100.00000000,100.00000000,1.22222222,3.22222222,0.00000000,11.28040321,29.40343376,1505.15555556
mitdb,230,230,,clean_after_5min,250,9,19.53125000,2250,23.17428589,150,1858,1858,1858,0,0,100.00000000,100.00000000,100.00000000,1.22222222,3.22222222,0.00000000,5.64012505,35.42415157,1505.15555556
mitdb,230,230,,clean_after_5min,250,10,9.76562500,2500,25.74920654,150,1858,1858,1858,0,0,100.00000000,100.00000000,100.00000000,1.22222222,3.23888889,0.00000000,2.81722549,41.45349404,1505.15555556
mitdb,230,230,,clean_after_5min,250,11,4.88281250,2750,28.32412720,150,1858,1858,1858,0,0,100.00000000,100.00000000,100.00000000,1.22222222,3.22222222,0.00000000,1.40886596,47.47253272,1505.15555556
mitdb,230,230,,clean_after_5min,360,6,156.25000000,2160,22.24731445,150,1858,1858,1858,0,0,100.00000000,100.00000000,100.00000000,0.00000000,2.77777778,0.00000000,47.15870976,16.97289275,1505.15555556
mitdb,230,230,,clean_after_5min,360,7,78.12500000,2520,25.95520020,150,1858,1858,1858,0,0,100.00000000,100.00000000,100.00000000,0.00000000,2.77777778,0.00000000,22.29197750,23.48115912,1505.15555556
mitdb,230,230,,clean_after_5min,360,8,39.06250000,2880,29.66308594,150,1858,1858,1858,0,0,100.00000000,100.00000000,100.00000000,0.00000000,2.77777778,0.00000000,11.28133307,29.39692262,1505.15555556
mitdb,230,230,,clean_after_5min,360,9,19.53125000,3240,33.37097168,150,1858,1858,1858,0,0,100.00000000,100.00000000,100.00000000,0.00000000,2.77777778,0.00000000,5.63820250,35.42131765,1505.15555556
mitdb,230,230,,clean_after_5min,360,10,9.76562500,3600,37.07885742,150,1858,1858,1858,0,0,100.00000000,100.00000000,100.00000000,0.00000000,2.77777778,0.00000000,2.81718991,41.44780855,1505.15555556
mitdb,230,230,,clean_after_5min,360,11,4.88281250,3960,40.78674316,150,1858,1858,1858,0,0,100.00000000,100.00000000,100.00000000,0.00000000,2.77777778,0.00000000,1.40958510,47.46230501,1505.15555556
mitdb,231,231,,clean_after_5min,100,6,156.25000000,600,6.17980957,75,1278,1278,1278,0,0,100.00000000,100.00000000,100.00000000,4.44444444,60.00000000,0.00000000,46.62971365,14.55493669,1505.15555556
mitdb,231,231,,clean_after_5min,100,7,78.12500000,700,7.20977783,75,1278,1278,1278,0,0,100.00000000,100.00000000,100.00000000,5.00000000,61.75000000,0.00000000,23.01100111,20.68948139,1505.15555556
mitdb,231,231,,clean_after_5min,100,8,39.06250000,800,8.23974609,75,1278,1278,1278,0,0,100.00000000,100.00000000,100.00000000,5.00000000,61.11111111,0.00000000,11.28341932,26.87937710,1505.15555556
mitdb,231,231,,clean_after_5min,100,9,19.53125000,900,9.26971436,75,1278,1278,1278,0,0,100.00000000,100.00000000,100.00000000,5.00000000,60.55555556,0.00000000,5.63478626,32.91064272,1505.15555556
mitdb,231,231,,clean_after_5min,100,10,9.76562500,1000,10.29968262,75,1278,1278,1278,0,0,100.00000000,100.00000000,100.00000000,5.00000000,61.11111111,0.00000000,2.82109133,38.91984872,1505.15555556
mitdb,231,231,,clean_after_5min,100,11,4.88281250,1100,11.32965088,75,1278,1278,1278,0,0,100.00000000,100.00000000,100.00000000,5.00000000,61.11111111,0.00000000,1.41003406,44.94359959,1505.15555556
mitdb,231,231,,clean_after_5min,125,6,156.25000000,750,7.72476196,75,1278,1278,1278,0,0,100.00000000,100.00000000,100.00000000,2.05555556,5.66666667,0.00000000,46.61898119,14.55678837,1505.15555556
mitdb,231,231,,clean_after_5min,125,7,78.12500000,875,9.01222229,75,1278,1278,1278,0,0,100.00000000,100.00000000,100.00000000,2.00000000,5.55555556,0.00000000,22.98711873,20.69835315,1505.15555556
mitdb,231,231,,clean_after_5min,125,8,39.06250000,1000,10.29968262,75,1278,1278,1278,0,0,100.00000000,100.00000000,100.00000000,2.00000000,5.44444444,0.00000000,11.28616196,26.87711837,1505.15555556
mitdb,231,231,,clean_after_5min,125,9,19.53125000,1125,11.58714294,75,1278,1278,1278,0,0,100.00000000,100.00000000,100.00000000,2.00000000,5.44444444,0.00000000,5.63886668,32.90420740,1505.15555556
mitdb,231,231,,clean_after_5min,125,10,9.76562500,1250,12.87460327,75,1278,1278,1278,0,0,100.00000000,100.00000000,100.00000000,2.00000000,5.44444444,0.00000000,2.81998334,38.92311309,1505.15555556
mitdb,231,231,,clean_after_5min,125,11,4.88281250,1375,14.16206360,75,1278,1278,1278,0,0,100.00000000,100.00000000,100.00000000,2.00000000,5.44444444,0.00000000,1.40761408,44.95837188,1505.15555556
mitdb,231,231,,clean_after_5min,180,6,156.25000000,1080,11.12365723,75,1278,1278,1278,0,0,100.00000000,100.00000000,100.00000000,0.00000000,2.77777778,0.00000000,46.62270831,14.55526472,1505.15555556
mitdb,231,231,,clean_after_5min,180,7,78.12500000,1260,12.97760010,75,1278,1278,1278,0,0,100.00000000,100.00000000,100.00000000,0.00000000,2.77777778,0.00000000,22.99670162,20.69390367,1505.15555556
mitdb,231,231,,clean_after_5min,180,8,39.06250000,1440,14.83154297,75,1278,1278,1278,0,0,100.00000000,100.00000000,100.00000000,0.00000000,2.77777778,0.00000000,11.27686587,26.88344638,1505.15555556
mitdb,231,231,,clean_after_5min,180,9,19.53125000,1620,16.68548584,75,1278,1278,1278,0,0,100.00000000,100.00000000,100.00000000,0.00000000,2.77777778,0.00000000,5.63624105,32.90742351,1505.15555556
mitdb,231,231,,clean_after_5min,180,10,9.76562500,1800,18.53942871,75,1278,1278,1278,0,0,100.00000000,100.00000000,100.00000000,0.00000000,2.77777778,0.00000000,2.81636881,38.93342414,1505.15555556
mitdb,231,231,,clean_after_5min,180,11,4.88281250,1980,20.39337158,75,1278,1278,1278,0,0,100.00000000,100.00000000,100.00000000,0.00000000,2.77777778,0.00000000,1.40956546,44.94550970,1505.15555556
mitdb,231,231,,clean_after_5min,250,6,156.25000000,1500,15.44952393,75,1278,1278,1278,0,0,100.00000000,100.00000000,100.00000000,1.11111111,2.88888889,0.00000000,46.61835555,14.55715681,1505.15555556
mitdb,231,231,,clean_after_5min,250,7,78.12500000,1750,18.02444458,75,1278,1278,1278,0,0,100.00000000,100.00000000,100.00000000,1.11111111,2.88888889,0.00000000,22.99574521,20.69534604,1505.15555556
mitdb,231,231,,clean_after_5min,250,8,39.06250000,2000,20.59936523,75,1278,1278,1278,0,0,100.00000000,100.00000000,100.00000000,1.11111111,2.88888889,0.00000000,11.28314338,26.87969367,1505.15555556
mitdb,231,231,,clean_after_5min,250,9,19.53125000,2250,23.17428589,75,1278,1278,1278,0,0,100.00000000,100.00000000,100.00000000,1.11111111,2.88888889,0.00000000,5.63534120,32.90989149,1505.15555556
mitdb,231,231,,clean_after_5min,250,10,9.76562500,2500,25.74920654,75,1278,1278,1278,0,0,100.00000000,100.00000000,100.00000000,1.11111111,2.88888889,0.00000000,2.81776577,38.93019804,1505.15555556
mitdb,231,231,,clean_after_5min,250,11,4.88281250,2750,28.32412720,75,1278,1278,1278,0,0,100.00000000,100.00000000,100.00000000,1.11111111,2.88888889,0.00000000,1.40845957,44.95340813,1505.15555556
mitdb,231,231,,clean_after_5min,360,6,156.25000000,2160,22.24731445,75,1278,1278,1278,0,0,100.00000000,100.00000000,100.00000000,0.00000000,2.77777778,0.00000000,46.62609462,14.55043204,1505.15555556
mitdb,231,231,,clean_after_5min,360,7,78.12500000,2520,25.95520020,75,1278,1278,1278,0,0,100.00000000,100.00000000,100.00000000,0.00000000,2.77777778,0.00000000,22.98949751,20.69242328,1505.15555556
mitdb,231,231,,clean_after_5min,360,8,39.06250000,2880,29.66308594,75,1278,1278,1278,0,0,100.00000000,100.00000000,100.00000000,0.00000000,2.77777778,0.00000000,11.28239475,26.87498704,1505.15555556
mitdb,231,231,,clean_after_5min,360,9,19.53125000,3240,33.37097168,75,1278,1278,1278,0,0,100.00000000,100.00000000,100.00000000,0.00000000,2.77777778,0.00000000,5.63901530,32.89894740,1505.15555556
mitdb,231,231,,clean_after_5min,360,10,9.76562500,3600,37.07885742,75,1278,1278,1278,0,0,100.00000000,100.00000000,100.00000000,0.00000000,2.77777778,0.00000000,2.81660503,38.92849385,1505.15555556
mitdb,231,231,,clean_after_5min,360,11,4.88281250,3960,40.78674316,75,1278,1278,1278,0,0,100.00000000,100.00000000,100.00000000,0.00000000,2.77777778,0.00000000,1.40969790,44.94049182,1505.15555556
mitdb,231,231,,clean_after_5min,100,6,156.25000000,600,6.17980957,150,1278,1278,1278,0,0,100.00000000,100.00000000,100.00000000,4.44444444,60.00000000,0.00000000,46.62971365,14.55493669,1505.15555556
mitdb,231,231,,clean_after_5min,100,7,78.12500000,700,7.20977783,150,1278,1278,1278,0,0,100.00000000,100.00000000,100.00000000,5.00000000,61.75000000,0.00000000,23.01100111,20.68948139,1505.15555556
mitdb,231,231,,clean_after_5min,100,8,39.06250000,800,8.23974609,150,1278,1278,1278,0,0,100.00000000,100.00000000,100.00000000,5.00000000,61.11111111,0.00000000,11.28341932,26.87937710,1505.15555556
mitdb,231,231,,clean_after_5min,100,9,19.53125000,900,9.26971436,150,1278,1278,1278,0,0,100.00000000,100.00000000,100.00000000,5.00000000,60.55555556,0.00000000,5.63478626,32.91064272,1505.15555556
mitdb,231,231,,clean_after_5min,100,10,9.76562500,1000,10.29968262,150,1278,1278,1278,0,0,100.00000000,100.00000000,100.00000000,5.00000000,61.11111111,0.00000000,2.82109133,38.91984872,1505.15555556
mitdb,231,231,,clean_after_5min,100,11,4.88281250,1100,11.32965088,150,1278,1278,1278,0,0,100.00000000,100.00000000,100.00000000,5.00000000,61.11111111,0.00000000,1.41003406,44.94359959,1505.15555556
mitdb,231,231,,clean_after_5min,125,6,156.25000000,750,7.72476196,150,1278,1278,1278,0,0,100.00000000,100.00000000,100.00000000,2.05555556,5.66666667,0.00000000,46.61898119,14.55678837,1505.15555556
mitdb,231,231,,clean_after_5min,125,7,78.12500000,875,9.01222229,150,1278,1278,1278,0,0,100.00000000,100.00000000,100.00000000,2.00000000,5.55555556,0.00000000,22.98711873,20.69835315,1505.15555556
mitdb,231,231,,clean_after_5min,125,8,39.06250000,1000,10.29968262,150,1278,1278,1278,0,0,100.00000000,100.00000000,100.00000000,2.00000000,5.44444444,0.00000000,11.28616196,26.87711837,1505.15555556
mitdb,231,231,,clean_after_5min,125,9,19.53125000,1125,11.58714294,150,1278,1278,1278,0,0,100.00000000,100.00000000,100.00000000,2.00000000,5.44444444,0.00000000,5.63886668,32.90420740,1505.15555556
mitdb,231,231,,clean_after_5min,125,10,9.76562500,1250,12.87460327,150,1278,1278,1278,0,0,100.00000000,100.00000000,100.00000000,2.00000000,5.44444444,0.00000000,2.81998334,38.92311309,1505.15555556
mitdb,231,231,,clean_after_5min,125,11,4.88281250,1375,14.16206360,150,1278,1278,1278,0,0,100.00000000,100.00000000,100.00000000,2.00000000,5.44444444,0.00000000,1.40761408,44.95837188,1505.15555556
mitdb,231,231,,clean_after_5min,180,6,156.25000000,1080,11.12365723,150,1278,1278,1278,0,0,100.00000000,100.00000000,100.00000000,0.00000000,2.77777778,0.00000000,46.62270831,14.55526472,1505.15555556
mitdb,231,231,,clean_after_5min,180,7,78.12500000,1260,12.97760010,150,1278,1278,1278,0,0,100.00000000,100.00000000,100.00000000,0.00000000,2.77777778,0.00000000,22.99670162,20.69390367,1505.15555556
mitdb,231,231,,clean_after_5min,180,8,39.06250000,1440,14.83154297,150,1278,1278,1278,0,0,100.00000000,100.00000000,100.00000000,0.00000000,2.77777778,0.00000000,11.27686587,26.88344638,1505.15555556
mitdb,231,231,,clean_after_5min,180,9,19.53125000,1620,16.68548584,150,1278,1278,1278,0,0,100.00000000,100.00000000,100.00000000,0.00000000,2.77777778,0.00000000,5.63624105,32.90742351,1505.15555556
mitdb,231,231,,clean_after_5min,180,10,9.76562500,1800,18.53942871,150,1278,1278,1278,0,0,100.00000000,100.00000000,100.00000000,0.00000000,2.77777778,0.00000000,2.81636881,38.93342414,1505.15555556
mitdb,231,231,,clean_after_5min,180,11,4.88281250,1980,20.39337158,150,1278,1278,1278,0,0,100.00000000,100.00000000,100.00000000,0.00000000,2.77777778,0.00000000,1.40956546,44.94550970,1505.15555556
mitdb,231,231,,clean_after_5min,250,6,156.25000000,1500,15.44952393,150,1278,1278,1278,0,0,100.00000000,100.00000000,100.00000000,1.11111111,2.88888889,0.00000000,46.61835555,14.55715681,1505.15555556
mitdb,231,231,,clean_after_5min,250,7,78.12500000,1750,18.02444458,150,1278,1278,1278,0,0,100.00000000,100.00000000,100.00000000,1.11111111,2.88888889,0.00000000,22.99574521,20.69534604,1505.15555556
mitdb,231,231,,clean_after_5min,250,8,39.06250000,2000,20.59936523,150,1278,1278,1278,0,0,100.00000000,100.00000000,100.00000000,1.11111111,2.88888889,0.00000000,11.28314338,26.87969367,1505.15555556
mitdb,231,231,,clean_after_5min,250,9,19.53125000,2250,23.17428589,150,1278,1278,1278,0,0,100.00000000,100.00000000,100.00000000,1.11111111,2.88888889,0.00000000,5.63534120,32.90989149,1505.15555556
mitdb,231,231,,clean_after_5min,250,10,9.76562500,2500,25.74920654,150,1278,1278,1278,0,0,100.00000000,100.00000000,100.00000000,1.11111111,2.88888889,0.00000000,2.81776577,38.93019804,1505.15555556
mitdb,231,231,,clean_after_5min,250,11,4.88281250,2750,28.32412720,150,1278,1278,1278,0,0,100.00000000,100.00000000,100.00000000,1.11111111,2.88888889,0.00000000,1.40845957,44.95340813,1505.15555556
mitdb,231,231,,clean_after_5min,360,6,156.25000000,2160,22.24731445,150,1278,1278,1278,0,0,100.00000000,100.00000000,100.00000000,0.00000000,2.77777778,0.00000000,46.62609462,14.55043204,1505.15555556
mitdb,231,231,,clean_after_5min,360,7,78.12500000,2520,25.95520020,150,1278,1278,1278,0,0,100.00000000,100.00000000,100.00000000,0.00000000,2.77777778,0.00000000,22.98949751,20.69242328,1505.15555556
mitdb,231,231,,clean_after_5min,360,8,39.06250000,2880,29.66308594,150,1278,1278,1278,0,0,100.00000000,100.00000000,100.00000000,0.00000000,2.77777778,0.00000000,11.28239475,26.87498704,1505.15555556
mitdb,231,231,,clean_after_5min,360,9,19.53125000,3240,33.37097168,150,1278,1278,1278,0,0,100.00000000,100.00000000,100.00000000,0.00000000,2.77777778,0.00000000,5.63901530,32.89894740,1505.15555556
mitdb,231,231,,clean_after_5min,360,10,9.76562500,3600,37.07885742,150,1278,1278,1278,0,0,100.00000000,100.00000000,100.00000000,0.00000000,2.77777778,0.00000000,2.81660503,38.92849385,1505.15555556
mitdb,231,231,,clean_after_5min,360,11,4.88281250,3960,40.78674316,150,1278,1278,1278,0,0,100.00000000,100.00000000,100.00000000,0.00000000,2.77777778,0.00000000,1.40969790,44.94049182,1505.15555556
mitdb,232,232,,clean_after_5min,100,6,156.25000000,600,6.17980957,75,1485,1669,1481,188,4,99.73063973,88.73576992,93.91249207,6.11111111,11.66666667,0.00000000,40.00853304,10.84096968,1505.15555556
mitdb,232,232,,clean_after_5min,100,7,78.12500000,700,7.20977783,75,1485,1518,1483,35,2,99.86531987,97.69433465,98.76789877,6.11111111,66.66666667,0.00000000,22.22750258,15.94620885,1505.15555556
mitdb,232,232,,clean_after_5min,100,8,39.06250000,800,8.23974609,75,1485,1517,1484,33,1,99.93265993,97.82465392,98.86742172,6.11111111,14.44444444,0.00000000,11.25861389,21.85432372,1505.15555556
mitdb,232,232,,clean_after_5min,100,9,19.53125000,900,9.26971436,75,1485,1505,1484,21,1,99.93265993,98.60465116,99.26421405,6.11111111,12.77777778,0.00000000,5.64279297,27.85413990,1505.15555556
mitdb,232,232,,clean_after_5min,100,10,9.76562500,1000,10.29968262,75,1485,1501,1482,19,3,99.79797980,98.73417722,99.26322840,6.11111111,12.77777778,0.00000000,2.82017841,33.87849055,1505.15555556
mitdb,232,232,,clean_after_5min,100,11,4.88281250,1100,11.32965088,75,1485,1507,1483,24,2,99.86531987,98.40743198,99.13101604,6.11111111,12.77777778,0.00000000,1.41035378,39.89746087,1505.15555556
mitdb,232,232,,clean_after_5min,125,6,156.25000000,750,7.72476196,75,1485,1492,1485,7,0,100.00000000,99.53083110,99.76486396,3.44444444,7.64444444,0.00000000,40.00517110,10.84203859,1505.15555556
mitdb,232,232,,clean_after_5min,125,7,78.12500000,875,9.01222229,75,1485,1488,1485,3,0,100.00000000,99.79838710,99.89909183,3.66666667,7.77777778,0.00000000,22.23470426,15.94373408,1505.15555556
mitdb,232,232,,clean_after_5min,125,8,39.06250000,1000,10.29968262,75,1485,1489,1485,4,0,100.00000000,99.73136333,99.86550101,3.55555556,7.77777778,0.00000000,11.25419598,21.85807175,1505.15555556
mitdb,232,232,,clean_after_5min,125,9,19.53125000,1125,11.58714294,75,1485,1488,1485,3,0,100.00000000,99.79838710,99.89909183,3.66666667,7.77777778,0.00000000,5.63996956,27.85882604,1505.15555556
mitdb,232,232,,clean_after_5min,125,10,9.76562500,1250,12.87460327,75,1485,1488,1485,3,0,100.00000000,99.79838710,99.89909183,3.55555556,7.66666667,0.00000000,2.82061601,33.87748190,1505.15555556
mitdb,232,232,,clean_after_5min,125,11,4.88281250,1375,14.16206360,75,1485,1488,1485,3,0,100.00000000,99.79838710,99.89909183,3.55555556,7.66666667,0.00000000,1.41257901,39.88410625,1505.15555556
mitdb,232,232,,clean_after_5min,180,6,156.25000000,1080,11.12365723,75,1485,1486,1485,1,0,100.00000000,99.93270525,99.96634130,2.77777778,5.55555556,0.00000000,40.00912133,10.83916896,1505.15555556
mitdb,232,232,,clean_after_5min,180,7,78.12500000,1260,12.97760010,75,1485,1486,1485,1,0,100.00000000,99.93270525,99.96634130,2.77777778,5.55555556,0.00000000,22.21890684,15.94789547,1505.15555556
mitdb,232,232,,clean_after_5min,180,8,39.06250000,1440,14.83154297,75,1485,1486,1485,1,0,100.00000000,99.93270525,99.96634130,2.77777778,5.55555556,0.00000000,11.26251829,21.84963904,1505.15555556
mitdb,232,232,,clean_after_5min,180,9,19.53125000,1620,16.68548584,75,1485,1486,1485,1,0,100.00000000,99.93270525,99.96634130,2.77777778,5.55555556,0.00000000,5.63557986,27.86357706,1505.15555556
mitdb,232,232,,clean_after_5min,180,10,9.76562500,1800,18.53942871,75,1485,1486,1485,1,0,100.00000000,99.93270525,99.96634130,2.77777778,5.55555556,0.00000000,2.81623519,33.88897083,1505.15555556
mitdb,232,232,,clean_after_5min,180,11,4.88281250,1980,20.39337158,75,1485,1486,1485,1,0,100.00000000,99.93270525,99.96634130,2.77777778,5.55555556,0.00000000,1.40867607,39.90612650,1505.15555556
mitdb,232,232,,clean_after_5min,250,6,156.25000000,1500,15.44952393,75,1485,1486,1485,1,0,100.00000000,99.93270525,99.96634130,1.00000000,2.88888889,0.00000000,40.01021180,10.83991257,1505.15555556
mitdb,232,232,,clean_after_5min,250,7,78.12500000,1750,18.02444458,75,1485,1486,1485,1,0,100.00000000,99.93270525,99.96634130,1.11111111,3.11111111,0.00000000,22.22651371,15.94590262,1505.15555556
mitdb,232,232,,clean_after_5min,250,8,39.06250000,2000,20.59936523,75,1485,1487,1485,2,0,100.00000000,99.86550101,99.93270525,1.11111111,3.11111111,0.00000000,11.25447359,21.85682585,1505.15555556
mitdb,232,232,,clean_after_5min,250,9,19.53125000,2250,23.17428589,75,1485,1486,1485,1,0,100.00000000,99.93270525,99.96634130,1.11111111,3.11111111,0.00000000,5.63820078,27.86051882,1505.15555556
mitdb,232,232,,clean_after_5min,250,10,9.76562500,2500,25.74920654,75,1485,1487,1485,2,0,100.00000000,99.86550101,99.93270525,1.11111111,3.11111111,0.00000000,2.81870293,33.88234344,1505.15555556
mitdb,232,232,,clean_after_5min,250,11,4.88281250,2750,28.32412720,75,1485,1487,1485,2,0,100.00000000,99.86550101,99.93270525,1.11111111,3.11111111,0.00000000,1.41189928,39.88725523,1505.15555556
mitdb,232,232,,clean_after_5min,360,6,156.25000000,2160,22.24731445,75,1485,1487,1485,2,0,100.00000000,99.86550101,99.93270525,0.00000000,2.77777778,0.00000000,40.01656921,10.83329711,1505.15555556
mitdb,232,232,,clean_after_5min,360,7,78.12500000,2520,25.95520020,75,1485,1487,1485,2,0,100.00000000,99.86550101,99.93270525,0.00000000,2.77777778,0.00000000,22.22293569,15.94206556,1505.15555556
mitdb,232,232,,clean_after_5min,360,8,39.06250000,2880,29.66308594,75,1485,1486,1485,1,0,100.00000000,99.93270525,99.96634130,0.00000000,2.77777778,0.00000000,11.25794426,21.84891227,1505.15555556
mitdb,232,232,,clean_after_5min,360,9,19.53125000,3240,33.37097168,75,1485,1486,1485,1,0,100.00000000,99.93270525,99.96634130,0.00000000,2.77777778,0.00000000,5.63463404,27.86077985,1505.15555556
mitdb,232,232,,clean_after_5min,360,10,9.76562500,3600,37.07885742,75,1485,1486,1485,1,0,100.00000000,99.93270525,99.96634130,0.00000000,2.77777778,0.00000000,2.81830074,33.87834746,1505.15555556
mitdb,232,232,,clean_after_5min,360,11,4.88281250,3960,40.78674316,75,1485,1486,1485,1,0,100.00000000,99.93270525,99.96634130,0.00000000,2.77777778,0.00000000,1.41025168,39.89216163,1505.15555556
mitdb,232,232,,clean_after_5min,100,6,156.25000000,600,6.17980957,150,1485,1669,1484,185,1,99.93265993,88.91551827,94.10272670,6.11111111,11.66666667,0.00000000,40.00853304,10.84096968,1505.15555556
mitdb,232,232,,clean_after_5min,100,7,78.12500000,700,7.20977783,150,1485,1518,1484,34,1,99.93265993,97.76021080,98.83449883,6.11111111,66.66666667,0.00000000,22.22750258,15.94620885,1505.15555556
mitdb,232,232,,clean_after_5min,100,8,39.06250000,800,8.23974609,150,1485,1517,1485,32,0,100.00000000,97.89057350,98.93404397,6.11111111,41.55555556,0.00000000,11.25861389,21.85432372,1505.15555556
mitdb,232,232,,clean_after_5min,100,9,19.53125000,900,9.26971436,150,1485,1505,1485,20,0,100.00000000,98.67109635,99.33110368,6.11111111,14.11111111,0.00000000,5.64279297,27.85413990,1505.15555556
mitdb,232,232,,clean_after_5min,100,10,9.76562500,1000,10.29968262,150,1485,1501,1483,18,2,99.86531987,98.80079947,99.33020764,6.11111111,12.77777778,0.00000000,2.82017841,33.87849055,1505.15555556
mitdb,232,232,,clean_after_5min,100,11,4.88281250,1100,11.32965088,150,1485,1507,1484,23,1,99.93265993,98.47378898,99.19786096,6.11111111,12.77777778,0.00000000,1.41035378,39.89746087,1505.15555556
mitdb,232,232,,clean_after_5min,125,6,156.25000000,750,7.72476196,150,1485,1492,1485,7,0,100.00000000,99.53083110,99.76486396,3.44444444,7.64444444,0.00000000,40.00517110,10.84203859,1505.15555556
mitdb,232,232,,clean_after_5min,125,7,78.12500000,875,9.01222229,150,1485,1488,1485,3,0,100.00000000,99.79838710,99.89909183,3.66666667,7.77777778,0.00000000,22.23470426,15.94373408,1505.15555556
mitdb,232,232,,clean_after_5min,125,8,39.06250000,1000,10.29968262,150,1485,1489,1485,4,0,100.00000000,99.73136333,99.86550101,3.55555556,7.77777778,0.00000000,11.25419598,21.85807175,1505.15555556
mitdb,232,232,,clean_after_5min,125,9,19.53125000,1125,11.58714294,150,1485,1488,1485,3,0,100.00000000,99.79838710,99.89909183,3.66666667,7.77777778,0.00000000,5.63996956,27.85882604,1505.15555556
mitdb,232,232,,clean_after_5min,125,10,9.76562500,1250,12.87460327,150,1485,1488,1485,3,0,100.00000000,99.79838710,99.89909183,3.55555556,7.66666667,0.00000000,2.82061601,33.87748190,1505.15555556
mitdb,232,232,,clean_after_5min,125,11,4.88281250,1375,14.16206360,150,1485,1488,1485,3,0,100.00000000,99.79838710,99.89909183,3.55555556,7.66666667,0.00000000,1.41257901,39.88410625,1505.15555556
mitdb,232,232,,clean_after_5min,180,6,156.25000000,1080,11.12365723,150,1485,1486,1485,1,0,100.00000000,99.93270525,99.96634130,2.77777778,5.55555556,0.00000000,40.00912133,10.83916896,1505.15555556
mitdb,232,232,,clean_after_5min,180,7,78.12500000,1260,12.97760010,150,1485,1486,1485,1,0,100.00000000,99.93270525,99.96634130,2.77777778,5.55555556,0.00000000,22.21890684,15.94789547,1505.15555556
mitdb,232,232,,clean_after_5min,180,8,39.06250000,1440,14.83154297,150,1485,1486,1485,1,0,100.00000000,99.93270525,99.96634130,2.77777778,5.55555556,0.00000000,11.26251829,21.84963904,1505.15555556
mitdb,232,232,,clean_after_5min,180,9,19.53125000,1620,16.68548584,150,1485,1486,1485,1,0,100.00000000,99.93270525,99.96634130,2.77777778,5.55555556,0.00000000,5.63557986,27.86357706,1505.15555556
mitdb,232,232,,clean_after_5min,180,10,9.76562500,1800,18.53942871,150,1485,1486,1485,1,0,100.00000000,99.93270525,99.96634130,2.77777778,5.55555556,0.00000000,2.81623519,33.88897083,1505.15555556
mitdb,232,232,,clean_after_5min,180,11,4.88281250,1980,20.39337158,150,1485,1486,1485,1,0,100.00000000,99.93270525,99.96634130,2.77777778,5.55555556,0.00000000,1.40867607,39.90612650,1505.15555556
mitdb,232,232,,clean_after_5min,250,6,156.25000000,1500,15.44952393,150,1485,1486,1485,1,0,100.00000000,99.93270525,99.96634130,1.00000000,2.88888889,0.00000000,40.01021180,10.83991257,1505.15555556
mitdb,232,232,,clean_after_5min,250,7,78.12500000,1750,18.02444458,150,1485,1486,1485,1,0,100.00000000,99.93270525,99.96634130,1.11111111,3.11111111,0.00000000,22.22651371,15.94590262,1505.15555556
mitdb,232,232,,clean_after_5min,250,8,39.06250000,2000,20.59936523,150,1485,1487,1485,2,0,100.00000000,99.86550101,99.93270525,1.11111111,3.11111111,0.00000000,11.25447359,21.85682585,1505.15555556
mitdb,232,232,,clean_after_5min,250,9,19.53125000,2250,23.17428589,150,1485,1486,1485,1,0,100.00000000,99.93270525,99.96634130,1.11111111,3.11111111,0.00000000,5.63820078,27.86051882,1505.15555556
mitdb,232,232,,clean_after_5min,250,10,9.76562500,2500,25.74920654,150,1485,1487,1485,2,0,100.00000000,99.86550101,99.93270525,1.11111111,3.11111111,0.00000000,2.81870293,33.88234344,1505.15555556
mitdb,232,232,,clean_after_5min,250,11,4.88281250,2750,28.32412720,150,1485,1487,1485,2,0,100.00000000,99.86550101,99.93270525,1.11111111,3.11111111,0.00000000,1.41189928,39.88725523,1505.15555556
mitdb,232,232,,clean_after_5min,360,6,156.25000000,2160,22.24731445,150,1485,1487,1485,2,0,100.00000000,99.86550101,99.93270525,0.00000000,2.77777778,0.00000000,40.01656921,10.83329711,1505.15555556
mitdb,232,232,,clean_after_5min,360,7,78.12500000,2520,25.95520020,150,1485,1487,1485,2,0,100.00000000,99.86550101,99.93270525,0.00000000,2.77777778,0.00000000,22.22293569,15.94206556,1505.15555556
mitdb,232,232,,clean_after_5min,360,8,39.06250000,2880,29.66308594,150,1485,1486,1485,1,0,100.00000000,99.93270525,99.96634130,0.00000000,2.77777778,0.00000000,11.25794426,21.84891227,1505.15555556
mitdb,232,232,,clean_after_5min,360,9,19.53125000,3240,33.37097168,150,1485,1486,1485,1,0,100.00000000,99.93270525,99.96634130,0.00000000,2.77777778,0.00000000,5.63463404,27.86077985,1505.15555556
mitdb,232,232,,clean_after_5min,360,10,9.76562500,3600,37.07885742,150,1485,1486,1485,1,0,100.00000000,99.93270525,99.96634130,0.00000000,2.77777778,0.00000000,2.81830074,33.87834746,1505.15555556
mitdb,232,232,,clean_after_5min,360,11,4.88281250,3960,40.78674316,150,1485,1486,1485,1,0,100.00000000,99.93270525,99.96634130,0.00000000,2.77777778,0.00000000,1.41025168,39.89216163,1505.15555556
mitdb,233,233,,clean_after_5min,100,6,156.25000000,600,6.17980957,75,2559,2558,2523,35,36,98.59320047,98.63174355,98.61246824,58.88888889,65.55555556,0.00000000,45.24995344,21.02504281,1505.15555556
mitdb,233,233,,clean_after_5min,100,7,78.12500000,700,7.20977783,75,2559,2559,2541,18,18,99.29660023,99.29660023,99.29660023,58.33333333,65.55555556,0.00000000,22.65895453,27.03260819,1505.15555556
mitdb,233,233,,clean_after_5min,100,8,39.06250000,800,8.23974609,75,2559,2559,2536,23,23,99.10121141,99.10121141,99.10121141,58.33333333,65.00000000,0.00000000,11.25535917,33.11021838,1505.15555556
mitdb,233,233,,clean_after_5min,100,9,19.53125000,900,9.26971436,75,2559,2559,2532,27,27,98.94490035,98.94490035,98.94490035,58.33333333,65.00000000,0.00000000,5.63514820,39.11929870,1505.15555556
mitdb,233,233,,clean_after_5min,100,10,9.76562500,1000,10.29968262,75,2559,2558,2535,23,24,99.06213365,99.10086005,99.08149306,58.33333333,65.00000000,0.00000000,2.81991128,45.13269664,1505.15555556
mitdb,233,233,,clean_after_5min,100,11,4.88281250,1100,11.32965088,75,2559,2559,2534,25,25,99.02305588,99.02305588,99.02305588,58.33333333,65.00000000,0.00000000,1.40775010,51.16689419,1505.15555556
mitdb,233,233,,clean_after_5min,125,6,156.25000000,750,7.72476196,75,2559,2558,2558,0,1,99.96092224,100.00000000,99.98045730,3.33333333,55.88888889,0.00000000,45.21106111,21.03251223,1505.15555556
mitdb,233,233,,clean_after_5min,125,7,78.12500000,875,9.01222229,75,2559,2557,2557,0,2,99.92184447,100.00000000,99.96090696,3.44444444,56.24444444,0.00000000,22.64662846,27.03733513,1505.15555556
mitdb,233,233,,clean_after_5min,125,8,39.06250000,1000,10.29968262,75,2559,2558,2558,0,1,99.96092224,100.00000000,99.98045730,3.44444444,56.11111111,0.00000000,11.27879317,33.09215358,1505.15555556
mitdb,233,233,,clean_after_5min,125,9,19.53125000,1125,11.58714294,75,2559,2558,2558,0,1,99.96092224,100.00000000,99.98045730,3.44444444,56.11111111,0.00000000,5.63361303,39.12166599,1505.15555556
mitdb,233,233,,clean_after_5min,125,10,9.76562500,1250,12.87460327,75,2559,2558,2558,0,1,99.96092224,100.00000000,99.98045730,3.44444444,56.11111111,0.00000000,2.81873714,45.13631468,1505.15555556
mitdb,233,233,,clean_after_5min,125,11,4.88281250,1375,14.16206360,75,2559,2558,2558,0,1,99.96092224,100.00000000,99.98045730,3.44444444,56.11111111,0.00000000,1.40964040,51.15523946,1505.15555556
mitdb,233,233,,clean_after_5min,180,6,156.25000000,1080,11.12365723,75,2559,2554,2554,0,5,99.80461118,100.00000000,99.90221005,2.77777778,41.66666667,0.00000000,45.25070830,21.02311372,1505.15555556
mitdb,233,233,,clean_after_5min,180,7,78.12500000,1260,12.97760010,75,2559,2554,2554,0,5,99.80461118,100.00000000,99.90221005,2.77777778,41.66666667,0.00000000,22.66822886,27.02726957,1505.15555556
mitdb,233,233,,clean_after_5min,180,8,39.06250000,1440,14.83154297,75,2559,2554,2554,0,5,99.80461118,100.00000000,99.90221005,2.77777778,41.66666667,0.00000000,11.26826029,33.09848394,1505.15555556
mitdb,233,233,,clean_after_5min,180,9,19.53125000,1620,16.68548584,75,2559,2554,2554,0,5,99.80461118,100.00000000,99.90221005,2.77777778,41.66666667,0.00000000,5.63828779,39.11267656,1505.15555556
mitdb,233,233,,clean_after_5min,180,10,9.76562500,1800,18.53942871,75,2559,2554,2554,0,5,99.80461118,100.00000000,99.90221005,2.77777778,41.66666667,0.00000000,2.81612093,45.14259535,1505.15555556
mitdb,233,233,,clean_after_5min,180,11,4.88281250,1980,20.39337158,75,2559,2554,2554,0,5,99.80461118,100.00000000,99.90221005,2.77777778,41.66666667,0.00000000,1.40981693,51.15236689,1505.15555556
mitdb,233,233,,clean_after_5min,250,6,156.25000000,1500,15.44952393,75,2559,2549,2549,0,10,99.60922235,100.00000000,99.80422866,1.33333333,40.11111111,0.00000000,45.23724547,21.02594598,1505.15555556
mitdb,233,233,,clean_after_5min,250,7,78.12500000,1750,18.02444458,75,2559,2549,2549,0,10,99.60922235,100.00000000,99.80422866,1.33333333,40.11111111,0.00000000,22.64896523,27.03490173,1505.15555556
mitdb,233,233,,clean_after_5min,250,8,39.06250000,2000,20.59936523,75,2559,2549,2549,0,10,99.60922235,100.00000000,99.80422866,1.33333333,40.22222222,0.00000000,11.27061073,33.09692003,1505.15555556
mitdb,233,233,,clean_after_5min,250,9,19.53125000,2250,23.17428589,75,2559,2549,2549,0,10,99.60922235,100.00000000,99.80422866,1.33333333,40.11111111,0.00000000,5.63677386,39.11525680,1505.15555556
mitdb,233,233,,clean_after_5min,250,10,9.76562500,2500,25.74920654,75,2559,2549,2549,0,10,99.60922235,100.00000000,99.80422866,1.33333333,40.17777778,0.00000000,2.81537857,45.14513300,1505.15555556
mitdb,233,233,,clean_after_5min,250,11,4.88281250,2750,28.32412720,75,2559,2549,2549,0,10,99.60922235,100.00000000,99.80422866,1.33333333,40.22222222,0.00000000,1.41066801,51.14737266,1505.15555556
mitdb,233,233,,clean_after_5min,360,6,156.25000000,2160,22.24731445,75,2559,2546,2546,0,13,99.49198906,100.00000000,99.74534770,0.00000000,38.88888889,0.00000000,45.23264841,21.02250681,1505.15555556
mitdb,233,233,,clean_after_5min,360,7,78.12500000,2520,25.95520020,75,2559,2546,2546,0,13,99.49198906,100.00000000,99.74534770,0.00000000,38.88888889,0.00000000,22.66815072,27.02322532,1505.15555556
mitdb,233,233,,clean_after_5min,360,8,39.06250000,2880,29.66308594,75,2559,2546,2546,0,13,99.49198906,100.00000000,99.74534770,0.00000000,38.88888889,0.00000000,11.26329896,33.09823491,1505.15555556
mitdb,233,233,,clean_after_5min,360,9,19.53125000,3240,33.37097168,75,2559,2546,2546,0,13,99.49198906,100.00000000,99.74534770,0.00000000,38.88888889,0.00000000,5.63670413,39.11104236,1505.15555556
mitdb,233,233,,clean_after_5min,360,10,9.76562500,3600,37.07885742,75,2559,2546,2546,0,13,99.49198906,100.00000000,99.74534770,0.00000000,38.88888889,0.00000000,2.81750543,45.13425192,1505.15555556
mitdb,233,233,,clean_after_5min,360,11,4.88281250,3960,40.78674316,75,2559,2546,2546,0,13,99.49198906,100.00000000,99.74534770,0.00000000,38.88888889,0.00000000,1.40981117,51.14832824,1505.15555556
mitdb,233,233,,clean_after_5min,100,6,156.25000000,600,6.17980957,150,2559,2558,2557,1,2,99.92184447,99.96090696,99.94137190,58.88888889,66.11111111,0.00000000,45.24995344,21.02504281,1505.15555556
mitdb,233,233,,clean_after_5min,100,7,78.12500000,700,7.20977783,150,2559,2559,2558,1,1,99.96092224,99.96092224,99.96092224,58.88888889,65.55555556,0.00000000,22.65895453,27.03260819,1505.15555556
mitdb,233,233,,clean_after_5min,100,8,39.06250000,800,8.23974609,150,2559,2559,2558,1,1,99.96092224,99.96092224,99.96092224,58.88888889,65.55555556,0.00000000,11.25535917,33.11021838,1505.15555556
mitdb,233,233,,clean_after_5min,100,9,19.53125000,900,9.26971436,150,2559,2559,2558,1,1,99.96092224,99.96092224,99.96092224,58.33333333,65.55555556,0.00000000,5.63514820,39.11929870,1505.15555556
mitdb,233,233,,clean_after_5min,100,10,9.76562500,1000,10.29968262,150,2559,2558,2557,1,2,99.92184447,99.96090696,99.94137190,58.88888889,65.55555556,0.00000000,2.81991128,45.13269664,1505.15555556
mitdb,233,233,,clean_after_5min,100,11,4.88281250,1100,11.32965088,150,2559,2559,2558,1,1,99.96092224,99.96092224,99.96092224,58.88888889,65.55555556,0.00000000,1.40775010,51.16689419,1505.15555556
mitdb,233,233,,clean_after_5min,125,6,156.25000000,750,7.72476196,150,2559,2558,2558,0,1,99.96092224,100.00000000,99.98045730,3.33333333,55.88888889,0.00000000,45.21106111,21.03251223,1505.15555556
mitdb,233,233,,clean_after_5min,125,7,78.12500000,875,9.01222229,150,2559,2557,2557,0,2,99.92184447,100.00000000,99.96090696,3.44444444,56.24444444,0.00000000,22.64662846,27.03733513,1505.15555556
mitdb,233,233,,clean_after_5min,125,8,39.06250000,1000,10.29968262,150,2559,2558,2558,0,1,99.96092224,100.00000000,99.98045730,3.44444444,56.11111111,0.00000000,11.27879317,33.09215358,1505.15555556
mitdb,233,233,,clean_after_5min,125,9,19.53125000,1125,11.58714294,150,2559,2558,2558,0,1,99.96092224,100.00000000,99.98045730,3.44444444,56.11111111,0.00000000,5.63361303,39.12166599,1505.15555556
mitdb,233,233,,clean_after_5min,125,10,9.76562500,1250,12.87460327,150,2559,2558,2558,0,1,99.96092224,100.00000000,99.98045730,3.44444444,56.11111111,0.00000000,2.81873714,45.13631468,1505.15555556
mitdb,233,233,,clean_after_5min,125,11,4.88281250,1375,14.16206360,150,2559,2558,2558,0,1,99.96092224,100.00000000,99.98045730,3.44444444,56.11111111,0.00000000,1.40964040,51.15523946,1505.15555556
mitdb,233,233,,clean_after_5min,180,6,156.25000000,1080,11.12365723,150,2559,2554,2554,0,5,99.80461118,100.00000000,99.90221005,2.77777778,41.66666667,0.00000000,45.25070830,21.02311372,1505.15555556
mitdb,233,233,,clean_after_5min,180,7,78.12500000,1260,12.97760010,150,2559,2554,2554,0,5,99.80461118,100.00000000,99.90221005,2.77777778,41.66666667,0.00000000,22.66822886,27.02726957,1505.15555556
mitdb,233,233,,clean_after_5min,180,8,39.06250000,1440,14.83154297,150,2559,2554,2554,0,5,99.80461118,100.00000000,99.90221005,2.77777778,41.66666667,0.00000000,11.26826029,33.09848394,1505.15555556
mitdb,233,233,,clean_after_5min,180,9,19.53125000,1620,16.68548584,150,2559,2554,2554,0,5,99.80461118,100.00000000,99.90221005,2.77777778,41.66666667,0.00000000,5.63828779,39.11267656,1505.15555556
mitdb,233,233,,clean_after_5min,180,10,9.76562500,1800,18.53942871,150,2559,2554,2554,0,5,99.80461118,100.00000000,99.90221005,2.77777778,41.66666667,0.00000000,2.81612093,45.14259535,1505.15555556
mitdb,233,233,,clean_after_5min,180,11,4.88281250,1980,20.39337158,150,2559,2554,2554,0,5,99.80461118,100.00000000,99.90221005,2.77777778,41.66666667,0.00000000,1.40981693,51.15236689,1505.15555556
mitdb,233,233,,clean_after_5min,250,6,156.25000000,1500,15.44952393,150,2559,2549,2549,0,10,99.60922235,100.00000000,99.80422866,1.33333333,40.11111111,0.00000000,45.23724547,21.02594598,1505.15555556
mitdb,233,233,,clean_after_5min,250,7,78.12500000,1750,18.02444458,150,2559,2549,2549,0,10,99.60922235,100.00000000,99.80422866,1.33333333,40.11111111,0.00000000,22.64896523,27.03490173,1505.15555556
mitdb,233,233,,clean_after_5min,250,8,39.06250000,2000,20.59936523,150,2559,2549,2549,0,10,99.60922235,100.00000000,99.80422866,1.33333333,40.22222222,0.00000000,11.27061073,33.09692003,1505.15555556
mitdb,233,233,,clean_after_5min,250,9,19.53125000,2250,23.17428589,150,2559,2549,2549,0,10,99.60922235,100.00000000,99.80422866,1.33333333,40.11111111,0.00000000,5.63677386,39.11525680,1505.15555556
mitdb,233,233,,clean_after_5min,250,10,9.76562500,2500,25.74920654,150,2559,2549,2549,0,10,99.60922235,100.00000000,99.80422866,1.33333333,40.17777778,0.00000000,2.81537857,45.14513300,1505.15555556
mitdb,233,233,,clean_after_5min,250,11,4.88281250,2750,28.32412720,150,2559,2549,2549,0,10,99.60922235,100.00000000,99.80422866,1.33333333,40.22222222,0.00000000,1.41066801,51.14737266,1505.15555556
mitdb,233,233,,clean_after_5min,360,6,156.25000000,2160,22.24731445,150,2559,2546,2546,0,13,99.49198906,100.00000000,99.74534770,0.00000000,38.88888889,0.00000000,45.23264841,21.02250681,1505.15555556
mitdb,233,233,,clean_after_5min,360,7,78.12500000,2520,25.95520020,150,2559,2546,2546,0,13,99.49198906,100.00000000,99.74534770,0.00000000,38.88888889,0.00000000,22.66815072,27.02322532,1505.15555556
mitdb,233,233,,clean_after_5min,360,8,39.06250000,2880,29.66308594,150,2559,2546,2546,0,13,99.49198906,100.00000000,99.74534770,0.00000000,38.88888889,0.00000000,11.26329896,33.09823491,1505.15555556
mitdb,233,233,,clean_after_5min,360,9,19.53125000,3240,33.37097168,150,2559,2546,2546,0,13,99.49198906,100.00000000,99.74534770,0.00000000,38.88888889,0.00000000,5.63670413,39.11104236,1505.15555556
mitdb,233,233,,clean_after_5min,360,10,9.76562500,3600,37.07885742,150,2559,2546,2546,0,13,99.49198906,100.00000000,99.74534770,0.00000000,38.88888889,0.00000000,2.81750543,45.13425192,1505.15555556
mitdb,233,233,,clean_after_5min,360,11,4.88281250,3960,40.78674316,150,2559,2546,2546,0,13,99.49198906,100.00000000,99.74534770,0.00000000,38.88888889,0.00000000,1.40981117,51.14832824,1505.15555556
mitdb,234,234,,clean_after_5min,100,6,156.25000000,600,6.17980957,75,2291,2291,2291,0,0,100.00000000,100.00000000,100.00000000,57.77777778,62.77777778,0.00000000,41.12370134,16.83034150,1505.15555556
mitdb,234,234,,clean_after_5min,100,7,78.12500000,700,7.20977783,75,2291,2291,2291,0,0,100.00000000,100.00000000,100.00000000,58.33333333,63.33333333,0.00000000,23.15550970,21.81909853,1505.15555556
mitdb,234,234,,clean_after_5min,100,8,39.06250000,800,8.23974609,75,2291,2291,2291,0,0,100.00000000,100.00000000,100.00000000,58.33333333,63.33333333,0.00000000,11.28739678,28.06030959,1505.15555556
mitdb,234,234,,clean_after_5min,100,9,19.53125000,900,9.26971436,75,2291,2291,2291,0,0,100.00000000,100.00000000,100.00000000,58.33333333,63.33333333,0.00000000,5.62738622,34.10605097,1505.15555556
mitdb,234,234,,clean_after_5min,100,10,9.76562500,1000,10.29968262,75,2291,2291,2291,0,0,100.00000000,100.00000000,100.00000000,58.33333333,63.33333333,0.00000000,2.81617777,40.11898412,1505.15555556
mitdb,234,234,,clean_after_5min,100,11,4.88281250,1100,11.32965088,75,2291,2291,2291,0,0,100.00000000,100.00000000,100.00000000,58.33333333,63.33333333,0.00000000,1.41043142,46.12514592,1505.15555556
mitdb,234,234,,clean_after_5min,125,6,156.25000000,750,7.72476196,75,2291,2291,2291,0,0,100.00000000,100.00000000,100.00000000,2.11111111,4.66666667,0.00000000,41.18658893,16.81758504,1505.15555556
mitdb,234,234,,clean_after_5min,125,7,78.12500000,875,9.01222229,75,2291,2291,2291,0,0,100.00000000,100.00000000,100.00000000,2.00000000,4.44444444,0.00000000,23.12837140,21.82980049,1505.15555556
mitdb,234,234,,clean_after_5min,125,8,39.06250000,1000,10.29968262,75,2291,2291,2291,0,0,100.00000000,100.00000000,100.00000000,2.00000000,4.44444444,0.00000000,11.29488186,28.05506770,1505.15555556
mitdb,234,234,,clean_after_5min,125,9,19.53125000,1125,11.58714294,75,2291,2291,2291,0,0,100.00000000,100.00000000,100.00000000,2.00000000,4.33333333,0.00000000,5.63461269,34.09542016,1505.15555556
mitdb,234,234,,clean_after_5min,125,10,9.76562500,1250,12.87460327,75,2291,2291,2291,0,0,100.00000000,100.00000000,100.00000000,2.00000000,4.44444444,0.00000000,2.81946522,40.10936672,1505.15555556
mitdb,234,234,,clean_after_5min,125,11,4.88281250,1375,14.16206360,75,2291,2291,2291,0,0,100.00000000,100.00000000,100.00000000,2.00000000,4.44444444,0.00000000,1.40829427,46.13883333,1505.15555556
mitdb,234,234,,clean_after_5min,180,6,156.25000000,1080,11.12365723,75,2291,2288,2288,0,3,99.86905282,100.00000000,99.93448351,2.77777778,2.77777778,0.00000000,41.13073935,16.82791044,1505.15555556
mitdb,234,234,,clean_after_5min,180,7,78.12500000,1260,12.97760010,75,2291,2288,2288,0,3,99.86905282,100.00000000,99.93448351,2.77777778,2.77777778,0.00000000,23.12594639,21.82925048,1505.15555556
mitdb,234,234,,clean_after_5min,180,8,39.06250000,1440,14.83154297,75,2291,2288,2288,0,3,99.86905282,100.00000000,99.93448351,2.77777778,2.77777778,0.00000000,11.28754867,28.05924805,1505.15555556
mitdb,234,234,,clean_after_5min,180,9,19.53125000,1620,16.68548584,75,2291,2288,2288,0,3,99.86905282,100.00000000,99.93448351,2.77777778,2.77777778,0.00000000,5.63897625,34.08723546,1505.15555556
mitdb,234,234,,clean_after_5min,180,10,9.76562500,1800,18.53942871,75,2291,2288,2288,0,3,99.86905282,100.00000000,99.93448351,2.77777778,2.77777778,0.00000000,2.81887398,40.10972756,1505.15555556
mitdb,234,234,,clean_after_5min,180,11,4.88281250,1980,20.39337158,75,2291,2288,2288,0,3,99.86905282,100.00000000,99.93448351,2.77777778,2.77777778,0.00000000,1.40954652,46.12965249,1505.15555556
mitdb,234,234,,clean_after_5min,250,6,156.25000000,1500,15.44952393,75,2291,2288,2288,0,3,99.86905282,100.00000000,99.93448351,1.11111111,2.77777778,0.00000000,41.13312431,16.82868410,1505.15555556
mitdb,234,234,,clean_after_5min,250,7,78.12500000,1750,18.02444458,75,2291,2288,2288,0,3,99.86905282,100.00000000,99.93448351,1.00000000,2.66666667,0.00000000,23.12831023,21.82963998,1505.15555556
mitdb,234,234,,clean_after_5min,250,8,39.06250000,2000,20.59936523,75,2291,2288,2288,0,3,99.86905282,100.00000000,99.93448351,1.00000000,2.66666667,0.00000000,11.29057571,28.05819632,1505.15555556
mitdb,234,234,,clean_after_5min,250,9,19.53125000,2250,23.17428589,75,2291,2288,2288,0,3,99.86905282,100.00000000,99.93448351,1.00000000,2.66666667,0.00000000,5.63421720,34.09584636,1505.15555556
mitdb,234,234,,clean_after_5min,250,10,9.76562500,2500,25.74920654,75,2291,2288,2288,0,3,99.86905282,100.00000000,99.93448351,1.00000000,2.66666667,0.00000000,2.81863874,40.11172974,1505.15555556
mitdb,234,234,,clean_after_5min,250,11,4.88281250,2750,28.32412720,75,2291,2288,2288,0,3,99.86905282,100.00000000,99.93448351,1.00000000,2.66666667,0.00000000,1.40888909,46.13498196,1505.15555556
mitdb,234,234,,clean_after_5min,360,6,156.25000000,2160,22.24731445,75,2291,2288,2288,0,3,99.86905282,100.00000000,99.93448351,0.00000000,2.77777778,0.00000000,41.14170111,16.82057057,1505.15555556
mitdb,234,234,,clean_after_5min,360,7,78.12500000,2520,25.95520020,75,2291,2288,2288,0,3,99.86905282,100.00000000,99.93448351,0.00000000,0.00000000,0.00000000,23.12022613,21.82637392,1505.15555556
mitdb,234,234,,clean_after_5min,360,8,39.06250000,2880,29.66308594,75,2291,2288,2288,0,3,99.86905282,100.00000000,99.93448351,0.00000000,0.00000000,0.00000000,11.29312167,28.04993532,1505.15555556
mitdb,234,234,,clean_after_5min,360,9,19.53125000,3240,33.37097168,75,2291,2288,2288,0,3,99.86905282,100.00000000,99.93448351,0.00000000,0.00000000,0.00000000,5.63570048,34.08725740,1505.15555556
mitdb,234,234,,clean_after_5min,360,10,9.76562500,3600,37.07885742,75,2291,2288,2288,0,3,99.86905282,100.00000000,99.93448351,0.00000000,0.00000000,0.00000000,2.81884107,40.10480364,1505.15555556
mitdb,234,234,,clean_after_5min,360,11,4.88281250,3960,40.78674316,75,2291,2288,2288,0,3,99.86905282,100.00000000,99.93448351,0.00000000,0.00000000,0.00000000,1.40854912,46.13077552,1505.15555556
mitdb,234,234,,clean_after_5min,100,6,156.25000000,600,6.17980957,150,2291,2291,2291,0,0,100.00000000,100.00000000,100.00000000,57.77777778,62.77777778,0.00000000,41.12370134,16.83034150,1505.15555556
mitdb,234,234,,clean_after_5min,100,7,78.12500000,700,7.20977783,150,2291,2291,2291,0,0,100.00000000,100.00000000,100.00000000,58.33333333,63.33333333,0.00000000,23.15550970,21.81909853,1505.15555556
mitdb,234,234,,clean_after_5min,100,8,39.06250000,800,8.23974609,150,2291,2291,2291,0,0,100.00000000,100.00000000,100.00000000,58.33333333,63.33333333,0.00000000,11.28739678,28.06030959,1505.15555556
mitdb,234,234,,clean_after_5min,100,9,19.53125000,900,9.26971436,150,2291,2291,2291,0,0,100.00000000,100.00000000,100.00000000,58.33333333,63.33333333,0.00000000,5.62738622,34.10605097,1505.15555556
mitdb,234,234,,clean_after_5min,100,10,9.76562500,1000,10.29968262,150,2291,2291,2291,0,0,100.00000000,100.00000000,100.00000000,58.33333333,63.33333333,0.00000000,2.81617777,40.11898412,1505.15555556
mitdb,234,234,,clean_after_5min,100,11,4.88281250,1100,11.32965088,150,2291,2291,2291,0,0,100.00000000,100.00000000,100.00000000,58.33333333,63.33333333,0.00000000,1.41043142,46.12514592,1505.15555556
mitdb,234,234,,clean_after_5min,125,6,156.25000000,750,7.72476196,150,2291,2291,2291,0,0,100.00000000,100.00000000,100.00000000,2.11111111,4.66666667,0.00000000,41.18658893,16.81758504,1505.15555556
mitdb,234,234,,clean_after_5min,125,7,78.12500000,875,9.01222229,150,2291,2291,2291,0,0,100.00000000,100.00000000,100.00000000,2.00000000,4.44444444,0.00000000,23.12837140,21.82980049,1505.15555556
mitdb,234,234,,clean_after_5min,125,8,39.06250000,1000,10.29968262,150,2291,2291,2291,0,0,100.00000000,100.00000000,100.00000000,2.00000000,4.44444444,0.00000000,11.29488186,28.05506770,1505.15555556
mitdb,234,234,,clean_after_5min,125,9,19.53125000,1125,11.58714294,150,2291,2291,2291,0,0,100.00000000,100.00000000,100.00000000,2.00000000,4.33333333,0.00000000,5.63461269,34.09542016,1505.15555556
mitdb,234,234,,clean_after_5min,125,10,9.76562500,1250,12.87460327,150,2291,2291,2291,0,0,100.00000000,100.00000000,100.00000000,2.00000000,4.44444444,0.00000000,2.81946522,40.10936672,1505.15555556
mitdb,234,234,,clean_after_5min,125,11,4.88281250,1375,14.16206360,150,2291,2291,2291,0,0,100.00000000,100.00000000,100.00000000,2.00000000,4.44444444,0.00000000,1.40829427,46.13883333,1505.15555556
mitdb,234,234,,clean_after_5min,180,6,156.25000000,1080,11.12365723,150,2291,2288,2288,0,3,99.86905282,100.00000000,99.93448351,2.77777778,2.77777778,0.00000000,41.13073935,16.82791044,1505.15555556
mitdb,234,234,,clean_after_5min,180,7,78.12500000,1260,12.97760010,150,2291,2288,2288,0,3,99.86905282,100.00000000,99.93448351,2.77777778,2.77777778,0.00000000,23.12594639,21.82925048,1505.15555556
mitdb,234,234,,clean_after_5min,180,8,39.06250000,1440,14.83154297,150,2291,2288,2288,0,3,99.86905282,100.00000000,99.93448351,2.77777778,2.77777778,0.00000000,11.28754867,28.05924805,1505.15555556
mitdb,234,234,,clean_after_5min,180,9,19.53125000,1620,16.68548584,150,2291,2288,2288,0,3,99.86905282,100.00000000,99.93448351,2.77777778,2.77777778,0.00000000,5.63897625,34.08723546,1505.15555556
mitdb,234,234,,clean_after_5min,180,10,9.76562500,1800,18.53942871,150,2291,2288,2288,0,3,99.86905282,100.00000000,99.93448351,2.77777778,2.77777778,0.00000000,2.81887398,40.10972756,1505.15555556
mitdb,234,234,,clean_after_5min,180,11,4.88281250,1980,20.39337158,150,2291,2288,2288,0,3,99.86905282,100.00000000,99.93448351,2.77777778,2.77777778,0.00000000,1.40954652,46.12965249,1505.15555556
mitdb,234,234,,clean_after_5min,250,6,156.25000000,1500,15.44952393,150,2291,2288,2288,0,3,99.86905282,100.00000000,99.93448351,1.11111111,2.77777778,0.00000000,41.13312431,16.82868410,1505.15555556
mitdb,234,234,,clean_after_5min,250,7,78.12500000,1750,18.02444458,150,2291,2288,2288,0,3,99.86905282,100.00000000,99.93448351,1.00000000,2.66666667,0.00000000,23.12831023,21.82963998,1505.15555556
mitdb,234,234,,clean_after_5min,250,8,39.06250000,2000,20.59936523,150,2291,2288,2288,0,3,99.86905282,100.00000000,99.93448351,1.00000000,2.66666667,0.00000000,11.29057571,28.05819632,1505.15555556
mitdb,234,234,,clean_after_5min,250,9,19.53125000,2250,23.17428589,150,2291,2288,2288,0,3,99.86905282,100.00000000,99.93448351,1.00000000,2.66666667,0.00000000,5.63421720,34.09584636,1505.15555556
mitdb,234,234,,clean_after_5min,250,10,9.76562500,2500,25.74920654,150,2291,2288,2288,0,3,99.86905282,100.00000000,99.93448351,1.00000000,2.66666667,0.00000000,2.81863874,40.11172974,1505.15555556
mitdb,234,234,,clean_after_5min,250,11,4.88281250,2750,28.32412720,150,2291,2288,2288,0,3,99.86905282,100.00000000,99.93448351,1.00000000,2.66666667,0.00000000,1.40888909,46.13498196,1505.15555556
mitdb,234,234,,clean_after_5min,360,6,156.25000000,2160,22.24731445,150,2291,2288,2288,0,3,99.86905282,100.00000000,99.93448351,0.00000000,2.77777778,0.00000000,41.14170111,16.82057057,1505.15555556
mitdb,234,234,,clean_after_5min,360,7,78.12500000,2520,25.95520020,150,2291,2288,2288,0,3,99.86905282,100.00000000,99.93448351,0.00000000,0.00000000,0.00000000,23.12022613,21.82637392,1505.15555556
mitdb,234,234,,clean_after_5min,360,8,39.06250000,2880,29.66308594,150,2291,2288,2288,0,3,99.86905282,100.00000000,99.93448351,0.00000000,0.00000000,0.00000000,11.29312167,28.04993532,1505.15555556
mitdb,234,234,,clean_after_5min,360,9,19.53125000,3240,33.37097168,150,2291,2288,2288,0,3,99.86905282,100.00000000,99.93448351,0.00000000,0.00000000,0.00000000,5.63570048,34.08725740,1505.15555556
mitdb,234,234,,clean_after_5min,360,10,9.76562500,3600,37.07885742,150,2291,2288,2288,0,3,99.86905282,100.00000000,99.93448351,0.00000000,0.00000000,0.00000000,2.81884107,40.10480364,1505.15555556
mitdb,234,234,,clean_after_5min,360,11,4.88281250,3960,40.78674316,150,2291,2288,2288,0,3,99.86905282,100.00000000,99.93448351,0.00000000,0.00000000,0.00000000,1.40854912,46.13077552,1505.15555556
