dataset,record,base_record,snr_db,eval_scope,target_fs_hz,bits,lsb_uv,raw_bitrate_bps,storage_mib_per_day,tolerance_ms,reference_beats,detected_beats,tp,fp,fn,sensitivity_pct,ppv_pct,f1_pct,median_abs_timing_error_ms,p95_abs_timing_error_ms,clipping_rate_pct,quantization_rmse_uv,quantization_snr_db,evaluated_duration_s
nstdb,118e00,118,0,mixed_after_5min,100,6,156.25000000,600,6.17980957,75,1916,2565,1590,975,326,82.98538622,61.98830409,70.96630216,8.33333333,56.97222222,1.40051556,212.69857551,15.81125122,1505.15555556
nstdb,118e00,118,0,mixed_after_5min,100,7,78.12500000,700,7.20977783,75,1916,2548,1578,970,338,82.35908142,61.93092622,70.69892473,8.33333333,57.22222222,1.34271440,201.85206261,16.26587901,1505.15555556
nstdb,118e00,118,0,mixed_after_5min,100,8,39.06250000,800,8.23974609,75,1916,2567,1588,979,328,82.88100209,61.86209583,70.84541602,8.33333333,55.91666667,1.30484467,197.41456551,16.45895900,1505.15555556
nstdb,118e00,118,0,mixed_after_5min,100,9,19.53125000,900,9.26971436,75,1916,2567,1584,983,332,82.67223382,61.70627191,70.66696409,8.33333333,56.66666667,1.29222142,195.43525170,16.54648479,1505.15555556
nstdb,118e00,118,0,mixed_after_5min,100,10,9.76562500,1000,10.29968262,75,1916,2563,1581,982,335,82.51565762,61.68552478,70.59611520,8.33333333,56.66666667,1.28491323,194.50814249,16.58778711,1505.15555556
nstdb,118e00,118,0,mixed_after_5min,100,11,4.88281250,1100,11.32965088,75,1916,2563,1581,982,335,82.51565762,61.68552478,70.59611520,8.33333333,56.66666667,1.27959818,194.06046516,16.60780148,1505.15555556
nstdb,118e00,118,0,mixed_after_5min,125,6,156.25000000,750,7.72476196,75,1916,2531,1629,902,287,85.02087683,64.36191229,73.26287385,5.00000000,51.06666667,1.39466901,212.68332955,15.81135620,1505.15555556
nstdb,118e00,118,0,mixed_after_5min,125,7,78.12500000,875,9.01222229,75,1916,2525,1632,893,284,85.17745303,64.63366337,73.49696014,4.88888889,52.27222222,1.33301443,201.82535176,16.26651085,1505.15555556
nstdb,118e00,118,0,mixed_after_5min,125,8,39.06250000,1000,10.29968262,75,1916,2524,1642,882,274,85.69937370,65.05546751,73.96396396,5.00000000,52.32777778,1.30378166,197.38276972,16.45984043,1505.15555556
nstdb,118e00,118,0,mixed_after_5min,125,9,19.53125000,1125,11.58714294,75,1916,2531,1640,891,276,85.59498956,64.79652311,73.75758939,4.88888889,51.67222222,1.29102554,195.40228288,16.54743255,1505.15555556
nstdb,118e00,118,0,mixed_after_5min,125,10,9.76562500,1250,12.87460327,75,1916,2524,1635,889,281,85.33402923,64.77812995,73.64864865,4.88888889,51.87777778,1.28624199,194.47427032,16.58878220,1505.15555556
nstdb,118e00,118,0,mixed_after_5min,125,11,4.88281250,1375,14.16206360,75,1916,2531,1637,894,279,85.43841336,64.67799289,73.62266697,4.88888889,51.68888889,1.28198995,194.02619030,16.60881808,1505.15555556
nstdb,118e00,118,0,mixed_after_5min,180,6,156.25000000,1080,11.12365723,75,1916,2529,1683,846,233,87.83924843,66.54804270,75.72553431,2.77777778,47.22222222,1.39446643,212.50371943,15.81718412,1505.15555556
nstdb,118e00,118,0,mixed_after_5min,180,7,78.12500000,1260,12.97760010,75,1916,2527,1677,850,239,87.52609603,66.36327661,75.48953410,2.77777778,47.22222222,1.33541015,201.66752259,16.27179557,1505.15555556
nstdb,118e00,118,0,mixed_after_5min,180,8,39.06250000,1440,14.83154297,75,1916,2529,1675,854,241,87.42171190,66.23171214,75.36557930,2.77777778,47.22222222,1.30735841,197.22383554,16.46532682,1505.15555556
nstdb,118e00,118,0,mixed_after_5min,180,9,19.53125000,1620,16.68548584,75,1916,2528,1681,847,235,87.73486430,66.49525316,75.65256526,2.77777778,47.22222222,1.29001063,195.24432018,16.55294666,1505.15555556
nstdb,118e00,118,0,mixed_after_5min,180,10,9.76562500,1800,18.53942871,75,1916,2531,1676,855,240,87.47390397,66.21888582,75.37665842,2.77777778,47.22222222,1.28115219,194.31731700,16.59428473,1505.15555556
nstdb,118e00,118,0,mixed_after_5min,180,11,4.88281250,1980,20.39337158,75,1916,2530,1676,854,240,87.47390397,66.24505929,75.39361224,2.77777778,47.22222222,1.27524656,193.86955059,16.61432276,1505.15555556
nstdb,118e00,118,0,mixed_after_5min,250,6,156.25000000,1500,15.44952393,75,1916,2504,1671,833,245,87.21294363,66.73322684,75.61085973,1.44444444,41.38888889,1.39307819,212.50036955,15.81718364,1505.15555556
nstdb,118e00,118,0,mixed_after_5min,250,7,78.12500000,1750,18.02444458,75,1916,2524,1676,848,240,87.47390397,66.40253566,75.49549550,1.44444444,41.44444444,1.33487825,201.64922778,16.27244617,1505.15555556
nstdb,118e00,118,0,mixed_after_5min,250,8,39.06250000,2000,20.59936523,75,1916,2527,1683,844,233,87.83924843,66.60071231,75.75962188,1.44444444,41.43333333,1.30006458,197.20794489,16.46588929,1505.15555556
nstdb,118e00,118,0,mixed_after_5min,250,9,19.53125000,2250,23.17428589,75,1916,2521,1680,841,236,87.68267223,66.64022213,75.72684246,1.44444444,41.46111111,1.28597966,195.22797006,16.55353666,1505.15555556
nstdb,118e00,118,0,mixed_after_5min,250,10,9.76562500,2500,25.74920654,75,1916,2522,1678,844,238,87.57828810,66.53449643,75.61964849,1.44444444,41.49444444,1.28039884,194.30031736,16.59490724,1505.15555556
nstdb,118e00,118,0,mixed_after_5min,250,11,4.88281250,2750,28.32412720,75,1916,2521,1678,843,238,87.57828810,66.56088854,75.63669146,1.44444444,41.23888889,1.27667830,193.85245313,16.61495141,1505.15555556
nstdb,118e00,118,0,mixed_after_5min,360,6,156.25000000,2160,22.24731445,75,1916,2532,1689,843,227,88.15240084,66.70616114,75.94424460,2.77777778,36.11111111,1.39391277,212.31629725,15.82258083,1505.15555556
nstdb,118e00,118,0,mixed_after_5min,360,7,78.12500000,2520,25.95520020,75,1916,2535,1692,843,224,88.30897704,66.74556213,76.02785891,2.77777778,36.11111111,1.33301098,201.46981231,16.27804782,1505.15555556
nstdb,118e00,118,0,mixed_after_5min,360,8,39.06250000,2880,29.66308594,75,1916,2527,1690,837,226,88.20459290,66.87772062,76.07472429,2.77777778,36.11111111,1.30385195,197.02763345,16.47170464,1505.15555556
nstdb,118e00,118,0,mixed_after_5min,360,9,19.53125000,3240,33.37097168,75,1916,2530,1693,837,223,88.36116910,66.91699605,76.15834458,2.77777778,36.11111111,1.28687327,195.04803416,16.55941591,1505.15555556
nstdb,118e00,118,0,mixed_after_5min,360,10,9.76562500,3600,37.07885742,75,1916,2530,1692,838,224,88.30897704,66.87747036,76.11336032,2.77777778,36.11111111,1.27838392,194.12100145,16.60079700,1505.15555556
nstdb,118e00,118,0,mixed_after_5min,360,11,4.88281250,3960,40.78674316,75,1916,2529,1693,836,223,88.36116910,66.94345591,76.17547807,2.77777778,36.11111111,1.27395470,193.67331092,16.62085192,1505.15555556
nstdb,118e00,118,0,mixed_after_5min,100,6,156.25000000,600,6.17980957,150,1916,2565,1744,821,172,91.02296451,67.99220273,77.83976791,8.88888889,102.61111111,1.40051556,212.69857551,15.81125122,1505.15555556
nstdb,118e00,118,0,mixed_after_5min,100,7,78.12500000,700,7.20977783,150,1916,2548,1724,824,192,89.97912317,67.66091052,77.24014337,8.88888889,103.88888889,1.34271440,201.85206261,16.26587901,1505.15555556
nstdb,118e00,118,0,mixed_after_5min,100,8,39.06250000,800,8.23974609,150,1916,2567,1745,822,171,91.07515658,67.97818465,77.84965425,8.88888889,107.66666667,1.30484467,197.41456551,16.45895900,1505.15555556
nstdb,118e00,118,0,mixed_after_5min,100,9,19.53125000,900,9.26971436,150,1916,2567,1736,831,180,90.60542797,67.62758083,77.44813741,8.88888889,104.72222222,1.29222142,195.43525170,16.54648479,1505.15555556
nstdb,118e00,118,0,mixed_after_5min,100,10,9.76562500,1000,10.29968262,150,1916,2563,1739,824,177,90.76200418,67.85017558,77.65126144,8.88888889,105.66666667,1.28491323,194.50814249,16.58778711,1505.15555556
nstdb,118e00,118,0,mixed_after_5min,100,11,4.88281250,1100,11.32965088,150,1916,2563,1737,826,179,90.65762004,67.77214202,77.56195579,8.88888889,105.55555556,1.27959818,194.06046516,16.60780148,1505.15555556
nstdb,118e00,118,0,mixed_after_5min,125,6,156.25000000,750,7.72476196,150,1916,2531,1777,754,139,92.74530271,70.20940340,79.91904655,5.33333333,106.44444444,1.39466901,212.68332955,15.81135620,1505.15555556
nstdb,118e00,118,0,mixed_after_5min,125,7,78.12500000,875,9.01222229,150,1916,2525,1779,746,137,92.84968685,70.45544554,80.11709075,5.33333333,105.98888889,1.33301443,201.82535176,16.26651085,1505.15555556
nstdb,118e00,118,0,mixed_after_5min,125,8,39.06250000,1000,10.29968262,150,1916,2524,1783,741,133,93.05845511,70.64183835,80.31531532,5.33333333,105.64444444,1.30378166,197.38276972,16.45984043,1505.15555556
nstdb,118e00,118,0,mixed_after_5min,125,9,19.53125000,1125,11.58714294,150,1916,2531,1785,746,131,93.16283925,70.52548400,80.27883967,5.33333333,106.68888889,1.29102554,195.40228288,16.54743255,1505.15555556
nstdb,118e00,118,0,mixed_after_5min,125,10,9.76562500,1250,12.87460327,150,1916,2524,1781,743,135,92.95407098,70.56259905,80.22522523,5.33333333,105.88888889,1.28624199,194.47427032,16.58878220,1505.15555556
nstdb,118e00,118,0,mixed_after_5min,125,11,4.88281250,1375,14.16206360,150,1916,2531,1781,750,135,92.95407098,70.36744370,80.09894311,5.33333333,105.88888889,1.28198995,194.02619030,16.60881808,1505.15555556
nstdb,118e00,118,0,mixed_after_5min,180,6,156.25000000,1080,11.12365723,150,1916,2529,1825,704,91,95.25052192,72.16291024,82.11473566,2.77777778,100.00000000,1.39446643,212.50371943,15.81718412,1505.15555556
nstdb,118e00,118,0,mixed_after_5min,180,7,78.12500000,1260,12.97760010,150,1916,2527,1819,708,97,94.93736952,71.98258805,81.88161152,2.77777778,100.00000000,1.33541015,201.66752259,16.27179557,1505.15555556
nstdb,118e00,118,0,mixed_after_5min,180,8,39.06250000,1440,14.83154297,150,1916,2529,1822,707,94,95.09394572,72.04428628,81.97975253,2.77777778,102.77777778,1.30735841,197.22383554,16.46532682,1505.15555556
nstdb,118e00,118,0,mixed_after_5min,180,9,19.53125000,1620,16.68548584,150,1916,2528,1825,703,91,95.25052192,72.19145570,82.13321332,2.77777778,100.00000000,1.29001063,195.24432018,16.55294666,1505.15555556
nstdb,118e00,118,0,mixed_after_5min,180,10,9.76562500,1800,18.53942871,150,1916,2531,1822,709,94,95.09394572,71.98735678,81.94288284,2.77777778,102.63888889,1.28115219,194.31731700,16.59428473,1505.15555556
nstdb,118e00,118,0,mixed_after_5min,180,11,4.88281250,1980,20.39337158,150,1916,2530,1822,708,94,95.09394572,72.01581028,81.96131354,2.77777778,102.63888889,1.27524656,193.86955059,16.61432276,1505.15555556
nstdb,118e00,118,0,mixed_after_5min,250,6,156.25000000,1500,15.44952393,150,1916,2504,1820,684,96,94.98956159,72.68370607,82.35294118,1.55555556,104.78333333,1.39307819,212.50036955,15.81718364,1505.15555556
nstdb,118e00,118,0,mixed_after_5min,250,7,78.12500000,1750,18.02444458,150,1916,2524,1821,703,95,95.04175365,72.14738510,82.02702703,1.55555556,102.33333333,1.33487825,201.64922778,16.27244617,1505.15555556
nstdb,118e00,118,0,mixed_after_5min,250,8,39.06250000,2000,20.59936523,150,1916,2527,1827,700,89,95.35490605,72.29916898,82.24172856,1.55555556,100.46666667,1.30006458,197.20794489,16.46588929,1505.15555556
nstdb,118e00,118,0,mixed_after_5min,250,9,19.53125000,2250,23.17428589,150,1916,2521,1824,697,92,95.19832985,72.35224117,82.21771467,1.55555556,102.08333333,1.28597966,195.22797006,16.55353666,1505.15555556
nstdb,118e00,118,0,mixed_after_5min,250,10,9.76562500,2500,25.74920654,150,1916,2522,1824,698,92,95.19832985,72.32355274,82.19918882,1.55555556,102.80555556,1.28039884,194.30031736,16.59490724,1505.15555556
nstdb,118e00,118,0,mixed_after_5min,250,11,4.88281250,2750,28.32412720,150,1916,2521,1824,697,92,95.19832985,72.35224117,82.21771467,1.55555556,102.80555556,1.27667830,193.85245313,16.61495141,1505.15555556
nstdb,118e00,118,0,mixed_after_5min,360,6,156.25000000,2160,22.24731445,150,1916,2532,1834,698,82,95.72025052,72.43285940,82.46402878,2.77777778,102.77777778,1.39391277,212.31629725,15.82258083,1505.15555556
nstdb,118e00,118,0,mixed_after_5min,360,7,78.12500000,2520,25.95520020,150,1916,2535,1835,700,81,95.77244259,72.38658777,82.45338126,2.77777778,100.00000000,1.33301098,201.46981231,16.27804782,1505.15555556
nstdb,118e00,118,0,mixed_after_5min,360,8,39.06250000,2880,29.66308594,150,1916,2527,1830,697,86,95.51148225,72.41788682,82.37677245,2.77777778,101.52777778,1.30385195,197.02763345,16.47170464,1505.15555556
nstdb,118e00,118,0,mixed_after_5min,360,9,19.53125000,3240,33.37097168,150,1916,2530,1836,694,80,95.82463466,72.56916996,82.59109312,2.77777778,102.77777778,1.28687327,195.04803416,16.55941591,1505.15555556
nstdb,118e00,118,0,mixed_after_5min,360,10,9.76562500,3600,37.07885742,150,1916,2530,1836,694,80,95.82463466,72.56916996,82.59109312,2.77777778,102.77777778,1.27838392,194.12100145,16.60079700,1505.15555556
nstdb,118e00,118,0,mixed_after_5min,360,11,4.88281250,3960,40.78674316,150,1916,2529,1835,694,81,95.77244259,72.55832345,82.56467942,2.77777778,102.77777778,1.27395470,193.67331092,16.62085192,1505.15555556
nstdb,118e00,118,0,noise_only,100,6,156.25000000,600,6.17980957,75,982,1628,658,970,324,67.00610998,40.41769042,50.42145594,12.22222222,65.00000000,2.68664725,291.35443612,15.70591537,782.75555556
nstdb,118e00,118,0,noise_only,100,7,78.12500000,700,7.20977783,75,982,1611,646,965,336,65.78411405,40.09931719,49.82645584,13.33333333,66.52777778,2.57677960,278.93197337,16.08438208,782.75555556
nstdb,118e00,118,0,noise_only,100,8,39.06250000,800,8.23974609,75,982,1630,656,974,326,66.80244399,40.24539877,50.22970904,11.94444444,65.00000000,2.50396035,273.41075448,16.25803620,782.75555556
nstdb,118e00,118,0,noise_only,100,9,19.53125000,900,9.26971436,75,982,1630,652,978,330,66.39511202,40.00000000,49.92343032,12.22222222,65.50000000,2.47968726,270.82920998,16.34043801,782.75555556
nstdb,118e00,118,0,noise_only,100,10,9.76562500,1000,10.29968262,75,982,1626,649,977,333,66.08961303,39.91389914,49.76993865,12.77777778,66.11111111,2.46563442,269.58549897,16.38041751,782.75555556
nstdb,118e00,118,0,noise_only,100,11,4.88281250,1100,11.32965088,75,982,1626,649,977,333,66.08961303,39.91389914,49.76993865,12.77777778,65.66666667,2.45541418,268.97571025,16.40008681,782.75555556
nstdb,118e00,118,0,noise_only,125,6,156.25000000,750,7.72476196,75,982,1596,698,898,284,71.07942974,43.73433584,54.15050427,7.22222222,60.66666667,2.67566048,291.32787593,15.70614610,782.75555556
nstdb,118e00,118,0,noise_only,125,7,78.12500000,875,9.01222229,75,982,1589,701,888,281,71.38492872,44.11579610,54.53131077,7.33333333,62.77777778,2.55710563,278.89619767,16.08493508,782.75555556
nstdb,118e00,118,0,noise_only,125,8,39.06250000,1000,10.29968262,75,982,1589,711,878,271,72.40325866,44.74512272,55.30921820,7.33333333,61.61111111,2.50089427,273.36839288,16.25882096,782.75555556
nstdb,118e00,118,0,noise_only,125,9,19.53125000,1125,11.58714294,75,982,1596,709,887,273,72.19959267,44.42355890,55.00387898,7.22222222,61.00000000,2.47636568,270.78512320,16.34129093,782.75555556
nstdb,118e00,118,0,noise_only,125,10,9.76562500,1250,12.87460327,75,982,1589,704,885,278,71.69042770,44.30459408,54.76468300,7.16666667,61.88333333,2.46716746,269.54015043,16.38131762,782.75555556
nstdb,118e00,118,0,noise_only,125,11,4.88281250,1375,14.16206360,75,982,1596,706,890,276,71.89409369,44.23558897,54.77114042,7.16666667,62.58333333,2.45899126,268.92968863,16.40101197,782.75555556
nstdb,118e00,118,0,noise_only,180,6,156.25000000,1080,11.12365723,75,982,1593,751,842,231,76.47657841,47.14375392,58.33009709,5.55555556,58.33333333,2.67502271,291.08785931,15.71180452,782.75555556
nstdb,118e00,118,0,noise_only,180,7,78.12500000,1260,12.97760010,75,982,1592,745,847,237,75.86558045,46.79648241,57.88655789,5.55555556,55.55555556,2.56217352,278.67884748,16.09020625,782.75555556
nstdb,118e00,118,0,noise_only,180,8,39.06250000,1440,14.83154297,75,982,1593,743,850,239,75.66191446,46.64155681,57.70873786,5.55555556,55.55555556,2.50823302,273.14724036,16.26435002,782.75555556
nstdb,118e00,118,0,noise_only,180,9,19.53125000,1620,16.68548584,75,982,1593,749,844,233,76.27291242,47.01820465,58.17475728,5.55555556,55.55555556,2.47487509,270.56548775,16.34683838,782.75555556
nstdb,118e00,118,0,noise_only,180,10,9.76562500,1800,18.53942871,75,982,1595,744,851,238,75.76374745,46.64576803,57.74155995,5.55555556,55.55555556,2.45784124,269.32212462,16.38684572,782.75555556
nstdb,118e00,118,0,noise_only,180,11,4.88281250,1980,20.39337158,75,982,1594,744,850,238,75.76374745,46.67503137,57.76397516,5.55555556,55.55555556,2.44719509,268.71208310,16.40654245,782.75555556
nstdb,118e00,118,0,noise_only,250,6,156.25000000,1500,15.44952393,75,982,1568,739,829,243,75.25458248,47.13010204,57.96078431,2.77777778,56.25555556,2.67311908,291.07521148,15.71202884,782.75555556
nstdb,118e00,118,0,noise_only,250,7,78.12500000,1750,18.02444458,75,982,1587,744,843,238,75.76374745,46.88090737,57.92137018,2.66666667,56.50555556,2.56120681,278.65039288,16.09094008,782.75555556
nstdb,118e00,118,0,noise_only,250,8,39.06250000,2000,20.59936523,75,982,1590,751,839,231,76.47657841,47.23270440,58.39813375,2.66666667,55.66666667,2.49426386,273.12563382,16.26488403,782.75555556
nstdb,118e00,118,0,noise_only,250,9,19.53125000,2250,23.17428589,75,982,1584,748,836,234,76.17107943,47.22222222,58.30085737,2.66666667,56.43888889,2.46718007,270.54303568,16.34740610,782.75555556
nstdb,118e00,118,0,noise_only,250,10,9.76562500,2500,25.74920654,75,982,1585,746,839,236,75.96741344,47.06624606,58.12232178,2.66666667,56.47222222,2.45644875,269.29858466,16.38745186,782.75555556
nstdb,118e00,118,0,noise_only,250,11,4.88281250,2750,28.32412720,75,982,1584,746,838,236,75.96741344,47.09595960,58.14497272,2.66666667,56.11111111,2.44929454,268.68844318,16.40715354,782.75555556
nstdb,118e00,118,0,noise_only,360,6,156.25000000,2160,22.24731445,75,982,1594,757,837,225,77.08757637,47.49058971,58.77329193,2.77777778,55.55555556,2.67431297,290.81952328,15.71773397,782.75555556
nstdb,118e00,118,0,noise_only,360,7,78.12500000,2520,25.95520020,75,982,1597,760,837,222,77.39307536,47.58922981,58.93757270,2.77777778,55.55555556,2.55756019,278.40372165,16.09670440,782.75555556
nstdb,118e00,118,0,noise_only,360,8,39.06250000,2880,29.66308594,75,982,1589,758,831,224,77.18940937,47.70295784,58.96538312,2.77777778,55.55555556,2.50149046,272.87543623,16.27091627,782.75555556
nstdb,118e00,118,0,noise_only,360,9,19.53125000,3240,33.37097168,75,982,1592,761,831,221,77.49490835,47.80150754,59.12975913,2.77777778,55.55555556,2.46884227,270.29371629,16.35348614,782.75555556
nstdb,118e00,118,0,noise_only,360,10,9.76562500,3600,37.07885742,75,982,1592,760,832,222,77.39307536,47.73869347,59.05205905,2.77777778,55.55555556,2.45287304,269.05037013,16.39353325,782.75555556
nstdb,118e00,118,0,noise_only,360,11,4.88281250,3960,40.78674316,75,982,1591,761,830,221,77.49490835,47.83155248,59.15273999,2.77777778,55.55555556,2.44435612,268.44045365,16.41324585,782.75555556
nstdb,118e00,118,0,noise_only,100,6,156.25000000,600,6.17980957,150,982,1628,809,819,173,82.38289206,49.69287469,61.99233716,26.66666667,131.44444444,2.68664725,291.35443612,15.70591537,782.75555556
nstdb,118e00,118,0,noise_only,100,7,78.12500000,700,7.20977783,150,982,1611,789,822,193,80.34623218,48.97579143,60.85615118,31.66666667,132.66666667,2.57677960,278.93197337,16.08438208,782.75555556
nstdb,118e00,118,0,noise_only,100,8,39.06250000,800,8.23974609,150,982,1630,810,820,172,82.48472505,49.69325153,62.02143951,29.16666667,133.33333333,2.50396035,273.41075448,16.25803620,782.75555556
nstdb,118e00,118,0,noise_only,100,9,19.53125000,900,9.26971436,150,982,1630,801,829,181,81.56822811,49.14110429,61.33231240,26.66666667,133.33333333,2.47968726,270.82920998,16.34043801,782.75555556
nstdb,118e00,118,0,noise_only,100,10,9.76562500,1000,10.29968262,150,982,1626,804,822,178,81.87372709,49.44649446,61.65644172,30.83333333,133.80555556,2.46563442,269.58549897,16.38041751,782.75555556
nstdb,118e00,118,0,noise_only,100,11,4.88281250,1100,11.32965088,150,982,1626,802,824,180,81.67006110,49.32349323,61.50306748,29.44444444,133.25000000,2.45541418,268.97571025,16.40008681,782.75555556
nstdb,118e00,118,0,noise_only,125,6,156.25000000,750,7.72476196,150,982,1596,844,752,138,85.94704684,52.88220551,65.47711404,12.05555556,130.88888889,2.67566048,291.32787593,15.70614610,782.75555556
nstdb,118e00,118,0,noise_only,125,7,78.12500000,875,9.01222229,150,982,1589,846,743,136,86.15071283,53.24103210,65.81096849,13.05555556,130.88888889,2.55710563,278.89619767,16.08493508,782.75555556
nstdb,118e00,118,0,noise_only,125,8,39.06250000,1000,10.29968262,150,982,1589,850,739,132,86.55804481,53.49276274,66.12213147,12.27777778,130.24444444,2.50089427,273.36839288,16.25882096,782.75555556
nstdb,118e00,118,0,noise_only,125,9,19.53125000,1125,11.58714294,150,982,1596,852,744,130,86.76171079,53.38345865,66.09775019,12.38888889,130.64444444,2.47636568,270.78512320,16.34129093,782.75555556
nstdb,118e00,118,0,noise_only,125,10,9.76562500,1250,12.87460327,150,982,1589,848,741,134,86.35437882,53.36689742,65.96654998,12.16666667,130.73333333,2.46716746,269.54015043,16.38131762,782.75555556
nstdb,118e00,118,0,noise_only,125,11,4.88281250,1375,14.16206360,150,982,1596,848,748,134,86.35437882,53.13283208,65.78743212,12.16666667,130.73333333,2.45899126,268.92968863,16.40101197,782.75555556
nstdb,118e00,118,0,noise_only,180,6,156.25000000,1080,11.12365723,150,982,1593,889,704,93,90.52953157,55.80665411,69.04854369,8.33333333,127.77777778,2.67502271,291.08785931,15.71180452,782.75555556
nstdb,118e00,118,0,noise_only,180,7,78.12500000,1260,12.97760010,150,982,1592,884,708,98,90.02036660,55.52763819,68.68686869,8.33333333,127.77777778,2.56217352,278.67884748,16.09020625,782.75555556
nstdb,118e00,118,0,noise_only,180,8,39.06250000,1440,14.83154297,150,982,1593,886,707,96,90.22403259,55.61833019,68.81553398,8.33333333,127.77777778,2.50823302,273.14724036,16.26435002,782.75555556
nstdb,118e00,118,0,noise_only,180,9,19.53125000,1620,16.68548584,150,982,1593,890,703,92,90.63136456,55.86942875,69.12621359,8.33333333,127.77777778,2.47487509,270.56548775,16.34683838,782.75555556
nstdb,118e00,118,0,noise_only,180,10,9.76562500,1800,18.53942871,150,982,1595,886,709,96,90.22403259,55.54858934,68.76212650,8.33333333,127.77777778,2.45784124,269.32212462,16.38684572,782.75555556
nstdb,118e00,118,0,noise_only,180,11,4.88281250,1980,20.39337158,150,982,1594,886,708,96,90.22403259,55.58343789,68.78881988,8.33333333,127.77777778,2.44719509,268.71208310,16.40654245,782.75555556
nstdb,118e00,118,0,noise_only,250,6,156.25000000,1500,15.44952393,150,982,1568,885,683,97,90.12219959,56.44132653,69.41176471,3.88888889,129.80000000,2.67311908,291.07521148,15.71202884,782.75555556
nstdb,118e00,118,0,noise_only,250,7,78.12500000,1750,18.02444458,150,982,1587,885,702,97,90.12219959,55.76559546,68.89840405,3.77777778,128.62222222,2.56120681,278.65039288,16.09094008,782.75555556
nstdb,118e00,118,0,noise_only,250,8,39.06250000,2000,20.59936523,150,982,1590,891,699,91,90.73319756,56.03773585,69.28460342,3.66666667,126.94444444,2.49426386,273.12563382,16.26488403,782.75555556
nstdb,118e00,118,0,noise_only,250,9,19.53125000,2250,23.17428589,150,982,1584,888,696,94,90.42769857,56.06060606,69.21278254,3.66666667,127.06111111,2.46718007,270.54303568,16.34740610,782.75555556
nstdb,118e00,118,0,noise_only,250,10,9.76562500,2500,25.74920654,150,982,1585,888,697,94,90.42769857,56.02523659,69.18582002,3.66666667,127.47777778,2.45644875,269.29858466,16.38745186,782.75555556
nstdb,118e00,118,0,noise_only,250,11,4.88281250,2750,28.32412720,150,982,1584,888,696,94,90.42769857,56.06060606,69.21278254,3.66666667,127.06111111,2.44929454,268.68844318,16.40715354,782.75555556
nstdb,118e00,118,0,noise_only,360,6,156.25000000,2160,22.24731445,150,982,1594,899,695,83,91.54786151,56.39899624,69.79813665,2.77777778,130.55555556,2.67431297,290.81952328,15.71773397,782.75555556
nstdb,118e00,118,0,noise_only,360,7,78.12500000,2520,25.95520020,150,982,1597,901,696,81,91.75152749,56.41828428,69.87204343,2.77777778,127.77777778,2.55756019,278.40372165,16.09670440,782.75555556
nstdb,118e00,118,0,noise_only,360,8,39.06250000,2880,29.66308594,150,982,1589,895,694,87,91.14052953,56.32473254,69.62271490,2.77777778,127.77777778,2.50149046,272.87543623,16.27091627,782.75555556
nstdb,118e00,118,0,noise_only,360,9,19.53125000,3240,33.37097168,150,982,1592,901,691,81,91.75152749,56.59547739,70.00777001,2.77777778,130.55555556,2.46884227,270.29371629,16.35348614,782.75555556
nstdb,118e00,118,0,noise_only,360,10,9.76562500,3600,37.07885742,150,982,1592,901,691,81,91.75152749,56.59547739,70.00777001,2.77777778,127.77777778,2.45287304,269.05037013,16.39353325,782.75555556
nstdb,118e00,118,0,noise_only,360,11,4.88281250,3960,40.78674316,150,982,1591,900,691,82,91.64969450,56.56819610,69.95724835,2.77777778,127.91666667,2.44435612,268.44045365,16.41324585,782.75555556
nstdb,118e06,118,6,mixed_after_5min,100,6,156.25000000,600,6.17980957,75,1916,2400,1754,646,162,91.54488518,73.08333333,81.27896200,7.77777778,52.22222222,0.01328762,46.42293914,24.06664552,1505.15555556
nstdb,118e06,118,6,mixed_after_5min,100,7,78.12500000,700,7.20977783,75,1916,2413,1762,651,154,91.96242171,73.02113552,81.40448140,7.77777778,51.66666667,0.01195886,23.33384466,30.04157214,1505.15555556
nstdb,118e06,118,6,mixed_after_5min,100,8,39.06250000,800,8.23974609,75,1916,2412,1760,652,156,91.85803758,72.96849088,81.33086876,7.77777778,52.22222222,0.01195886,12.60858748,35.38796947,1505.15555556
nstdb,118e06,118,6,mixed_after_5min,100,9,19.53125000,900,9.26971436,75,1916,2411,1765,646,151,92.11899791,73.20613853,81.58077190,7.77777778,52.22222222,0.01195886,7.83367284,39.52198959,1505.15555556
nstdb,118e06,118,6,mixed_after_5min,100,10,9.76562500,1000,10.29968262,75,1916,2416,1768,648,148,92.27557411,73.17880795,81.62511542,7.77777778,52.22222222,0.01195886,6.05395459,41.76051501,1505.15555556
nstdb,118e06,118,6,mixed_after_5min,100,11,4.88281250,1100,11.32965088,75,1916,2401,1770,631,146,92.37995825,73.71928363,82.00138985,7.77777778,52.22222222,0.01195886,5.49727572,42.59834779,1505.15555556
nstdb,118e06,118,6,mixed_after_5min,125,6,156.25000000,750,7.72476196,75,1916,2335,1786,549,130,93.21503132,76.48822270,84.02728770,4.55555556,46.52777778,0.01435063,46.43119830,24.06488253,1505.15555556
nstdb,118e06,118,6,mixed_after_5min,125,7,78.12500000,875,9.01222229,75,1916,2336,1796,540,120,93.73695198,76.88356164,84.47789276,4.44444444,47.13888889,0.01222461,23.26263325,30.06790290,1505.15555556
nstdb,118e06,118,6,mixed_after_5min,125,8,39.06250000,1000,10.29968262,75,1916,2335,1795,540,121,93.68475992,76.87366167,84.45071748,4.55555556,46.73333333,0.01222461,12.49347412,35.46741595,1505.15555556
nstdb,118e06,118,6,mixed_after_5min,125,9,19.53125000,1125,11.58714294,75,1916,2346,1793,553,123,93.58037578,76.42796249,84.13890192,4.44444444,46.88888889,0.01222461,7.68113180,39.69257603,1505.15555556
nstdb,118e06,118,6,mixed_after_5min,125,10,9.76562500,1250,12.87460327,75,1916,2347,1794,553,122,93.63256785,76.43800597,84.16608023,4.50000000,46.59444444,0.01222461,5.85129189,42.05604511,1505.15555556
nstdb,118e06,118,6,mixed_after_5min,125,11,4.88281250,1375,14.16206360,75,1916,2345,1793,552,123,93.58037578,76.46055437,84.15864820,4.44444444,46.66666667,0.01222461,5.27793456,42.95180035,1505.15555556
nstdb,118e06,118,6,mixed_after_5min,180,6,156.25000000,1080,11.12365723,75,1916,2293,1799,494,117,93.89352818,78.45617096,85.48348776,2.77777778,44.44444444,0.01476407,46.38453565,24.07224224,1505.15555556
nstdb,118e06,118,6,mixed_after_5min,180,7,78.12500000,1260,12.97760010,75,1916,2300,1796,504,120,93.73695198,78.08695652,85.19924099,2.77777778,44.44444444,0.01254946,23.27142287,30.06324775,1505.15555556
nstdb,118e06,118,6,mixed_after_5min,180,8,39.06250000,1440,14.83154297,75,1916,2301,1795,506,121,93.68475992,78.00956106,85.13161015,2.77777778,44.44444444,0.01218036,12.52567921,35.44368081,1505.15555556
nstdb,118e06,118,6,mixed_after_5min,180,9,19.53125000,1620,16.68548584,75,1916,2294,1795,499,121,93.68475992,78.24760244,85.27315914,2.77777778,44.44444444,0.01181126,7.71559011,39.65232356,1505.15555556
nstdb,118e06,118,6,mixed_after_5min,180,10,9.76562500,1800,18.53942871,75,1916,2297,1796,501,120,93.73695198,78.18894210,85.25990980,2.77777778,44.44444444,0.01181126,5.90539399,41.97472896,1505.15555556
nstdb,118e06,118,6,mixed_after_5min,180,11,4.88281250,1980,20.39337158,75,1916,2297,1796,501,120,93.73695198,78.18894210,85.25990980,2.77777778,44.44444444,0.01181126,5.33532583,42.85648756,1505.15555556
nstdb,118e06,118,6,mixed_after_5min,250,6,156.25000000,1500,15.44952393,75,1916,2295,1813,482,103,94.62421712,78.99782135,86.10781287,1.33333333,33.80000000,0.01488218,46.41119348,24.06726559,1505.15555556
nstdb,118e06,118,6,mixed_after_5min,250,7,78.12500000,1750,18.02444458,75,1916,2289,1811,478,105,94.51983299,79.11751857,86.13555291,1.33333333,32.61111111,0.01222465,23.29296955,30.05522314,1505.15555556
nstdb,118e06,118,6,mixed_after_5min,250,8,39.06250000,2000,20.59936523,75,1916,2283,1812,471,104,94.57202505,79.36925099,86.30626340,1.33333333,32.82777778,0.01222465,12.51725536,35.44953808,1505.15555556
nstdb,118e06,118,6,mixed_after_5min,250,9,19.53125000,2250,23.17428589,75,1916,2285,1810,475,106,94.46764092,79.21225383,86.16995953,1.33333333,33.01111111,0.01195889,7.71020088,39.65840646,1505.15555556
nstdb,118e06,118,6,mixed_after_5min,250,10,9.76562500,2500,25.74920654,75,1916,2286,1810,476,106,94.46764092,79.17760280,86.14945264,1.33333333,32.83888889,0.01169314,5.89347874,41.99228589,1505.15555556
nstdb,118e06,118,6,mixed_after_5min,250,11,4.88281250,2750,28.32412720,75,1916,2287,1811,476,105,94.51983299,79.18670748,86.17654057,1.33333333,32.83333333,0.01169314,5.32470212,42.87381398,1505.15555556
nstdb,118e06,118,6,mixed_after_5min,360,6,156.25000000,2160,22.24731445,75,1916,2261,1807,454,109,94.31106472,79.92038921,86.52142686,2.77777778,5.55555556,0.01439497,46.42078452,24.06246920,1505.15555556
nstdb,118e06,118,6,mixed_after_5min,360,7,78.12500000,2520,25.95520020,75,1916,2253,1811,442,105,94.51983299,80.38171327,86.87934757,2.77777778,5.55555556,0.01291856,23.26545332,30.06248833,1505.15555556
nstdb,118e06,118,6,mixed_after_5min,360,8,39.06250000,2880,29.66308594,75,1916,2259,1808,451,108,94.36325678,80.03541390,86.61077844,2.77777778,5.55555556,0.01236491,12.50891448,35.45232624,1505.15555556
nstdb,118e06,118,6,mixed_after_5min,360,9,19.53125000,3240,33.37097168,75,1916,2254,1809,445,107,94.41544885,80.25732032,86.76258993,2.77777778,5.55555556,0.01218036,7.69763211,39.66957569,1505.15555556
nstdb,118e06,118,6,mixed_after_5min,360,10,9.76562500,3600,37.07885742,75,1916,2257,1809,448,107,94.41544885,80.15064245,86.70021567,2.77777778,5.55555556,0.01181126,5.87811494,42.01195723,1505.15555556
nstdb,118e06,118,6,mixed_after_5min,360,11,4.88281250,3960,40.78674316,75,1916,2256,1809,447,107,94.41544885,80.18617021,86.72099712,2.77777778,5.55555556,0.01181126,5.30619509,42.90105445,1505.15555556
nstdb,118e06,118,6,mixed_after_5min,100,6,156.25000000,600,6.17980957,150,1916,2400,1875,525,41,97.86012526,78.12500000,86.88600556,8.33333333,89.05555556,0.01328762,46.42293914,24.06664552,1505.15555556
nstdb,118e06,118,6,mixed_after_5min,100,7,78.12500000,700,7.20977783,150,1916,2413,1874,539,42,97.80793319,77.66266059,86.57888658,8.33333333,85.19444444,0.01195886,23.33384466,30.04157214,1505.15555556
nstdb,118e06,118,6,mixed_after_5min,100,8,39.06250000,800,8.23974609,150,1916,2412,1875,537,41,97.86012526,77.73631841,86.64510166,8.33333333,87.38888889,0.01195886,12.60858748,35.38796947,1505.15555556
nstdb,118e06,118,6,mixed_after_5min,100,9,19.53125000,900,9.26971436,150,1916,2411,1877,534,39,97.96450939,77.85151389,86.75756875,8.33333333,86.66666667,0.01195886,7.83367284,39.52198959,1505.15555556
nstdb,118e06,118,6,mixed_after_5min,100,10,9.76562500,1000,10.29968262,150,1916,2416,1877,539,39,97.96450939,77.69039735,86.65743306,8.33333333,85.11111111,0.01195886,6.05395459,41.76051501,1505.15555556
nstdb,118e06,118,6,mixed_after_5min,100,11,4.88281250,1100,11.32965088,150,1916,2401,1877,524,39,97.96450939,78.17576010,86.95853602,8.33333333,82.55555556,0.01195886,5.49727572,42.59834779,1505.15555556
nstdb,118e06,118,6,mixed_after_5min,125,6,156.25000000,750,7.72476196,150,1916,2335,1883,452,33,98.27766180,80.64239829,88.59091978,4.77777778,76.32222222,0.01435063,46.43119830,24.06488253,1505.15555556
nstdb,118e06,118,6,mixed_after_5min,125,7,78.12500000,875,9.01222229,150,1916,2336,1887,449,29,98.48643006,80.77910959,88.75823142,4.66666667,71.01111111,0.01222461,23.26263325,30.06790290,1505.15555556
nstdb,118e06,118,6,mixed_after_5min,125,8,39.06250000,1000,10.29968262,150,1916,2335,1886,449,30,98.43423800,80.77087794,88.73206304,4.66666667,71.00000000,0.01222461,12.49347412,35.46741595,1505.15555556
nstdb,118e06,118,6,mixed_after_5min,125,9,19.53125000,1125,11.58714294,150,1916,2346,1884,462,32,98.32985386,80.30690537,88.40919756,4.66666667,71.04444444,0.01222461,7.68113180,39.69257603,1505.15555556
nstdb,118e06,118,6,mixed_after_5min,125,10,9.76562500,1250,12.87460327,150,1916,2347,1886,461,30,98.43423800,80.35790371,88.48228947,4.66666667,71.44444444,0.01222461,5.85129189,42.05604511,1505.15555556
nstdb,118e06,118,6,mixed_after_5min,125,11,4.88281250,1375,14.16206360,150,1916,2345,1885,460,31,98.38204593,80.38379531,88.47688336,4.66666667,71.46666667,0.01222461,5.27793456,42.95180035,1505.15555556
nstdb,118e06,118,6,mixed_after_5min,180,6,156.25000000,1080,11.12365723,150,1916,2293,1876,417,40,97.91231733,81.81421718,89.14231409,2.77777778,50.00000000,0.01476407,46.38453565,24.07224224,1505.15555556
nstdb,118e06,118,6,mixed_after_5min,180,7,78.12500000,1260,12.97760010,150,1916,2300,1875,425,41,97.86012526,81.52173913,88.94686907,2.77777778,50.00000000,0.01254946,23.27142287,30.06324775,1505.15555556
nstdb,118e06,118,6,mixed_after_5min,180,8,39.06250000,1440,14.83154297,150,1916,2301,1876,425,40,97.91231733,81.52976967,88.97320370,2.77777778,50.69444444,0.01218036,12.52567921,35.44368081,1505.15555556
nstdb,118e06,118,6,mixed_after_5min,180,9,19.53125000,1620,16.68548584,150,1916,2294,1875,419,41,97.86012526,81.73496077,89.07363420,2.77777778,50.83333333,0.01181126,7.71559011,39.65232356,1505.15555556
nstdb,118e06,118,6,mixed_after_5min,180,10,9.76562500,1800,18.53942871,150,1916,2297,1875,422,41,97.86012526,81.62821071,89.01020650,2.77777778,50.00000000,0.01181126,5.90539399,41.97472896,1505.15555556
nstdb,118e06,118,6,mixed_after_5min,180,11,4.88281250,1980,20.39337158,150,1916,2297,1875,422,41,97.86012526,81.62821071,89.01020650,2.77777778,50.00000000,0.01181126,5.33532583,42.85648756,1505.15555556
nstdb,118e06,118,6,mixed_after_5min,250,6,156.25000000,1500,15.44952393,150,1916,2295,1875,420,41,97.86012526,81.69934641,89.05248160,1.33333333,41.98888889,0.01488218,46.41119348,24.06726559,1505.15555556
nstdb,118e06,118,6,mixed_after_5min,250,7,78.12500000,1750,18.02444458,150,1916,2289,1875,414,41,97.86012526,81.91349934,89.17954816,1.33333333,41.73333333,0.01222465,23.29296955,30.05522314,1505.15555556
nstdb,118e06,118,6,mixed_after_5min,250,8,39.06250000,2000,20.59936523,150,1916,2283,1874,409,42,97.80793319,82.08497591,89.25934746,1.33333333,41.52222222,0.01222465,12.51725536,35.44953808,1505.15555556
nstdb,118e06,118,6,mixed_after_5min,250,9,19.53125000,2250,23.17428589,150,1916,2285,1874,411,42,97.80793319,82.01312910,89.21685313,1.33333333,42.00555556,0.01195889,7.71020088,39.65840646,1505.15555556
nstdb,118e06,118,6,mixed_after_5min,250,10,9.76562500,2500,25.74920654,150,1916,2286,1873,413,43,97.75574113,81.93350831,89.14802475,1.33333333,41.17777778,0.01169314,5.89347874,41.99228589,1505.15555556
nstdb,118e06,118,6,mixed_after_5min,250,11,4.88281250,2750,28.32412720,150,1916,2287,1874,413,42,97.80793319,81.94140796,89.17439924,1.33333333,41.60000000,0.01169314,5.32470212,42.87381398,1505.15555556
nstdb,118e06,118,6,mixed_after_5min,360,6,156.25000000,2160,22.24731445,150,1916,2261,1878,383,38,98.01670146,83.06059266,89.92099593,2.77777778,36.11111111,0.01439497,46.42078452,24.06246920,1505.15555556
nstdb,118e06,118,6,mixed_after_5min,360,7,78.12500000,2520,25.95520020,150,1916,2253,1879,374,37,98.06889353,83.39991123,90.14152075,2.77777778,36.11111111,0.01291856,23.26545332,30.06248833,1505.15555556
nstdb,118e06,118,6,mixed_after_5min,360,8,39.06250000,2880,29.66308594,150,1916,2259,1879,380,37,98.06889353,83.17839752,90.01197605,2.77777778,36.11111111,0.01236491,12.50891448,35.45232624,1505.15555556
nstdb,118e06,118,6,mixed_after_5min,360,9,19.53125000,3240,33.37097168,150,1916,2254,1879,375,37,98.06889353,83.36291038,90.11990408,2.77777778,36.11111111,0.01218036,7.69763211,39.66957569,1505.15555556
nstdb,118e06,118,6,mixed_after_5min,360,10,9.76562500,3600,37.07885742,150,1916,2257,1879,378,37,98.06889353,83.25210456,90.05511622,2.77777778,36.11111111,0.01181126,5.87811494,42.01195723,1505.15555556
nstdb,118e06,118,6,mixed_after_5min,360,11,4.88281250,3960,40.78674316,150,1916,2256,1879,377,37,98.06889353,83.28900709,90.07670182,2.77777778,36.11111111,0.01181126,5.30619509,42.90105445,1505.15555556
nstdb,118e06,118,6,noise_only,100,6,156.25000000,600,6.17980957,75,982,1464,821,643,161,83.60488798,56.07923497,67.13000818,8.88888889,62.77777778,0.02555062,46.05467406,26.32000928,782.75555556
nstdb,118e06,118,6,noise_only,100,7,78.12500000,700,7.20977783,75,982,1476,829,647,153,84.41955193,56.16531165,67.45321400,8.33333333,62.77777778,0.02299555,24.03145889,31.96988081,782.75555556
nstdb,118e06,118,6,noise_only,100,8,39.06250000,800,8.23974609,75,982,1475,827,648,155,84.21588595,56.06779661,67.31786732,8.88888889,63.88888889,0.02299555,13.73179333,36.83093837,782.75555556
nstdb,118e06,118,6,noise_only,100,9,19.53125000,900,9.26971436,75,982,1474,832,642,150,84.72505092,56.44504749,67.75244300,8.88888889,63.88888889,0.02299555,9.41457495,40.10946920,782.75555556
nstdb,118e06,118,6,noise_only,100,10,9.76562500,1000,10.29968262,75,982,1479,835,644,147,85.03054990,56.45706558,67.85859407,8.88888889,63.88888889,0.02299555,7.94448122,41.58417269,782.75555556
nstdb,118e06,118,6,noise_only,100,11,4.88281250,1100,11.32965088,75,982,1464,837,627,145,85.23421589,57.17213115,68.43826656,8.88888889,63.88888889,0.02299555,7.50159133,42.08241553,782.75555556
nstdb,118e06,118,6,noise_only,125,6,156.25000000,750,7.72476196,75,982,1400,853,547,129,86.86354379,60.92857143,71.62048699,5.11111111,51.00000000,0.02759467,46.04680624,26.32112664,782.75555556
nstdb,118e06,118,6,noise_only,125,7,78.12500000,875,9.01222229,75,982,1400,863,537,119,87.88187373,61.64285714,72.46011755,5.11111111,51.86666667,0.02350657,23.89446525,32.01917060,782.75555556
nstdb,118e06,118,6,noise_only,125,8,39.06250000,1000,10.29968262,75,982,1399,862,537,120,87.78004073,61.61543960,72.40655187,5.11111111,51.55000000,0.02350657,13.52089097,36.96501069,782.75555556
nstdb,118e06,118,6,noise_only,125,9,19.53125000,1125,11.58714294,75,982,1411,860,551,122,87.57637475,60.94968108,71.87630589,5.11111111,51.56111111,0.02350657,9.17741032,40.33071392,782.75555556
nstdb,118e06,118,6,noise_only,125,10,9.76562500,1250,12.87460327,75,982,1412,861,551,121,87.67820774,60.97733711,71.92982456,5.00000000,51.11111111,0.02350657,7.64947675,41.91248232,782.75555556
nstdb,118e06,118,6,noise_only,125,11,4.88281250,1375,14.16206360,75,982,1410,860,550,122,87.57637475,60.99290780,71.90635452,5.11111111,51.45000000,0.02350657,7.19254827,42.44746120,782.75555556
nstdb,118e06,118,6,noise_only,180,6,156.25000000,1080,11.12365723,75,982,1358,866,492,116,88.18737271,63.77025037,74.01709402,2.77777778,47.22222222,0.02838973,46.02368981,26.32408570,782.75555556
nstdb,118e06,118,6,noise_only,180,7,78.12500000,1260,12.97760010,75,982,1365,863,502,119,87.88187373,63.22344322,73.54069024,2.77777778,47.22222222,0.02413127,23.92982065,32.00492551,782.75555556
nstdb,118e06,118,6,noise_only,180,8,39.06250000,1440,14.83154297,75,982,1366,862,504,120,87.78004073,63.10395315,73.42419080,2.77777778,47.22222222,0.02342153,13.57589013,36.92834809,782.75555556
nstdb,118e06,118,6,noise_only,180,9,19.53125000,1620,16.68548584,75,982,1359,862,497,120,87.78004073,63.42899191,73.64374199,2.77777778,47.22222222,0.02271179,9.22746043,40.28207055,782.75555556
nstdb,118e06,118,6,noise_only,180,10,9.76562500,1800,18.53942871,75,982,1362,863,499,119,87.88187373,63.36270191,73.63481229,2.77777778,47.22222222,0.02271179,7.72842378,41.82189582,782.75555556
nstdb,118e06,118,6,noise_only,180,11,4.88281250,1980,20.39337158,75,982,1362,863,499,119,87.88187373,63.36270191,73.63481229,2.77777778,47.22222222,0.02271179,7.27383264,42.34844829,782.75555556
nstdb,118e06,118,6,noise_only,250,6,156.25000000,1500,15.44952393,75,982,1359,880,479,102,89.61303462,64.75349522,75.18154635,1.77777778,39.56111111,0.02861684,46.03475147,26.32194774,782.75555556
nstdb,118e06,118,6,noise_only,250,7,78.12500000,1750,18.02444458,75,982,1353,878,475,104,89.40936864,64.89283075,75.20342612,1.66666667,39.55555556,0.02350669,23.94533744,31.99924457,782.75555556
nstdb,118e06,118,6,noise_only,250,8,39.06250000,2000,20.59936523,75,982,1347,879,468,103,89.51120163,65.25612472,75.48303993,1.66666667,39.35555556,0.02350669,13.56284051,36.93665070,782.75555556
nstdb,118e06,118,6,noise_only,250,9,19.53125000,2250,23.17428589,75,982,1349,877,472,105,89.30753564,65.01111935,75.24667525,1.66666667,39.55555556,0.02299567,9.22300032,40.28621932,782.75555556
nstdb,118e06,118,6,noise_only,250,10,9.76562500,2500,25.74920654,75,982,1350,877,473,105,89.30753564,64.96296296,75.21440823,1.66666667,39.33333333,0.02248466,7.71078910,41.84168730,782.75555556
nstdb,118e06,118,6,noise_only,250,11,4.88281250,2750,28.32412720,75,982,1351,878,473,104,89.40936864,64.98889711,75.26789541,1.66666667,39.33333333,0.02248466,7.25838237,42.36686693,782.75555556
nstdb,118e06,118,6,noise_only,360,6,156.25000000,2160,22.24731445,75,982,1326,874,452,108,89.00203666,65.91251885,75.73656846,2.77777778,30.55555556,0.02767999,46.06141558,26.31445126,782.75555556
nstdb,118e06,118,6,noise_only,360,7,78.12500000,2520,25.95520020,75,982,1318,878,440,104,89.40936864,66.61608498,76.34782609,2.77777778,30.55555556,0.02484102,23.91887262,32.00638275,782.75555556
nstdb,118e06,118,6,noise_only,360,8,39.06250000,2880,29.66308594,75,982,1324,875,449,107,89.10386965,66.08761329,75.88898526,2.77777778,30.55555556,0.02377640,13.54340745,36.94663799,782.75555556
nstdb,118e06,118,6,noise_only,360,9,19.53125000,3240,33.37097168,75,982,1319,876,443,106,89.20570265,66.41394996,76.14080834,2.77777778,30.55555556,0.02342153,9.19788566,40.30743674,782.75555556
nstdb,118e06,118,6,noise_only,360,10,9.76562500,3600,37.07885742,75,982,1322,876,446,106,89.20570265,66.26323752,76.04166667,2.77777778,30.55555556,0.02271179,7.68839323,41.86448511,782.75555556
nstdb,118e06,118,6,noise_only,360,11,4.88281250,3960,40.78674316,75,982,1321,876,445,106,89.20570265,66.31339894,76.07468519,2.77777778,30.55555556,0.02271179,7.23249776,42.39543071,782.75555556
nstdb,118e06,118,6,noise_only,100,6,156.25000000,600,6.17980957,150,982,1464,941,523,41,95.82484725,64.27595628,76.94194603,10.00000000,121.66666667,0.02555062,46.05467406,26.32000928,782.75555556
nstdb,118e06,118,6,noise_only,100,7,78.12500000,700,7.20977783,150,982,1476,940,536,42,95.72301426,63.68563686,76.48494711,9.44444444,120.02777778,0.02299555,24.03145889,31.96988081,782.75555556
nstdb,118e06,118,6,noise_only,100,8,39.06250000,800,8.23974609,150,982,1475,941,534,41,95.82484725,63.79661017,76.59747660,10.00000000,120.55555556,0.02299555,13.73179333,36.83093837,782.75555556
nstdb,118e06,118,6,noise_only,100,9,19.53125000,900,9.26971436,150,982,1474,943,531,39,96.02851324,63.97557666,76.79153094,10.00000000,118.88888889,0.02299555,9.41457495,40.10946920,782.75555556
nstdb,118e06,118,6,noise_only,100,10,9.76562500,1000,10.29968262,150,982,1479,943,536,39,96.02851324,63.75929682,76.63551402,10.00000000,118.88888889,0.02299555,7.94448122,41.58417269,782.75555556
nstdb,118e06,118,6,noise_only,100,11,4.88281250,1100,11.32965088,150,982,1464,943,521,39,96.02851324,64.41256831,77.10547833,10.00000000,118.27777778,0.02299555,7.50159133,42.08241553,782.75555556
nstdb,118e06,118,6,noise_only,125,6,156.25000000,750,7.72476196,150,982,1400,948,452,34,96.53767821,67.71428571,79.59697733,5.77777778,114.43333333,0.02759467,46.04680624,26.32112664,782.75555556
nstdb,118e06,118,6,noise_only,125,7,78.12500000,875,9.01222229,150,982,1400,952,448,30,96.94501018,68.00000000,79.93282955,5.66666667,112.83888889,0.02350657,23.89446525,32.01917060,782.75555556
nstdb,118e06,118,6,noise_only,125,8,39.06250000,1000,10.29968262,150,982,1399,951,448,31,96.84317719,67.97712652,79.88240235,5.66666667,110.50000000,0.02350657,13.52089097,36.96501069,782.75555556
nstdb,118e06,118,6,noise_only,125,9,19.53125000,1125,11.58714294,150,982,1411,949,462,33,96.63951120,67.25726435,79.31466778,5.66666667,114.40000000,0.02350657,9.17741032,40.33071392,782.75555556
nstdb,118e06,118,6,noise_only,125,10,9.76562500,1250,12.87460327,150,982,1412,951,461,31,96.84317719,67.35127479,79.44862155,5.55555556,110.50000000,0.02350657,7.64947675,41.91248232,782.75555556
nstdb,118e06,118,6,noise_only,125,11,4.88281250,1375,14.16206360,150,982,1410,950,460,32,96.74134420,67.37588652,79.43143813,5.66666667,110.63888889,0.02350657,7.19254827,42.44746120,782.75555556
nstdb,118e06,118,6,noise_only,180,6,156.25000000,1080,11.12365723,150,982,1358,942,416,40,95.92668024,69.36671576,80.51282051,2.77777778,100.00000000,0.02838973,46.02368981,26.32408570,782.75555556
nstdb,118e06,118,6,noise_only,180,7,78.12500000,1260,12.97760010,150,982,1365,941,424,41,95.82484725,68.93772894,80.18747337,2.77777778,102.77777778,0.02413127,23.92982065,32.00492551,782.75555556
nstdb,118e06,118,6,noise_only,180,8,39.06250000,1440,14.83154297,150,982,1366,942,424,40,95.92668024,68.96046852,80.23850085,2.77777778,102.63888889,0.02342153,13.57589013,36.92834809,782.75555556
nstdb,118e06,118,6,noise_only,180,9,19.53125000,1620,16.68548584,150,982,1359,941,418,41,95.82484725,69.24208977,80.39299445,2.77777778,102.77777778,0.02271179,9.22746043,40.28207055,782.75555556
nstdb,118e06,118,6,noise_only,180,10,9.76562500,1800,18.53942871,150,982,1362,941,421,41,95.82484725,69.08957416,80.29010239,2.77777778,100.00000000,0.02271179,7.72842378,41.82189582,782.75555556
nstdb,118e06,118,6,noise_only,180,11,4.88281250,1980,20.39337158,150,982,1362,941,421,41,95.82484725,69.08957416,80.29010239,2.77777778,100.00000000,0.02271179,7.27383264,42.34844829,782.75555556
nstdb,118e06,118,6,noise_only,250,6,156.25000000,1500,15.44952393,150,982,1359,940,419,42,95.72301426,69.16850625,80.30756087,1.88888889,93.11111111,0.02861684,46.03475147,26.32194774,782.75555556
nstdb,118e06,118,6,noise_only,250,7,78.12500000,1750,18.02444458,150,982,1353,940,413,42,95.72301426,69.47524021,80.51391863,1.77777778,93.14444444,0.02350669,23.94533744,31.99924457,782.75555556
nstdb,118e06,118,6,noise_only,250,8,39.06250000,2000,20.59936523,150,982,1347,939,408,43,95.62118126,69.71046771,80.63546587,1.77777778,93.17777778,0.02350669,13.56284051,36.93665070,782.75555556
nstdb,118e06,118,6,noise_only,250,9,19.53125000,2250,23.17428589,150,982,1349,939,410,43,95.62118126,69.60711638,80.56628057,1.77777778,95.00000000,0.02299567,9.22300032,40.28621932,782.75555556
nstdb,118e06,118,6,noise_only,250,10,9.76562500,2500,25.74920654,150,982,1350,938,412,44,95.51934827,69.48148148,80.44596913,1.77777778,93.21111111,0.02248466,7.71078910,41.84168730,782.75555556
nstdb,118e06,118,6,noise_only,250,11,4.88281250,2750,28.32412720,150,982,1351,939,412,43,95.62118126,69.50407106,80.49721389,1.77777778,93.17777778,0.02248466,7.25838237,42.36686693,782.75555556
nstdb,118e06,118,6,noise_only,360,6,156.25000000,2160,22.24731445,150,982,1326,943,383,39,96.02851324,71.11613876,81.71577123,2.77777778,100.00000000,0.02767999,46.06141558,26.31445126,782.75555556
nstdb,118e06,118,6,noise_only,360,7,78.12500000,2520,25.95520020,150,982,1318,944,374,38,96.13034623,71.62367223,82.08695652,2.77777778,97.22222222,0.02484102,23.91887262,32.00638275,782.75555556
nstdb,118e06,118,6,noise_only,360,8,39.06250000,2880,29.66308594,150,982,1324,944,380,38,96.13034623,71.29909366,81.87337381,2.77777778,97.22222222,0.02377640,13.54340745,36.94663799,782.75555556
nstdb,118e06,118,6,noise_only,360,9,19.53125000,3240,33.37097168,150,982,1319,944,375,38,96.13034623,71.56937074,82.05128205,2.77777778,97.22222222,0.02342153,9.19788566,40.30743674,782.75555556
nstdb,118e06,118,6,noise_only,360,10,9.76562500,3600,37.07885742,150,982,1322,944,378,38,96.13034623,71.40695915,81.94444444,2.77777778,97.22222222,0.02271179,7.68839323,41.86448511,782.75555556
nstdb,118e06,118,6,noise_only,360,11,4.88281250,3960,40.78674316,150,982,1321,944,377,38,96.13034623,71.46101438,81.98002605,2.77777778,97.22222222,0.02271179,7.23249776,42.39543071,782.75555556
nstdb,118e12,118,12,mixed_after_5min,100,6,156.25000000,600,6.17980957,75,1916,2061,1859,202,57,97.02505219,90.19893256,93.48755343,7.77777778,43.33333333,0.00000000,45.99331706,20.81291327,1505.15555556
nstdb,118e12,118,12,mixed_after_5min,100,7,78.12500000,700,7.20977783,75,1916,2060,1856,204,60,96.86847599,90.09708738,93.36016097,7.77777778,43.33333333,0.00000000,22.53043979,27.01141453,1505.15555556
nstdb,118e12,118,12,mixed_after_5min,100,8,39.06250000,800,8.23974609,75,1916,2056,1855,201,61,96.81628392,90.22373541,93.40382679,7.77777778,43.50000000,0.00000000,11.26143746,33.03493133,1505.15555556
nstdb,118e12,118,12,mixed_after_5min,100,9,19.53125000,900,9.26971436,75,1916,2060,1853,207,63,96.71189979,89.95145631,93.20925553,7.77777778,43.33333333,0.00000000,5.64174532,39.03853836,1505.15555556
nstdb,118e12,118,12,mixed_after_5min,100,10,9.76562500,1000,10.29968262,75,1916,2055,1854,201,62,96.76409186,90.21897810,93.37698313,7.77777778,42.77777778,0.00000000,2.82057814,45.06004520,1505.15555556
nstdb,118e12,118,12,mixed_after_5min,100,11,4.88281250,1100,11.32965088,75,1916,2058,1854,204,62,96.76409186,90.08746356,93.30649220,7.77777778,42.77777778,0.00000000,1.40999271,51.08247055,1505.15555556
nstdb,118e12,118,12,mixed_after_5min,125,6,156.25000000,750,7.72476196,75,1916,2004,1890,114,26,98.64300626,94.31137725,96.42857143,4.33333333,14.52222222,0.00000000,46.02211910,20.80776906,1505.15555556
nstdb,118e12,118,12,mixed_after_5min,125,7,78.12500000,875,9.01222229,75,1916,1998,1894,104,22,98.85177453,94.79479479,96.78078692,4.22222222,38.63333333,0.00000000,22.54375563,27.00657594,1505.15555556
nstdb,118e12,118,12,mixed_after_5min,125,8,39.06250000,1000,10.29968262,75,1916,2004,1895,109,21,98.90396660,94.56087824,96.68367347,4.33333333,39.04444444,0.00000000,11.27758111,33.02278211,1505.15555556
nstdb,118e12,118,12,mixed_after_5min,125,9,19.53125000,1125,11.58714294,75,1916,2004,1895,109,21,98.90396660,94.56087824,96.68367347,4.22222222,14.13333333,0.00000000,5.63226120,39.05344556,1505.15555556
nstdb,118e12,118,12,mixed_after_5min,125,10,9.76562500,1250,12.87460327,75,1916,2000,1895,105,21,98.90396660,94.75000000,96.78243105,4.22222222,14.13333333,0.00000000,2.81788381,45.06863968,1505.15555556
nstdb,118e12,118,12,mixed_after_5min,125,11,4.88281250,1375,14.16206360,75,1916,2001,1895,106,21,98.90396660,94.70264868,96.75772275,4.22222222,38.16666667,0.00000000,1.40853133,51.09177108,1505.15555556
nstdb,118e12,118,12,mixed_after_5min,180,6,156.25000000,1080,11.12365723,75,1916,1987,1895,92,21,98.90396660,95.36990438,97.10479119,2.77777778,41.66666667,0.00000000,45.95074223,20.82011003,1505.15555556
nstdb,118e12,118,12,mixed_after_5min,180,7,78.12500000,1260,12.97760010,75,1916,1986,1893,93,23,98.79958246,95.31722054,97.02716556,2.77777778,41.66666667,0.00000000,22.55009235,27.00299415,1505.15555556
nstdb,118e12,118,12,mixed_after_5min,180,8,39.06250000,1440,14.83154297,75,1916,1986,1894,92,22,98.85177453,95.36757301,97.07842132,2.77777778,41.66666667,0.00000000,11.26822243,33.02885243,1505.15555556
nstdb,118e12,118,12,mixed_after_5min,180,9,19.53125000,1620,16.68548584,75,1916,1988,1894,94,22,98.85177453,95.27162978,97.02868852,2.77777778,41.66666667,0.00000000,5.64142697,39.03818124,1505.15555556
nstdb,118e12,118,12,mixed_after_5min,180,10,9.76562500,1800,18.53942871,75,1916,1987,1893,94,23,98.79958246,95.26925013,97.00230592,2.77777778,41.66666667,0.00000000,2.82056900,45.05922609,1505.15555556
nstdb,118e12,118,12,mixed_after_5min,180,11,4.88281250,1980,20.39337158,75,1916,1987,1893,94,23,98.79958246,95.26925013,97.00230592,2.77777778,41.66666667,0.00000000,1.40670714,51.10188682,1505.15555556
nstdb,118e12,118,12,mixed_after_5min,250,6,156.25000000,1500,15.44952393,75,1916,1993,1897,96,19,99.00835073,95.18314099,97.05807112,1.22222222,3.46666667,0.00000000,46.00912798,20.80935063,1505.15555556
nstdb,118e12,118,12,mixed_after_5min,250,7,78.12500000,1750,18.02444458,75,1916,1987,1899,88,17,99.11273486,95.57121288,97.30976172,1.11111111,3.44444444,0.00000000,22.55068534,27.00303578,1505.15555556
nstdb,118e12,118,12,mixed_after_5min,250,8,39.06250000,2000,20.59936523,75,1916,1985,1898,87,18,99.06054280,95.61712846,97.30838247,1.11111111,3.44444444,0.00000000,11.26901311,33.02851300,1505.15555556
nstdb,118e12,118,12,mixed_after_5min,250,9,19.53125000,2250,23.17428589,75,1916,1984,1899,85,17,99.11273486,95.71572581,97.38461538,1.11111111,3.44444444,0.00000000,5.63564082,39.04736456,1505.15555556
nstdb,118e12,118,12,mixed_after_5min,250,10,9.76562500,2500,25.74920654,75,1916,1986,1899,87,17,99.11273486,95.61933535,97.33470015,1.11111111,3.44444444,0.00000000,2.81928162,45.06346148,1505.15555556
nstdb,118e12,118,12,mixed_after_5min,250,11,4.88281250,2750,28.32412720,75,1916,1986,1899,87,17,99.11273486,95.61933535,97.33470015,1.11111111,3.44444444,0.00000000,1.40923811,51.08654311,1505.15555556
nstdb,118e12,118,12,mixed_after_5min,360,6,156.25000000,2160,22.24731445,75,1916,1992,1900,92,16,99.16492693,95.38152610,97.23643808,2.77777778,2.77777778,0.00000000,45.97970420,20.81042520,1505.15555556
nstdb,118e12,118,12,mixed_after_5min,360,7,78.12500000,2520,25.95520020,75,1916,1997,1900,97,16,99.16492693,95.14271407,97.11219014,2.77777778,2.77777778,0.00000000,22.53985556,27.00272609,1505.15555556
nstdb,118e12,118,12,mixed_after_5min,360,8,39.06250000,2880,29.66308594,75,1916,1998,1898,100,18,99.06054280,94.99499499,96.98518140,2.77777778,2.77777778,0.00000000,11.27279408,33.02111718,1505.15555556
nstdb,118e12,118,12,mixed_after_5min,360,9,19.53125000,3240,33.37097168,75,1916,1997,1898,99,18,99.06054280,95.04256385,97.00996678,2.77777778,2.77777778,0.00000000,5.64020828,39.03584583,1505.15555556
nstdb,118e12,118,12,mixed_after_5min,360,10,9.76562500,3600,37.07885742,75,1916,1997,1898,99,18,99.06054280,95.04256385,97.00996678,2.77777778,2.77777778,0.00000000,2.81963770,45.05788248,1505.15555556
nstdb,118e12,118,12,mixed_after_5min,360,11,4.88281250,3960,40.78674316,75,1916,1998,1898,100,18,99.06054280,94.99499499,96.98518140,2.77777778,2.77777778,0.00000000,1.40822665,51.08829750,1505.15555556
nstdb,118e12,118,12,mixed_after_5min,100,6,156.25000000,600,6.17980957,150,1916,2061,1904,157,12,99.37369520,92.38233867,95.75056575,7.77777778,56.02777778,0.00000000,45.99331706,20.81291327,1505.15555556
nstdb,118e12,118,12,mixed_after_5min,100,7,78.12500000,700,7.20977783,150,1916,2060,1903,157,13,99.32150313,92.37864078,95.72434608,7.77777778,57.11111111,0.00000000,22.53043979,27.01141453,1505.15555556
nstdb,118e12,118,12,mixed_after_5min,100,8,39.06250000,800,8.23974609,150,1916,2056,1902,154,14,99.26931106,92.50972763,95.77039275,7.77777778,56.08333333,0.00000000,11.26143746,33.03493133,1505.15555556
nstdb,118e12,118,12,mixed_after_5min,100,9,19.53125000,900,9.26971436,150,1916,2060,1902,158,14,99.26931106,92.33009709,95.67404427,7.77777778,56.11111111,0.00000000,5.64174532,39.03853836,1505.15555556
nstdb,118e12,118,12,mixed_after_5min,100,10,9.76562500,1000,10.29968262,150,1916,2055,1902,153,14,99.26931106,92.55474453,95.79451020,7.77777778,55.55555556,0.00000000,2.82057814,45.06004520,1505.15555556
nstdb,118e12,118,12,mixed_after_5min,100,11,4.88281250,1100,11.32965088,150,1916,2058,1902,156,14,99.26931106,92.41982507,95.72219426,7.77777778,55.55555556,0.00000000,1.40999271,51.08247055,1505.15555556
nstdb,118e12,118,12,mixed_after_5min,125,6,156.25000000,750,7.72476196,150,1916,2004,1908,96,8,99.58246347,95.20958084,97.34693878,4.33333333,41.95555556,0.00000000,46.02211910,20.80776906,1505.15555556
nstdb,118e12,118,12,mixed_after_5min,125,7,78.12500000,875,9.01222229,150,1916,1998,1912,86,4,99.79123173,95.69569570,97.70056208,4.33333333,42.27222222,0.00000000,22.54375563,27.00657594,1505.15555556
nstdb,118e12,118,12,mixed_after_5min,125,8,39.06250000,1000,10.29968262,150,1916,2004,1912,92,4,99.79123173,95.40918164,97.55102041,4.33333333,42.22222222,0.00000000,11.27758111,33.02278211,1505.15555556
nstdb,118e12,118,12,mixed_after_5min,125,9,19.53125000,1125,11.58714294,150,1916,2004,1911,93,5,99.73903967,95.35928144,97.50000000,4.33333333,41.44444444,0.00000000,5.63226120,39.05344556,1505.15555556
nstdb,118e12,118,12,mixed_after_5min,125,10,9.76562500,1250,12.87460327,150,1916,2000,1911,89,5,99.73903967,95.55000000,97.59959142,4.33333333,41.44444444,0.00000000,2.81788381,45.06863968,1505.15555556
nstdb,118e12,118,12,mixed_after_5min,125,11,4.88281250,1375,14.16206360,150,1916,2001,1911,90,5,99.73903967,95.50224888,97.57467450,4.33333333,41.66666667,0.00000000,1.40853133,51.09177108,1505.15555556
nstdb,118e12,118,12,mixed_after_5min,180,6,156.25000000,1080,11.12365723,150,1916,1987,1906,81,10,99.47807933,95.92350277,97.66846016,2.77777778,41.66666667,0.00000000,45.95074223,20.82011003,1505.15555556
nstdb,118e12,118,12,mixed_after_5min,180,7,78.12500000,1260,12.97760010,150,1916,1986,1904,82,12,99.37369520,95.87109768,97.59097899,2.77777778,41.66666667,0.00000000,22.55009235,27.00299415,1505.15555556
nstdb,118e12,118,12,mixed_after_5min,180,8,39.06250000,1440,14.83154297,150,1916,1986,1905,81,11,99.42588727,95.92145015,97.64223475,2.77777778,41.66666667,0.00000000,11.26822243,33.02885243,1505.15555556
nstdb,118e12,118,12,mixed_after_5min,180,9,19.53125000,1620,16.68548584,150,1916,1988,1905,83,11,99.42588727,95.82494970,97.59221311,2.77777778,41.66666667,0.00000000,5.64142697,39.03818124,1505.15555556
nstdb,118e12,118,12,mixed_after_5min,180,10,9.76562500,1800,18.53942871,150,1916,1987,1904,83,12,99.37369520,95.82284852,97.56597489,2.77777778,41.66666667,0.00000000,2.82056900,45.05922609,1505.15555556
nstdb,118e12,118,12,mixed_after_5min,180,11,4.88281250,1980,20.39337158,150,1916,1987,1904,83,12,99.37369520,95.82284852,97.56597489,2.77777778,41.66666667,0.00000000,1.40670714,51.10188682,1505.15555556
nstdb,118e12,118,12,mixed_after_5min,250,6,156.25000000,1500,15.44952393,150,1916,1993,1906,87,10,99.47807933,95.63472153,97.51854694,1.22222222,3.55555556,0.00000000,46.00912798,20.80935063,1505.15555556
nstdb,118e12,118,12,mixed_after_5min,250,7,78.12500000,1750,18.02444458,150,1916,1987,1908,79,8,99.58246347,96.02415702,97.77094543,1.11111111,3.44444444,0.00000000,22.55068534,27.00303578,1505.15555556
nstdb,118e12,118,12,mixed_after_5min,250,8,39.06250000,2000,20.59936523,150,1916,1985,1907,78,9,99.53027140,96.07052897,97.76980261,1.11111111,3.55555556,0.00000000,11.26901311,33.02851300,1505.15555556
nstdb,118e12,118,12,mixed_after_5min,250,9,19.53125000,2250,23.17428589,150,1916,1984,1908,76,8,99.58246347,96.16935484,97.84615385,1.11111111,3.51666667,0.00000000,5.63564082,39.04736456,1505.15555556
nstdb,118e12,118,12,mixed_after_5min,250,10,9.76562500,2500,25.74920654,150,1916,1986,1908,78,8,99.58246347,96.07250755,97.79600205,1.11111111,3.51666667,0.00000000,2.81928162,45.06346148,1505.15555556
nstdb,118e12,118,12,mixed_after_5min,250,11,4.88281250,2750,28.32412720,150,1916,1986,1908,78,8,99.58246347,96.07250755,97.79600205,1.11111111,3.51666667,0.00000000,1.40923811,51.08654311,1505.15555556
nstdb,118e12,118,12,mixed_after_5min,360,6,156.25000000,2160,22.24731445,150,1916,1992,1909,83,7,99.63465553,95.83333333,97.69703173,2.77777778,2.77777778,0.00000000,45.97970420,20.81042520,1505.15555556
nstdb,118e12,118,12,mixed_after_5min,360,7,78.12500000,2520,25.95520020,150,1916,1997,1909,88,7,99.63465553,95.59339009,97.57219525,2.77777778,2.77777778,0.00000000,22.53985556,27.00272609,1505.15555556
nstdb,118e12,118,12,mixed_after_5min,360,8,39.06250000,2880,29.66308594,150,1916,1998,1909,89,7,99.63465553,95.54554555,97.54726622,2.77777778,2.77777778,0.00000000,11.27279408,33.02111718,1505.15555556
nstdb,118e12,118,12,mixed_after_5min,360,9,19.53125000,3240,33.37097168,150,1916,1997,1909,88,7,99.63465553,95.59339009,97.57219525,2.77777778,2.77777778,0.00000000,5.64020828,39.03584583,1505.15555556
nstdb,118e12,118,12,mixed_after_5min,360,10,9.76562500,3600,37.07885742,150,1916,1997,1909,88,7,99.63465553,95.59339009,97.57219525,2.77777778,2.77777778,0.00000000,2.81963770,45.05788248,1505.15555556
nstdb,118e12,118,12,mixed_after_5min,360,11,4.88281250,3960,40.78674316,150,1916,1998,1909,89,7,99.63465553,95.54554555,97.54726622,2.77777778,2.77777778,0.00000000,1.40822665,51.08829750,1505.15555556
nstdb,118e12,118,12,noise_only,100,6,156.25000000,600,6.17980957,75,982,1127,926,201,56,94.29735234,82.16503993,87.81412992,7.77777778,57.22222222,0.00000000,45.16106614,22.28176841,782.75555556
nstdb,118e12,118,12,noise_only,100,7,78.12500000,700,7.20977783,75,982,1126,923,203,59,93.99185336,81.97158082,87.57115750,7.77777778,57.22222222,0.00000000,22.50582246,28.33115436,782.75555556
nstdb,118e12,118,12,noise_only,100,8,39.06250000,800,8.23974609,75,982,1122,922,200,60,93.89002037,82.17468806,87.64258555,7.77777778,57.16666667,0.00000000,11.25715155,34.34848188,782.75555556
nstdb,118e12,118,12,noise_only,100,9,19.53125000,900,9.26971436,75,982,1126,920,206,62,93.68635438,81.70515098,87.28652751,7.77777778,56.16666667,0.00000000,5.64177542,40.34873625,782.75555556
nstdb,118e12,118,12,noise_only,100,10,9.76562500,1000,10.29968262,75,982,1121,921,200,61,93.78818737,82.15878680,87.58915835,7.77777778,55.55555556,0.00000000,2.81552463,46.38586552,782.75555556
nstdb,118e12,118,12,noise_only,100,11,4.88281250,1100,11.32965088,75,982,1124,921,203,61,93.78818737,81.93950178,87.46438746,7.77777778,55.55555556,0.00000000,1.40997347,52.39283333,782.75555556
nstdb,118e12,118,12,noise_only,125,6,156.25000000,750,7.72476196,75,982,1070,956,114,26,97.35234216,89.34579439,93.17738791,4.44444444,45.38888889,0.00000000,45.19682669,22.27496750,782.75555556
nstdb,118e12,118,12,noise_only,125,7,78.12500000,875,9.01222229,75,982,1064,960,104,22,97.75967413,90.22556391,93.84164223,4.50000000,45.90000000,0.00000000,22.51888849,28.32618736,782.75555556
nstdb,118e12,118,12,noise_only,125,8,39.06250000,1000,10.29968262,75,982,1070,961,109,21,97.86150713,89.81308411,93.66471735,4.44444444,45.88888889,0.00000000,11.28196221,34.32943356,782.75555556
nstdb,118e12,118,12,noise_only,125,9,19.53125000,1125,11.58714294,75,982,1070,961,109,21,97.86150713,89.81308411,93.66471735,4.44444444,45.44444444,0.00000000,5.63448349,40.36004416,782.75555556
nstdb,118e12,118,12,noise_only,125,10,9.76562500,1250,12.87460327,75,982,1066,961,105,21,97.86150713,90.15009381,93.84765625,4.44444444,45.33333333,0.00000000,2.82207094,46.36576782,782.75555556
nstdb,118e12,118,12,noise_only,125,11,4.88281250,1375,14.16206360,75,982,1067,961,106,21,97.86150713,90.06560450,93.80185456,4.44444444,45.55555556,0.00000000,1.40839491,52.40263745,782.75555556
nstdb,118e12,118,12,noise_only,180,6,156.25000000,1080,11.12365723,75,982,1053,961,92,21,97.86150713,91.26305793,94.44717445,2.77777778,44.44444444,0.00000000,45.12600864,22.28740034,782.75555556
nstdb,118e12,118,12,noise_only,180,7,78.12500000,1260,12.97760010,75,982,1052,959,93,23,97.65784114,91.15969582,94.29695182,2.77777778,44.44444444,0.00000000,22.56069355,28.30888986,782.75555556
nstdb,118e12,118,12,noise_only,180,8,39.06250000,1440,14.83154297,75,982,1052,960,92,22,97.75967413,91.25475285,94.39528024,2.77777778,44.44444444,0.00000000,11.25409845,34.34972459,782.75555556
nstdb,118e12,118,12,noise_only,180,9,19.53125000,1620,16.68548584,75,982,1054,960,94,22,97.75967413,91.08159393,94.30255403,2.77777778,44.44444444,0.00000000,5.64375440,40.34457666,782.75555556
nstdb,118e12,118,12,noise_only,180,10,9.76562500,1800,18.53942871,75,982,1053,959,94,23,97.65784114,91.07312441,94.25061425,2.77777778,44.44444444,0.00000000,2.82503066,46.35547546,782.75555556
nstdb,118e12,118,12,noise_only,180,11,4.88281250,1980,20.39337158,75,982,1053,959,94,23,97.65784114,91.07312441,94.25061425,2.77777778,44.44444444,0.00000000,1.40623211,52.41479859,782.75555556
nstdb,118e12,118,12,noise_only,250,6,156.25000000,1500,15.44952393,75,982,1059,963,96,19,98.06517312,90.93484419,94.36550710,1.33333333,4.86666667,0.00000000,45.19387495,22.27452408,782.75555556
nstdb,118e12,118,12,noise_only,250,7,78.12500000,1750,18.02444458,75,982,1053,965,88,17,98.26883910,91.64292498,94.84029484,1.33333333,4.22222222,0.00000000,22.53292048,28.31976599,782.75555556
nstdb,118e12,118,12,noise_only,250,8,39.06250000,2000,20.59936523,75,982,1051,964,87,18,98.16700611,91.72216936,94.83521889,1.33333333,4.31666667,0.00000000,11.26427620,34.34204986,782.75555556
nstdb,118e12,118,12,noise_only,250,9,19.53125000,2250,23.17428589,75,982,1050,965,85,17,98.26883910,91.90476190,94.98031496,1.33333333,4.31111111,0.00000000,5.63986105,40.35074759,782.75555556
nstdb,118e12,118,12,noise_only,250,10,9.76562500,2500,25.74920654,75,982,1052,965,87,17,98.26883910,91.73003802,94.88692232,1.33333333,4.31111111,0.00000000,2.82185669,46.36541658,782.75555556
nstdb,118e12,118,12,noise_only,250,11,4.88281250,2750,28.32412720,75,982,1052,965,87,17,98.26883910,91.73003802,94.88692232,1.33333333,4.31111111,0.00000000,1.40814504,52.40316787,782.75555556
nstdb,118e12,118,12,noise_only,360,6,156.25000000,2160,22.24731445,75,982,1058,966,92,16,98.37067210,91.30434783,94.70588235,2.77777778,2.77777778,0.00000000,45.14735457,22.27975492,782.75555556
nstdb,118e12,118,12,noise_only,360,7,78.12500000,2520,25.95520020,75,982,1063,966,97,16,98.37067210,90.87488241,94.47432763,2.77777778,2.77777778,0.00000000,22.53948310,28.31352203,782.75555556
nstdb,118e12,118,12,noise_only,360,8,39.06250000,2880,29.66308594,75,982,1064,964,100,18,98.16700611,90.60150376,94.23264907,2.77777778,2.77777778,0.00000000,11.26457771,34.33810276,782.75555556
nstdb,118e12,118,12,noise_only,360,9,19.53125000,3240,33.37097168,75,982,1063,964,99,18,98.16700611,90.68673565,94.27872861,2.77777778,2.77777778,0.00000000,5.64045016,40.34612576,782.75555556
nstdb,118e12,118,12,noise_only,360,10,9.76562500,3600,37.07885742,75,982,1063,964,99,18,98.16700611,90.68673565,94.27872861,2.77777778,2.77777778,0.00000000,2.82312039,46.35781310,782.75555556
nstdb,118e12,118,12,noise_only,360,11,4.88281250,3960,40.78674316,75,982,1064,964,100,18,98.16700611,90.60150376,94.23264907,2.77777778,2.77777778,0.00000000,1.40740701,52.40400691,782.75555556
nstdb,118e12,118,12,noise_only,100,6,156.25000000,600,6.17980957,150,982,1127,970,157,12,98.77800407,86.06921029,91.98672357,8.33333333,73.63888889,0.00000000,45.16106614,22.28176841,782.75555556
nstdb,118e12,118,12,noise_only,100,7,78.12500000,700,7.20977783,150,982,1126,969,157,13,98.67617108,86.05683837,91.93548387,8.33333333,74.44444444,0.00000000,22.50582246,28.33115436,782.75555556
nstdb,118e12,118,12,noise_only,100,8,39.06250000,800,8.23974609,150,982,1122,968,154,14,98.57433809,86.27450980,92.01520913,8.33333333,74.44444444,0.00000000,11.25715155,34.34848188,782.75555556
nstdb,118e12,118,12,noise_only,100,9,19.53125000,900,9.26971436,150,982,1126,968,158,14,98.57433809,85.96802842,91.84060721,7.77777778,74.80555556,0.00000000,5.64177542,40.34873625,782.75555556
nstdb,118e12,118,12,noise_only,100,10,9.76562500,1000,10.29968262,150,982,1121,968,153,14,98.57433809,86.35147190,92.05896339,7.77777778,74.44444444,0.00000000,2.81552463,46.38586552,782.75555556
nstdb,118e12,118,12,noise_only,100,11,4.88281250,1100,11.32965088,150,982,1124,968,156,14,98.57433809,86.12099644,91.92782526,7.77777778,74.44444444,0.00000000,1.40997347,52.39283333,782.75555556
nstdb,118e12,118,12,noise_only,125,6,156.25000000,750,7.72476196,150,982,1070,974,96,8,99.18533605,91.02803738,94.93177388,4.55555556,47.26666667,0.00000000,45.19682669,22.27496750,782.75555556
nstdb,118e12,118,12,noise_only,125,7,78.12500000,875,9.01222229,150,982,1064,978,86,4,99.59266802,91.91729323,95.60117302,4.66666667,49.08333333,0.00000000,22.51888849,28.32618736,782.75555556
nstdb,118e12,118,12,noise_only,125,8,39.06250000,1000,10.29968262,150,982,1070,978,92,4,99.59266802,91.40186916,95.32163743,4.55555556,48.32222222,0.00000000,11.28196221,34.32943356,782.75555556
nstdb,118e12,118,12,noise_only,125,9,19.53125000,1125,11.58714294,150,982,1070,977,93,5,99.49083503,91.30841121,95.22417154,4.55555556,47.37777778,0.00000000,5.63448349,40.36004416,782.75555556
nstdb,118e12,118,12,noise_only,125,10,9.76562500,1250,12.87460327,150,982,1066,977,89,5,99.49083503,91.65103189,95.41015625,4.55555556,47.37777778,0.00000000,2.82207094,46.36576782,782.75555556
nstdb,118e12,118,12,noise_only,125,11,4.88281250,1375,14.16206360,150,982,1067,977,90,5,99.49083503,91.56513590,95.36359200,4.55555556,47.55555556,0.00000000,1.40839491,52.40263745,782.75555556
nstdb,118e12,118,12,noise_only,180,6,156.25000000,1080,11.12365723,150,982,1053,972,81,10,98.98167006,92.30769231,95.52825553,2.77777778,44.44444444,0.00000000,45.12600864,22.28740034,782.75555556
nstdb,118e12,118,12,noise_only,180,7,78.12500000,1260,12.97760010,150,982,1052,970,82,12,98.77800407,92.20532319,95.37856441,2.77777778,44.44444444,0.00000000,22.56069355,28.30888986,782.75555556
nstdb,118e12,118,12,noise_only,180,8,39.06250000,1440,14.83154297,150,982,1052,971,81,11,98.87983707,92.30038023,95.47689282,2.77777778,44.44444444,0.00000000,11.25409845,34.34972459,782.75555556
nstdb,118e12,118,12,noise_only,180,9,19.53125000,1620,16.68548584,150,982,1054,971,83,11,98.87983707,92.12523719,95.38310413,2.77777778,44.44444444,0.00000000,5.64375440,40.34457666,782.75555556
nstdb,118e12,118,12,noise_only,180,10,9.76562500,1800,18.53942871,150,982,1053,970,83,12,98.77800407,92.11775878,95.33169533,2.77777778,44.44444444,0.00000000,2.82503066,46.35547546,782.75555556
nstdb,118e12,118,12,noise_only,180,11,4.88281250,1980,20.39337158,150,982,1053,970,83,12,98.77800407,92.11775878,95.33169533,2.77777778,44.44444444,0.00000000,1.40623211,52.41479859,782.75555556
nstdb,118e12,118,12,noise_only,250,6,156.25000000,1500,15.44952393,150,982,1059,972,87,10,98.98167006,91.78470255,95.24742773,1.33333333,6.42222222,0.00000000,45.19387495,22.27452408,782.75555556
nstdb,118e12,118,12,noise_only,250,7,78.12500000,1750,18.02444458,150,982,1053,974,79,8,99.18533605,92.49762583,95.72481572,1.33333333,4.92777778,0.00000000,22.53292048,28.31976599,782.75555556
nstdb,118e12,118,12,noise_only,250,8,39.06250000,2000,20.59936523,150,982,1051,973,78,9,99.08350305,92.57849667,95.72060994,1.33333333,5.08888889,0.00000000,11.26427620,34.34204986,782.75555556
nstdb,118e12,118,12,noise_only,250,9,19.53125000,2250,23.17428589,150,982,1050,974,76,8,99.18533605,92.76190476,95.86614173,1.33333333,4.92777778,0.00000000,5.63986105,40.35074759,782.75555556
nstdb,118e12,118,12,noise_only,250,10,9.76562500,2500,25.74920654,150,982,1052,974,78,8,99.18533605,92.58555133,95.77187807,1.33333333,4.92777778,0.00000000,2.82185669,46.36541658,782.75555556
nstdb,118e12,118,12,noise_only,250,11,4.88281250,2750,28.32412720,150,982,1052,974,78,8,99.18533605,92.58555133,95.77187807,1.33333333,4.92777778,0.00000000,1.40814504,52.40316787,782.75555556
nstdb,118e12,118,12,noise_only,360,6,156.25000000,2160,22.24731445,150,982,1058,975,83,7,99.28716904,92.15500945,95.58823529,2.77777778,2.77777778,0.00000000,45.14735457,22.27975492,782.75555556
nstdb,118e12,118,12,noise_only,360,7,78.12500000,2520,25.95520020,150,982,1063,975,88,7,99.28716904,91.72154280,95.35452323,2.77777778,2.77777778,0.00000000,22.53948310,28.31352203,782.75555556
nstdb,118e12,118,12,noise_only,360,8,39.06250000,2880,29.66308594,150,982,1064,975,89,7,99.28716904,91.63533835,95.30791789,2.77777778,2.77777778,0.00000000,11.26457771,34.33810276,782.75555556
nstdb,118e12,118,12,noise_only,360,9,19.53125000,3240,33.37097168,150,982,1063,975,88,7,99.28716904,91.72154280,95.35452323,2.77777778,2.77777778,0.00000000,5.64045016,40.34612576,782.75555556
nstdb,118e12,118,12,noise_only,360,10,9.76562500,3600,37.07885742,150,982,1063,975,88,7,99.28716904,91.72154280,95.35452323,2.77777778,2.77777778,0.00000000,2.82312039,46.35781310,782.75555556
nstdb,118e12,118,12,noise_only,360,11,4.88281250,3960,40.78674316,150,982,1064,975,89,7,99.28716904,91.63533835,95.30791789,2.77777778,2.77777778,0.00000000,1.40740701,52.40400691,782.75555556
nstdb,118e18,118,18,mixed_after_5min,100,6,156.25000000,600,6.17980957,75,1916,1919,1907,12,9,99.53027140,99.37467431,99.45241199,7.22222222,12.77777778,0.00000000,46.00079752,19.32694990,1505.15555556
nstdb,118e18,118,18,mixed_after_5min,100,7,78.12500000,700,7.20977783,75,1916,1919,1905,14,11,99.42588727,99.27045336,99.34810952,7.22222222,12.77777778,0.00000000,22.55132735,25.51881494,1505.15555556
nstdb,118e18,118,18,mixed_after_5min,100,8,39.06250000,800,8.23974609,75,1916,1919,1906,13,10,99.47807933,99.32256384,99.40026076,7.22222222,12.77777778,0.00000000,11.28628014,31.53124060,1505.15555556
nstdb,118e18,118,18,mixed_after_5min,100,9,19.53125000,900,9.26971436,75,1916,1918,1905,13,11,99.42588727,99.32221064,99.37402191,7.22222222,12.77777778,0.00000000,5.63463966,37.56493417,1505.15555556
nstdb,118e18,118,18,mixed_after_5min,100,10,9.76562500,1000,10.29968262,75,1916,1919,1905,14,11,99.42588727,99.27045336,99.34810952,7.22222222,12.77777778,0.00000000,2.81887758,43.58073281,1505.15555556
nstdb,118e18,118,18,mixed_after_5min,100,11,4.88281250,1100,11.32965088,75,1916,1919,1905,14,11,99.42588727,99.27045336,99.34810952,7.22222222,12.77777778,0.00000000,1.41114597,49.59081832,1505.15555556
nstdb,118e18,118,18,mixed_after_5min,125,6,156.25000000,750,7.72476196,75,1916,1917,1916,1,0,100.00000000,99.94783516,99.97391077,4.11111111,8.33333333,0.00000000,46.03496305,19.32118513,1505.15555556
nstdb,118e18,118,18,mixed_after_5min,125,7,78.12500000,875,9.01222229,75,1916,1917,1916,1,0,100.00000000,99.94783516,99.97391077,4.11111111,8.25000000,0.00000000,22.55954590,25.51633404,1505.15555556
nstdb,118e18,118,18,mixed_after_5min,125,8,39.06250000,1000,10.29968262,75,1916,1917,1916,1,0,100.00000000,99.94783516,99.97391077,4.11111111,8.33333333,0.00000000,11.27085231,31.54380593,1505.15555556
nstdb,118e18,118,18,mixed_after_5min,125,9,19.53125000,1125,11.58714294,75,1916,1917,1916,1,0,100.00000000,99.94783516,99.97391077,4.11111111,8.33333333,0.00000000,5.64183027,37.55454078,1505.15555556
nstdb,118e18,118,18,mixed_after_5min,125,10,9.76562500,1250,12.87460327,75,1916,1917,1916,1,0,100.00000000,99.94783516,99.97391077,4.11111111,8.33333333,0.00000000,2.81543952,43.59201706,1505.15555556
nstdb,118e18,118,18,mixed_after_5min,125,11,4.88281250,1375,14.16206360,75,1916,1917,1916,1,0,100.00000000,99.94783516,99.97391077,4.11111111,8.33333333,0.00000000,1.40931380,49.60278702,1505.15555556
nstdb,118e18,118,18,mixed_after_5min,180,6,156.25000000,1080,11.12365723,75,1916,1917,1916,1,0,100.00000000,99.94783516,99.97391077,2.77777778,5.55555556,0.00000000,45.98591384,19.32948266,1505.15555556
nstdb,118e18,118,18,mixed_after_5min,180,7,78.12500000,1260,12.97760010,75,1916,1916,1916,0,0,100.00000000,100.00000000,100.00000000,2.77777778,5.55555556,0.00000000,22.53998980,25.52290478,1505.15555556
nstdb,118e18,118,18,mixed_after_5min,180,8,39.06250000,1440,14.83154297,75,1916,1917,1916,1,0,100.00000000,99.94783516,99.97391077,2.77777778,5.55555556,0.00000000,11.27759696,31.53764770,1505.15555556
nstdb,118e18,118,18,mixed_after_5min,180,9,19.53125000,1620,16.68548584,75,1916,1917,1916,1,0,100.00000000,99.94783516,99.97391077,2.77777778,5.55555556,0.00000000,5.63976153,37.55676427,1505.15555556
nstdb,118e18,118,18,mixed_after_5min,180,10,9.76562500,1800,18.53942871,75,1916,1917,1916,1,0,100.00000000,99.94783516,99.97391077,2.77777778,5.55555556,0.00000000,2.81564311,43.59042698,1505.15555556
nstdb,118e18,118,18,mixed_after_5min,180,11,4.88281250,1980,20.39337158,75,1916,1917,1916,1,0,100.00000000,99.94783516,99.97391077,2.77777778,5.55555556,0.00000000,1.40912876,49.60296553,1505.15555556
nstdb,118e18,118,18,mixed_after_5min,250,6,156.25000000,1500,15.44952393,75,1916,1916,1916,0,0,100.00000000,100.00000000,100.00000000,1.11111111,3.00000000,0.00000000,46.02212471,19.32311053,1505.15555556
nstdb,118e18,118,18,mixed_after_5min,250,7,78.12500000,1750,18.02444458,75,1916,1916,1916,0,0,100.00000000,100.00000000,100.00000000,1.11111111,2.88888889,0.00000000,22.55219074,25.51866910,1505.15555556
nstdb,118e18,118,18,mixed_after_5min,250,8,39.06250000,2000,20.59936523,75,1916,1916,1916,0,0,100.00000000,100.00000000,100.00000000,1.11111111,2.88888889,0.00000000,11.27858175,31.53735399,1505.15555556
nstdb,118e18,118,18,mixed_after_5min,250,9,19.53125000,2250,23.17428589,75,1916,1916,1916,0,0,100.00000000,100.00000000,100.00000000,1.11111111,2.80555556,0.00000000,5.63777146,37.56029450,1505.15555556
nstdb,118e18,118,18,mixed_after_5min,250,10,9.76562500,2500,25.74920654,75,1916,1916,1916,0,0,100.00000000,100.00000000,100.00000000,1.11111111,2.88888889,0.00000000,2.81707584,43.58647304,1505.15555556
nstdb,118e18,118,18,mixed_after_5min,250,11,4.88281250,2750,28.32412720,75,1916,1916,1916,0,0,100.00000000,100.00000000,100.00000000,1.11111111,2.88888889,0.00000000,1.41107296,49.59145443,1505.15555556
nstdb,118e18,118,18,mixed_after_5min,360,6,156.25000000,2160,22.24731445,75,1916,1916,1916,0,0,100.00000000,100.00000000,100.00000000,2.77777778,2.77777778,0.00000000,46.00061285,19.32156156,1505.15555556
nstdb,118e18,118,18,mixed_after_5min,360,7,78.12500000,2520,25.95520020,75,1916,1916,1916,0,0,100.00000000,100.00000000,100.00000000,2.77777778,2.77777778,0.00000000,22.53953571,25.51793460,1505.15555556
nstdb,118e18,118,18,mixed_after_5min,360,8,39.06250000,2880,29.66308594,75,1916,1916,1916,0,0,100.00000000,100.00000000,100.00000000,2.77777778,2.77777778,0.00000000,11.27983780,31.53077682,1505.15555556
nstdb,118e18,118,18,mixed_after_5min,360,9,19.53125000,3240,33.37097168,75,1916,1916,1916,0,0,100.00000000,100.00000000,100.00000000,2.77777778,2.77777778,0.00000000,5.63988503,37.55142890,1505.15555556
nstdb,118e18,118,18,mixed_after_5min,360,10,9.76562500,3600,37.07885742,75,1916,1916,1916,0,0,100.00000000,100.00000000,100.00000000,2.77777778,2.77777778,0.00000000,2.81647232,43.58272417,1505.15555556
nstdb,118e18,118,18,mixed_after_5min,360,11,4.88281250,3960,40.78674316,75,1916,1916,1916,0,0,100.00000000,100.00000000,100.00000000,2.77777778,2.77777778,0.00000000,1.40996424,49.59267194,1505.15555556
nstdb,118e18,118,18,mixed_after_5min,100,6,156.25000000,600,6.17980957,150,1916,1919,1916,3,0,100.00000000,99.84366858,99.92177314,7.22222222,12.77777778,0.00000000,46.00079752,19.32694990,1505.15555556
nstdb,118e18,118,18,mixed_after_5min,100,7,78.12500000,700,7.20977783,150,1916,1919,1916,3,0,100.00000000,99.84366858,99.92177314,7.22222222,13.33333333,0.00000000,22.55132735,25.51881494,1505.15555556
nstdb,118e18,118,18,mixed_after_5min,100,8,39.06250000,800,8.23974609,150,1916,1919,1916,3,0,100.00000000,99.84366858,99.92177314,7.22222222,12.77777778,0.00000000,11.28628014,31.53124060,1505.15555556
nstdb,118e18,118,18,mixed_after_5min,100,9,19.53125000,900,9.26971436,150,1916,1918,1916,2,0,100.00000000,99.89572471,99.94783516,7.22222222,12.77777778,0.00000000,5.63463966,37.56493417,1505.15555556
nstdb,118e18,118,18,mixed_after_5min,100,10,9.76562500,1000,10.29968262,150,1916,1919,1916,3,0,100.00000000,99.84366858,99.92177314,7.22222222,12.77777778,0.00000000,2.81887758,43.58073281,1505.15555556
nstdb,118e18,118,18,mixed_after_5min,100,11,4.88281250,1100,11.32965088,150,1916,1919,1916,3,0,100.00000000,99.84366858,99.92177314,7.22222222,12.77777778,0.00000000,1.41114597,49.59081832,1505.15555556
nstdb,118e18,118,18,mixed_after_5min,125,6,156.25000000,750,7.72476196,150,1916,1917,1916,1,0,100.00000000,99.94783516,99.97391077,4.11111111,8.33333333,0.00000000,46.03496305,19.32118513,1505.15555556
nstdb,118e18,118,18,mixed_after_5min,125,7,78.12500000,875,9.01222229,150,1916,1917,1916,1,0,100.00000000,99.94783516,99.97391077,4.11111111,8.25000000,0.00000000,22.55954590,25.51633404,1505.15555556
nstdb,118e18,118,18,mixed_after_5min,125,8,39.06250000,1000,10.29968262,150,1916,1917,1916,1,0,100.00000000,99.94783516,99.97391077,4.11111111,8.33333333,0.00000000,11.27085231,31.54380593,1505.15555556
nstdb,118e18,118,18,mixed_after_5min,125,9,19.53125000,1125,11.58714294,150,1916,1917,1916,1,0,100.00000000,99.94783516,99.97391077,4.11111111,8.33333333,0.00000000,5.64183027,37.55454078,1505.15555556
nstdb,118e18,118,18,mixed_after_5min,125,10,9.76562500,1250,12.87460327,150,1916,1917,1916,1,0,100.00000000,99.94783516,99.97391077,4.11111111,8.33333333,0.00000000,2.81543952,43.59201706,1505.15555556
nstdb,118e18,118,18,mixed_after_5min,125,11,4.88281250,1375,14.16206360,150,1916,1917,1916,1,0,100.00000000,99.94783516,99.97391077,4.11111111,8.33333333,0.00000000,1.40931380,49.60278702,1505.15555556
nstdb,118e18,118,18,mixed_after_5min,180,6,156.25000000,1080,11.12365723,150,1916,1917,1916,1,0,100.00000000,99.94783516,99.97391077,2.77777778,5.55555556,0.00000000,45.98591384,19.32948266,1505.15555556
nstdb,118e18,118,18,mixed_after_5min,180,7,78.12500000,1260,12.97760010,150,1916,1916,1916,0,0,100.00000000,100.00000000,100.00000000,2.77777778,5.55555556,0.00000000,22.53998980,25.52290478,1505.15555556
nstdb,118e18,118,18,mixed_after_5min,180,8,39.06250000,1440,14.83154297,150,1916,1917,1916,1,0,100.00000000,99.94783516,99.97391077,2.77777778,5.55555556,0.00000000,11.27759696,31.53764770,1505.15555556
nstdb,118e18,118,18,mixed_after_5min,180,9,19.53125000,1620,16.68548584,150,1916,1917,1916,1,0,100.00000000,99.94783516,99.97391077,2.77777778,5.55555556,0.00000000,5.63976153,37.55676427,1505.15555556
nstdb,118e18,118,18,mixed_after_5min,180,10,9.76562500,1800,18.53942871,150,1916,1917,1916,1,0,100.00000000,99.94783516,99.97391077,2.77777778,5.55555556,0.00000000,2.81564311,43.59042698,1505.15555556
nstdb,118e18,118,18,mixed_after_5min,180,11,4.88281250,1980,20.39337158,150,1916,1917,1916,1,0,100.00000000,99.94783516,99.97391077,2.77777778,5.55555556,0.00000000,1.40912876,49.60296553,1505.15555556
nstdb,118e18,118,18,mixed_after_5min,250,6,156.25000000,1500,15.44952393,150,1916,1916,1916,0,0,100.00000000,100.00000000,100.00000000,1.11111111,3.00000000,0.00000000,46.02212471,19.32311053,1505.15555556
nstdb,118e18,118,18,mixed_after_5min,250,7,78.12500000,1750,18.02444458,150,1916,1916,1916,0,0,100.00000000,100.00000000,100.00000000,1.11111111,2.88888889,0.00000000,22.55219074,25.51866910,1505.15555556
nstdb,118e18,118,18,mixed_after_5min,250,8,39.06250000,2000,20.59936523,150,1916,1916,1916,0,0,100.00000000,100.00000000,100.00000000,1.11111111,2.88888889,0.00000000,11.27858175,31.53735399,1505.15555556
nstdb,118e18,118,18,mixed_after_5min,250,9,19.53125000,2250,23.17428589,150,1916,1916,1916,0,0,100.00000000,100.00000000,100.00000000,1.11111111,2.80555556,0.00000000,5.63777146,37.56029450,1505.15555556
nstdb,118e18,118,18,mixed_after_5min,250,10,9.76562500,2500,25.74920654,150,1916,1916,1916,0,0,100.00000000,100.00000000,100.00000000,1.11111111,2.88888889,0.00000000,2.81707584,43.58647304,1505.15555556
nstdb,118e18,118,18,mixed_after_5min,250,11,4.88281250,2750,28.32412720,150,1916,1916,1916,0,0,100.00000000,100.00000000,100.00000000,1.11111111,2.88888889,0.00000000,1.41107296,49.59145443,1505.15555556
nstdb,118e18,118,18,mixed_after_5min,360,6,156.25000000,2160,22.24731445,150,1916,1916,1916,0,0,100.00000000,100.00000000,100.00000000,2.77777778,2.77777778,0.00000000,46.00061285,19.32156156,1505.15555556
nstdb,118e18,118,18,mixed_after_5min,360,7,78.12500000,2520,25.95520020,150,1916,1916,1916,0,0,100.00000000,100.00000000,100.00000000,2.77777778,2.77777778,0.00000000,22.53953571,25.51793460,1505.15555556
nstdb,118e18,118,18,mixed_after_5min,360,8,39.06250000,2880,29.66308594,150,1916,1916,1916,0,0,100.00000000,100.00000000,100.00000000,2.77777778,2.77777778,0.00000000,11.27983780,31.53077682,1505.15555556
nstdb,118e18,118,18,mixed_after_5min,360,9,19.53125000,3240,33.37097168,150,1916,1916,1916,0,0,100.00000000,100.00000000,100.00000000,2.77777778,2.77777778,0.00000000,5.63988503,37.55142890,1505.15555556
nstdb,118e18,118,18,mixed_after_5min,360,10,9.76562500,3600,37.07885742,150,1916,1916,1916,0,0,100.00000000,100.00000000,100.00000000,2.77777778,2.77777778,0.00000000,2.81647232,43.58272417,1505.15555556
nstdb,118e18,118,18,mixed_after_5min,360,11,4.88281250,3960,40.78674316,150,1916,1916,1916,0,0,100.00000000,100.00000000,100.00000000,2.77777778,2.77777778,0.00000000,1.40996424,49.59267194,1505.15555556
nstdb,118e18,118,18,noise_only,100,6,156.25000000,600,6.17980957,75,982,985,973,12,9,99.08350305,98.78172589,98.93238434,7.22222222,13.33333333,0.00000000,45.14404532,19.99424466,782.75555556
nstdb,118e18,118,18,noise_only,100,7,78.12500000,700,7.20977783,75,982,985,971,14,11,98.87983707,98.57868020,98.72902898,7.22222222,13.33333333,0.00000000,22.55303371,26.02215475,782.75555556
nstdb,118e18,118,18,noise_only,100,8,39.06250000,800,8.23974609,75,982,985,972,13,10,98.98167006,98.68020305,98.83070666,7.22222222,13.33333333,0.00000000,11.29883394,32.02558161,782.75555556
nstdb,118e18,118,18,noise_only,100,9,19.53125000,900,9.26971436,75,982,984,971,13,11,98.87983707,98.67886179,98.77924720,7.22222222,13.05555556,0.00000000,5.62979695,38.07639950,782.75555556
nstdb,118e18,118,18,noise_only,100,10,9.76562500,1000,10.29968262,75,982,985,971,14,11,98.87983707,98.57868020,98.72902898,7.22222222,13.33333333,0.00000000,2.81402802,44.09968578,782.75555556
nstdb,118e18,118,18,noise_only,100,11,4.88281250,1100,11.32965088,75,982,985,971,14,11,98.87983707,98.57868020,98.72902898,7.22222222,13.33333333,0.00000000,1.41321101,50.08211389,782.75555556
nstdb,118e18,118,18,noise_only,125,6,156.25000000,750,7.72476196,75,982,983,982,1,0,100.00000000,99.89827060,99.94910941,4.11111111,8.88333333,0.00000000,45.18418193,19.98708769,782.75555556
nstdb,118e18,118,18,noise_only,125,7,78.12500000,875,9.01222229,75,982,983,982,1,0,100.00000000,99.89827060,99.94910941,4.11111111,8.55555556,0.00000000,22.55802238,26.02079570,782.75555556
nstdb,118e18,118,18,noise_only,125,8,39.06250000,1000,10.29968262,75,982,983,982,1,0,100.00000000,99.89827060,99.94910941,4.11111111,8.55555556,0.00000000,11.26949453,32.04872742,782.75555556
nstdb,118e18,118,18,noise_only,125,9,19.53125000,1125,11.58714294,75,982,983,982,1,0,100.00000000,99.89827060,99.94910941,4.11111111,8.55000000,0.00000000,5.65102383,38.04427340,782.75555556
nstdb,118e18,118,18,noise_only,125,10,9.76562500,1250,12.87460327,75,982,983,982,1,0,100.00000000,99.89827060,99.94910941,4.11111111,8.55555556,0.00000000,2.81792730,44.08822049,782.75555556
nstdb,118e18,118,18,noise_only,125,11,4.88281250,1375,14.16206360,75,982,983,982,1,0,100.00000000,99.89827060,99.94910941,4.11111111,8.55555556,0.00000000,1.40935066,50.10643488,782.75555556
nstdb,118e18,118,18,noise_only,180,6,156.25000000,1080,11.12365723,75,982,983,982,1,0,100.00000000,99.89827060,99.94910941,2.77777778,41.66666667,0.00000000,45.15916354,19.99094212,782.75555556
nstdb,118e18,118,18,noise_only,180,7,78.12500000,1260,12.97760010,75,982,982,982,0,0,100.00000000,100.00000000,100.00000000,2.77777778,41.66666667,0.00000000,22.53878785,26.02724879,782.75555556
nstdb,118e18,118,18,noise_only,180,8,39.06250000,1440,14.83154297,75,982,983,982,1,0,100.00000000,99.89827060,99.94910941,2.77777778,38.88888889,0.00000000,11.26789943,32.04900066,782.75555556
nstdb,118e18,118,18,noise_only,180,9,19.53125000,1620,16.68548584,75,982,983,982,1,0,100.00000000,99.89827060,99.94910941,2.77777778,41.52777778,0.00000000,5.64060282,38.05934949,782.75555556
nstdb,118e18,118,18,noise_only,180,10,9.76562500,1800,18.53942871,75,982,983,982,1,0,100.00000000,99.89827060,99.94910941,2.77777778,41.52777778,0.00000000,2.81691468,44.09038603,782.75555556
nstdb,118e18,118,18,noise_only,180,11,4.88281250,1980,20.39337158,75,982,983,982,1,0,100.00000000,99.89827060,99.94910941,2.77777778,38.88888889,0.00000000,1.41065855,50.09742177,782.75555556
nstdb,118e18,118,18,noise_only,250,6,156.25000000,1500,15.44952393,75,982,982,982,0,0,100.00000000,100.00000000,100.00000000,1.11111111,3.22222222,0.00000000,45.18124352,19.98712068,782.75555556
nstdb,118e18,118,18,noise_only,250,7,78.12500000,1750,18.02444458,75,982,982,982,0,0,100.00000000,100.00000000,100.00000000,1.11111111,3.10555556,0.00000000,22.54056322,26.02698901,782.75555556
nstdb,118e18,118,18,noise_only,250,8,39.06250000,2000,20.59936523,75,982,982,982,0,0,100.00000000,100.00000000,100.00000000,1.11111111,3.10555556,0.00000000,11.28336103,32.03751459,782.75555556
nstdb,118e18,118,18,noise_only,250,9,19.53125000,2250,23.17428589,75,982,982,982,0,0,100.00000000,100.00000000,100.00000000,1.11111111,3.00000000,0.00000000,5.64242174,38.05697340,782.75555556
nstdb,118e18,118,18,noise_only,250,10,9.76562500,2500,25.74920654,75,982,982,982,0,0,100.00000000,100.00000000,100.00000000,1.11111111,3.00000000,0.00000000,2.81770210,44.08838278,782.75555556
nstdb,118e18,118,18,noise_only,250,11,4.88281250,2750,28.32412720,75,982,982,982,0,0,100.00000000,100.00000000,100.00000000,1.11111111,3.00000000,0.00000000,1.41159570,50.09207772,782.75555556
nstdb,118e18,118,18,noise_only,360,6,156.25000000,2160,22.24731445,75,982,982,982,0,0,100.00000000,100.00000000,100.00000000,2.77777778,2.77777778,0.00000000,45.15138479,19.98774161,782.75555556
nstdb,118e18,118,18,noise_only,360,7,78.12500000,2520,25.95520020,75,982,982,982,0,0,100.00000000,100.00000000,100.00000000,2.77777778,2.77777778,0.00000000,22.54202405,26.02130493,782.75555556
nstdb,118e18,118,18,noise_only,360,8,39.06250000,2880,29.66308594,75,982,982,982,0,0,100.00000000,100.00000000,100.00000000,2.77777778,2.77777778,0.00000000,11.27629037,32.03783809,782.75555556
nstdb,118e18,118,18,noise_only,360,9,19.53125000,3240,33.37097168,75,982,982,982,0,0,100.00000000,100.00000000,100.00000000,2.77777778,2.77777778,0.00000000,5.63999249,38.05559259,782.75555556
nstdb,118e18,118,18,noise_only,360,10,9.76562500,3600,37.07885742,75,982,982,982,0,0,100.00000000,100.00000000,100.00000000,2.77777778,2.77777778,0.00000000,2.81669554,44.08636499,782.75555556
nstdb,118e18,118,18,noise_only,360,11,4.88281250,3960,40.78674316,75,982,982,982,0,0,100.00000000,100.00000000,100.00000000,2.77777778,2.77777778,0.00000000,1.41085058,50.09154268,782.75555556
nstdb,118e18,118,18,noise_only,100,6,156.25000000,600,6.17980957,150,982,985,982,3,0,100.00000000,99.69543147,99.84748348,7.22222222,13.33333333,0.00000000,45.14404532,19.99424466,782.75555556
nstdb,118e18,118,18,noise_only,100,7,78.12500000,700,7.20977783,150,982,985,982,3,0,100.00000000,99.69543147,99.84748348,7.22222222,13.88888889,0.00000000,22.55303371,26.02215475,782.75555556
nstdb,118e18,118,18,noise_only,100,8,39.06250000,800,8.23974609,150,982,985,982,3,0,100.00000000,99.69543147,99.84748348,7.22222222,13.33333333,0.00000000,11.29883394,32.02558161,782.75555556
nstdb,118e18,118,18,noise_only,100,9,19.53125000,900,9.26971436,150,982,984,982,2,0,100.00000000,99.79674797,99.89827060,7.22222222,13.33333333,0.00000000,5.62979695,38.07639950,782.75555556
nstdb,118e18,118,18,noise_only,100,10,9.76562500,1000,10.29968262,150,982,985,982,3,0,100.00000000,99.69543147,99.84748348,7.22222222,13.33333333,0.00000000,2.81402802,44.09968578,782.75555556
nstdb,118e18,118,18,noise_only,100,11,4.88281250,1100,11.32965088,150,982,985,982,3,0,100.00000000,99.69543147,99.84748348,7.22222222,13.33333333,0.00000000,1.41321101,50.08211389,782.75555556
nstdb,118e18,118,18,noise_only,125,6,156.25000000,750,7.72476196,150,982,983,982,1,0,100.00000000,99.89827060,99.94910941,4.11111111,8.88333333,0.00000000,45.18418193,19.98708769,782.75555556
nstdb,118e18,118,18,noise_only,125,7,78.12500000,875,9.01222229,150,982,983,982,1,0,100.00000000,99.89827060,99.94910941,4.11111111,8.55555556,0.00000000,22.55802238,26.02079570,782.75555556
nstdb,118e18,118,18,noise_only,125,8,39.06250000,1000,10.29968262,150,982,983,982,1,0,100.00000000,99.89827060,99.94910941,4.11111111,8.55555556,0.00000000,11.26949453,32.04872742,782.75555556
nstdb,118e18,118,18,noise_only,125,9,19.53125000,1125,11.58714294,150,982,983,982,1,0,100.00000000,99.89827060,99.94910941,4.11111111,8.55000000,0.00000000,5.65102383,38.04427340,782.75555556
nstdb,118e18,118,18,noise_only,125,10,9.76562500,1250,12.87460327,150,982,983,982,1,0,100.00000000,99.89827060,99.94910941,4.11111111,8.55555556,0.00000000,2.81792730,44.08822049,782.75555556
nstdb,118e18,118,18,noise_only,125,11,4.88281250,1375,14.16206360,150,982,983,982,1,0,100.00000000,99.89827060,99.94910941,4.11111111,8.55555556,0.00000000,1.40935066,50.10643488,782.75555556
nstdb,118e18,118,18,noise_only,180,6,156.25000000,1080,11.12365723,150,982,983,982,1,0,100.00000000,99.89827060,99.94910941,2.77777778,41.66666667,0.00000000,45.15916354,19.99094212,782.75555556
nstdb,118e18,118,18,noise_only,180,7,78.12500000,1260,12.97760010,150,982,982,982,0,0,100.00000000,100.00000000,100.00000000,2.77777778,41.66666667,0.00000000,22.53878785,26.02724879,782.75555556
nstdb,118e18,118,18,noise_only,180,8,39.06250000,1440,14.83154297,150,982,983,982,1,0,100.00000000,99.89827060,99.94910941,2.77777778,38.88888889,0.00000000,11.26789943,32.04900066,782.75555556
nstdb,118e18,118,18,noise_only,180,9,19.53125000,1620,16.68548584,150,982,983,982,1,0,100.00000000,99.89827060,99.94910941,2.77777778,41.52777778,0.00000000,5.64060282,38.05934949,782.75555556
nstdb,118e18,118,18,noise_only,180,10,9.76562500,1800,18.53942871,150,982,983,982,1,0,100.00000000,99.89827060,99.94910941,2.77777778,41.52777778,0.00000000,2.81691468,44.09038603,782.75555556
nstdb,118e18,118,18,noise_only,180,11,4.88281250,1980,20.39337158,150,982,983,982,1,0,100.00000000,99.89827060,99.94910941,2.77777778,38.88888889,0.00000000,1.41065855,50.09742177,782.75555556
nstdb,118e18,118,18,noise_only,250,6,156.25000000,1500,15.44952393,150,982,982,982,0,0,100.00000000,100.00000000,100.00000000,1.11111111,3.22222222,0.00000000,45.18124352,19.98712068,782.75555556
nstdb,118e18,118,18,noise_only,250,7,78.12500000,1750,18.02444458,150,982,982,982,0,0,100.00000000,100.00000000,100.00000000,1.11111111,3.10555556,0.00000000,22.54056322,26.02698901,782.75555556
nstdb,118e18,118,18,noise_only,250,8,39.06250000,2000,20.59936523,150,982,982,982,0,0,100.00000000,100.00000000,100.00000000,1.11111111,3.10555556,0.00000000,11.28336103,32.03751459,782.75555556
nstdb,118e18,118,18,noise_only,250,9,19.53125000,2250,23.17428589,150,982,982,982,0,0,100.00000000,100.00000000,100.00000000,1.11111111,3.00000000,0.00000000,5.64242174,38.05697340,782.75555556
nstdb,118e18,118,18,noise_only,250,10,9.76562500,2500,25.74920654,150,982,982,982,0,0,100.00000000,100.00000000,100.00000000,1.11111111,3.00000000,0.00000000,2.81770210,44.08838278,782.75555556
nstdb,118e18,118,18,noise_only,250,11,4.88281250,2750,28.32412720,150,982,982,982,0,0,100.00000000,100.00000000,100.00000000,1.11111111,3.00000000,0.00000000,1.41159570,50.09207772,782.75555556
nstdb,118e18,118,18,noise_only,360,6,156.25000000,2160,22.24731445,150,982,982,982,0,0,100.00000000,100.00000000,100.00000000,2.77777778,2.77777778,0.00000000,45.15138479,19.98774161,782.75555556
nstdb,118e18,118,18,noise_only,360,7,78.12500000,2520,25.95520020,150,982,982,982,0,0,100.00000000,100.00000000,100.00000000,2.77777778,2.77777778,0.00000000,22.54202405,26.02130493,782.75555556
nstdb,118e18,118,18,noise_only,360,8,39.06250000,2880,29.66308594,150,982,982,982,0,0,100.00000000,100.00000000,100.00000000,2.77777778,2.77777778,0.00000000,11.27629037,32.03783809,782.75555556
nstdb,118e18,118,18,noise_only,360,9,19.53125000,3240,33.37097168,150,982,982,982,0,0,100.00000000,100.00000000,100.00000000,2.77777778,2.77777778,0.00000000,5.63999249,38.05559259,782.75555556
nstdb,118e18,118,18,noise_only,360,10,9.76562500,3600,37.07885742,150,982,982,982,0,0,100.00000000,100.00000000,100.00000000,2.77777778,2.77777778,0.00000000,2.81669554,44.08636499,782.75555556
nstdb,118e18,118,18,noise_only,360,11,4.88281250,3960,40.78674316,150,982,982,982,0,0,100.00000000,100.00000000,100.00000000,2.77777778,2.77777778,0.00000000,1.41085058,50.09154268,782.75555556
nstdb,118e24,118,24,mixed_after_5min,100,6,156.25000000,600,6.17980957,75,1916,1916,1916,0,0,100.00000000,100.00000000,100.00000000,7.22222222,12.22222222,0.00000000,45.95626308,18.86976361,1505.15555556
nstdb,118e24,118,24,mixed_after_5min,100,7,78.12500000,700,7.20977783,75,1916,1916,1916,0,0,100.00000000,100.00000000,100.00000000,7.22222222,12.22222222,0.00000000,22.56005474,25.04985477,1505.15555556
nstdb,118e24,118,24,mixed_after_5min,100,8,39.06250000,800,8.23974609,75,1916,1916,1916,0,0,100.00000000,100.00000000,100.00000000,7.22222222,12.22222222,0.00000000,11.27494591,31.07436841,1505.15555556
nstdb,118e24,118,24,mixed_after_5min,100,9,19.53125000,900,9.26971436,75,1916,1916,1916,0,0,100.00000000,100.00000000,100.00000000,7.22222222,12.22222222,0.00000000,5.63940177,37.09199703,1505.15555556
nstdb,118e24,118,24,mixed_after_5min,100,10,9.76562500,1000,10.29968262,75,1916,1916,1916,0,0,100.00000000,100.00000000,100.00000000,7.22222222,12.22222222,0.00000000,2.82275477,43.10319474,1505.15555556
nstdb,118e24,118,24,mixed_after_5min,100,11,4.88281250,1100,11.32965088,75,1916,1916,1916,0,0,100.00000000,100.00000000,100.00000000,7.22222222,12.22222222,0.00000000,1.40953581,49.13513544,1505.15555556
nstdb,118e24,118,24,mixed_after_5min,125,6,156.25000000,750,7.72476196,75,1916,1916,1916,0,0,100.00000000,100.00000000,100.00000000,4.11111111,8.11111111,0.00000000,45.96958463,18.86808451,1505.15555556
nstdb,118e24,118,24,mixed_after_5min,125,7,78.12500000,875,9.01222229,75,1916,1916,1916,0,0,100.00000000,100.00000000,100.00000000,4.00000000,8.11111111,0.00000000,22.55247694,25.05361116,1505.15555556
nstdb,118e24,118,24,mixed_after_5min,125,8,39.06250000,1000,10.29968262,75,1916,1916,1916,0,0,100.00000000,100.00000000,100.00000000,4.00000000,8.00000000,0.00000000,11.27173977,31.07767703,1505.15555556
nstdb,118e24,118,24,mixed_after_5min,125,9,19.53125000,1125,11.58714294,75,1916,1916,1916,0,0,100.00000000,100.00000000,100.00000000,4.00000000,8.02777778,0.00000000,5.62858440,37.10951246,1505.15555556
nstdb,118e24,118,24,mixed_after_5min,125,10,9.76562500,1250,12.87460327,75,1916,1916,1916,0,0,100.00000000,100.00000000,100.00000000,4.00000000,8.11111111,0.00000000,2.81571757,43.12571430,1505.15555556
nstdb,118e24,118,24,mixed_after_5min,125,11,4.88281250,1375,14.16206360,75,1916,1916,1916,0,0,100.00000000,100.00000000,100.00000000,4.00000000,8.02777778,0.00000000,1.40904380,49.13900627,1505.15555556
nstdb,118e24,118,24,mixed_after_5min,180,6,156.25000000,1080,11.12365723,75,1916,1916,1916,0,0,100.00000000,100.00000000,100.00000000,2.77777778,2.77777778,0.00000000,45.94427675,18.87197588,1505.15555556
nstdb,118e24,118,24,mixed_after_5min,180,7,78.12500000,1260,12.97760010,75,1916,1916,1916,0,0,100.00000000,100.00000000,100.00000000,2.77777778,2.77777778,0.00000000,22.54763062,25.05458604,1505.15555556
nstdb,118e24,118,24,mixed_after_5min,180,8,39.06250000,1440,14.83154297,75,1916,1916,1916,0,0,100.00000000,100.00000000,100.00000000,2.77777778,2.77777778,0.00000000,11.27289367,31.07589606,1505.15555556
nstdb,118e24,118,24,mixed_after_5min,180,9,19.53125000,1620,16.68548584,75,1916,1916,1916,0,0,100.00000000,100.00000000,100.00000000,2.77777778,2.77777778,0.00000000,5.64186039,37.08815757,1505.15555556
nstdb,118e24,118,24,mixed_after_5min,180,10,9.76562500,1800,18.53942871,75,1916,1916,1916,0,0,100.00000000,100.00000000,100.00000000,2.77777778,2.77777778,0.00000000,2.81527732,43.12618062,1505.15555556
nstdb,118e24,118,24,mixed_after_5min,180,11,4.88281250,1980,20.39337158,75,1916,1916,1916,0,0,100.00000000,100.00000000,100.00000000,2.77777778,2.77777778,0.00000000,1.40927055,49.13671674,1505.15555556
nstdb,118e24,118,24,mixed_after_5min,250,6,156.25000000,1500,15.44952393,75,1916,1916,1916,0,0,100.00000000,100.00000000,100.00000000,1.11111111,2.88888889,0.00000000,45.95649074,18.87020759,1505.15555556
nstdb,118e24,118,24,mixed_after_5min,250,7,78.12500000,1750,18.02444458,75,1916,1916,1916,0,0,100.00000000,100.00000000,100.00000000,1.00000000,2.77777778,0.00000000,22.55703422,25.05150479,1505.15555556
nstdb,118e24,118,24,mixed_after_5min,250,8,39.06250000,2000,20.59936523,75,1916,1916,1916,0,0,100.00000000,100.00000000,100.00000000,1.00000000,2.66666667,0.00000000,11.27313046,31.07625410,1505.15555556
nstdb,118e24,118,24,mixed_after_5min,250,9,19.53125000,2250,23.17428589,75,1916,1916,1916,0,0,100.00000000,100.00000000,100.00000000,1.00000000,2.77777778,0.00000000,5.63292144,37.10247088,1505.15555556
nstdb,118e24,118,24,mixed_after_5min,250,10,9.76562500,2500,25.74920654,75,1916,1916,1916,0,0,100.00000000,100.00000000,100.00000000,1.00000000,2.77777778,0.00000000,2.81852853,43.11669605,1505.15555556
nstdb,118e24,118,24,mixed_after_5min,250,11,4.88281250,2750,28.32412720,75,1916,1916,1916,0,0,100.00000000,100.00000000,100.00000000,1.00000000,2.69444444,0.00000000,1.40981687,49.13389068,1505.15555556
nstdb,118e24,118,24,mixed_after_5min,360,6,156.25000000,2160,22.24731445,75,1916,1916,1916,0,0,100.00000000,100.00000000,100.00000000,2.77777778,2.77777778,0.00000000,45.95120536,18.86515459,1505.15555556
nstdb,118e24,118,24,mixed_after_5min,360,7,78.12500000,2520,25.95520020,75,1916,1916,1916,0,0,100.00000000,100.00000000,100.00000000,2.77777778,2.77777778,0.00000000,22.54677388,25.04940457,1505.15555556
nstdb,118e24,118,24,mixed_after_5min,360,8,39.06250000,2880,29.66308594,75,1916,1916,1916,0,0,100.00000000,100.00000000,100.00000000,2.77777778,2.77777778,0.00000000,11.27721019,31.06705925,1505.15555556
nstdb,118e24,118,24,mixed_after_5min,360,9,19.53125000,3240,33.37097168,75,1916,1916,1916,0,0,100.00000000,100.00000000,100.00000000,2.77777778,2.77777778,0.00000000,5.63985396,37.08573559,1505.15555556
nstdb,118e24,118,24,mixed_after_5min,360,10,9.76562500,3600,37.07885742,75,1916,1916,1916,0,0,100.00000000,100.00000000,100.00000000,2.77777778,2.77777778,0.00000000,2.81802521,43.11219528,1505.15555556
nstdb,118e24,118,24,mixed_after_5min,360,11,4.88281250,3960,40.78674316,75,1916,1916,1916,0,0,100.00000000,100.00000000,100.00000000,2.77777778,2.77777778,0.00000000,1.40908808,49.13232992,1505.15555556
nstdb,118e24,118,24,mixed_after_5min,100,6,156.25000000,600,6.17980957,150,1916,1916,1916,0,0,100.00000000,100.00000000,100.00000000,7.22222222,12.22222222,0.00000000,45.95626308,18.86976361,1505.15555556
nstdb,118e24,118,24,mixed_after_5min,100,7,78.12500000,700,7.20977783,150,1916,1916,1916,0,0,100.00000000,100.00000000,100.00000000,7.22222222,12.22222222,0.00000000,22.56005474,25.04985477,1505.15555556
nstdb,118e24,118,24,mixed_after_5min,100,8,39.06250000,800,8.23974609,150,1916,1916,1916,0,0,100.00000000,100.00000000,100.00000000,7.22222222,12.22222222,0.00000000,11.27494591,31.07436841,1505.15555556
nstdb,118e24,118,24,mixed_after_5min,100,9,19.53125000,900,9.26971436,150,1916,1916,1916,0,0,100.00000000,100.00000000,100.00000000,7.22222222,12.22222222,0.00000000,5.63940177,37.09199703,1505.15555556
nstdb,118e24,118,24,mixed_after_5min,100,10,9.76562500,1000,10.29968262,150,1916,1916,1916,0,0,100.00000000,100.00000000,100.00000000,7.22222222,12.22222222,0.00000000,2.82275477,43.10319474,1505.15555556
nstdb,118e24,118,24,mixed_after_5min,100,11,4.88281250,1100,11.32965088,150,1916,1916,1916,0,0,100.00000000,100.00000000,100.00000000,7.22222222,12.22222222,0.00000000,1.40953581,49.13513544,1505.15555556
nstdb,118e24,118,24,mixed_after_5min,125,6,156.25000000,750,7.72476196,150,1916,1916,1916,0,0,100.00000000,100.00000000,100.00000000,4.11111111,8.11111111,0.00000000,45.96958463,18.86808451,1505.15555556
nstdb,118e24,118,24,mixed_after_5min,125,7,78.12500000,875,9.01222229,150,1916,1916,1916,0,0,100.00000000,100.00000000,100.00000000,4.00000000,8.11111111,0.00000000,22.55247694,25.05361116,1505.15555556
nstdb,118e24,118,24,mixed_after_5min,125,8,39.06250000,1000,10.29968262,150,1916,1916,1916,0,0,100.00000000,100.00000000,100.00000000,4.00000000,8.00000000,0.00000000,11.27173977,31.07767703,1505.15555556
nstdb,118e24,118,24,mixed_after_5min,125,9,19.53125000,1125,11.58714294,150,1916,1916,1916,0,0,100.00000000,100.00000000,100.00000000,4.00000000,8.02777778,0.00000000,5.62858440,37.10951246,1505.15555556
nstdb,118e24,118,24,mixed_after_5min,125,10,9.76562500,1250,12.87460327,150,1916,1916,1916,0,0,100.00000000,100.00000000,100.00000000,4.00000000,8.11111111,0.00000000,2.81571757,43.12571430,1505.15555556
nstdb,118e24,118,24,mixed_after_5min,125,11,4.88281250,1375,14.16206360,150,1916,1916,1916,0,0,100.00000000,100.00000000,100.00000000,4.00000000,8.02777778,0.00000000,1.40904380,49.13900627,1505.15555556
nstdb,118e24,118,24,mixed_after_5min,180,6,156.25000000,1080,11.12365723,150,1916,1916,1916,0,0,100.00000000,100.00000000,100.00000000,2.77777778,2.77777778,0.00000000,45.94427675,18.87197588,1505.15555556
nstdb,118e24,118,24,mixed_after_5min,180,7,78.12500000,1260,12.97760010,150,1916,1916,1916,0,0,100.00000000,100.00000000,100.00000000,2.77777778,2.77777778,0.00000000,22.54763062,25.05458604,1505.15555556
nstdb,118e24,118,24,mixed_after_5min,180,8,39.06250000,1440,14.83154297,150,1916,1916,1916,0,0,100.00000000,100.00000000,100.00000000,2.77777778,2.77777778,0.00000000,11.27289367,31.07589606,1505.15555556
nstdb,118e24,118,24,mixed_after_5min,180,9,19.53125000,1620,16.68548584,150,1916,1916,1916,0,0,100.00000000,100.00000000,100.00000000,2.77777778,2.77777778,0.00000000,5.64186039,37.08815757,1505.15555556
nstdb,118e24,118,24,mixed_after_5min,180,10,9.76562500,1800,18.53942871,150,1916,1916,1916,0,0,100.00000000,100.00000000,100.00000000,2.77777778,2.77777778,0.00000000,2.81527732,43.12618062,1505.15555556
nstdb,118e24,118,24,mixed_after_5min,180,11,4.88281250,1980,20.39337158,150,1916,1916,1916,0,0,100.00000000,100.00000000,100.00000000,2.77777778,2.77777778,0.00000000,1.40927055,49.13671674,1505.15555556
nstdb,118e24,118,24,mixed_after_5min,250,6,156.25000000,1500,15.44952393,150,1916,1916,1916,0,0,100.00000000,100.00000000,100.00000000,1.11111111,2.88888889,0.00000000,45.95649074,18.87020759,1505.15555556
nstdb,118e24,118,24,mixed_after_5min,250,7,78.12500000,1750,18.02444458,150,1916,1916,1916,0,0,100.00000000,100.00000000,100.00000000,1.00000000,2.77777778,0.00000000,22.55703422,25.05150479,1505.15555556
nstdb,118e24,118,24,mixed_after_5min,250,8,39.06250000,2000,20.59936523,150,1916,1916,1916,0,0,100.00000000,100.00000000,100.00000000,1.00000000,2.66666667,0.00000000,11.27313046,31.07625410,1505.15555556
nstdb,118e24,118,24,mixed_after_5min,250,9,19.53125000,2250,23.17428589,150,1916,1916,1916,0,0,100.00000000,100.00000000,100.00000000,1.00000000,2.77777778,0.00000000,5.63292144,37.10247088,1505.15555556
nstdb,118e24,118,24,mixed_after_5min,250,10,9.76562500,2500,25.74920654,150,1916,1916,1916,0,0,100.00000000,100.00000000,100.00000000,1.00000000,2.77777778,0.00000000,2.81852853,43.11669605,1505.15555556
nstdb,118e24,118,24,mixed_after_5min,250,11,4.88281250,2750,28.32412720,150,1916,1916,1916,0,0,100.00000000,100.00000000,100.00000000,1.00000000,2.69444444,0.00000000,1.40981687,49.13389068,1505.15555556
nstdb,118e24,118,24,mixed_after_5min,360,6,156.25000000,2160,22.24731445,150,1916,1916,1916,0,0,100.00000000,100.00000000,100.00000000,2.77777778,2.77777778,0.00000000,45.95120536,18.86515459,1505.15555556
nstdb,118e24,118,24,mixed_after_5min,360,7,78.12500000,2520,25.95520020,150,1916,1916,1916,0,0,100.00000000,100.00000000,100.00000000,2.77777778,2.77777778,0.00000000,22.54677388,25.04940457,1505.15555556
nstdb,118e24,118,24,mixed_after_5min,360,8,39.06250000,2880,29.66308594,150,1916,1916,1916,0,0,100.00000000,100.00000000,100.00000000,2.77777778,2.77777778,0.00000000,11.27721019,31.06705925,1505.15555556
nstdb,118e24,118,24,mixed_after_5min,360,9,19.53125000,3240,33.37097168,150,1916,1916,1916,0,0,100.00000000,100.00000000,100.00000000,2.77777778,2.77777778,0.00000000,5.63985396,37.08573559,1505.15555556
nstdb,118e24,118,24,mixed_after_5min,360,10,9.76562500,3600,37.07885742,150,1916,1916,1916,0,0,100.00000000,100.00000000,100.00000000,2.77777778,2.77777778,0.00000000,2.81802521,43.11219528,1505.15555556
nstdb,118e24,118,24,mixed_after_5min,360,11,4.88281250,3960,40.78674316,150,1916,1916,1916,0,0,100.00000000,100.00000000,100.00000000,2.77777778,2.77777778,0.00000000,1.40908808,49.13232992,1505.15555556
nstdb,118e24,118,24,noise_only,100,6,156.25000000,600,6.17980957,75,982,982,982,0,0,100.00000000,100.00000000,100.00000000,7.22222222,12.22222222,0.00000000,45.06851940,19.18249285,782.75555556
nstdb,118e24,118,24,noise_only,100,7,78.12500000,700,7.20977783,75,982,982,982,0,0,100.00000000,100.00000000,100.00000000,7.22222222,12.22222222,0.00000000,22.55684534,25.19439143,782.75555556
nstdb,118e24,118,24,noise_only,100,8,39.06250000,800,8.23974609,75,982,982,982,0,0,100.00000000,100.00000000,100.00000000,6.94444444,12.22222222,0.00000000,11.27600716,31.21685181,782.75555556
nstdb,118e24,118,24,noise_only,100,9,19.53125000,900,9.26971436,75,982,982,982,0,0,100.00000000,100.00000000,100.00000000,7.22222222,12.22222222,0.00000000,5.63769103,37.23793325,782.75555556
nstdb,118e24,118,24,noise_only,100,10,9.76562500,1000,10.29968262,75,982,982,982,0,0,100.00000000,100.00000000,100.00000000,7.22222222,12.22222222,0.00000000,2.81892489,43.25828859,782.75555556
nstdb,118e24,118,24,noise_only,100,11,4.88281250,1100,11.32965088,75,982,982,982,0,0,100.00000000,100.00000000,100.00000000,7.22222222,12.22222222,0.00000000,1.41037066,49.27329339,782.75555556
nstdb,118e24,118,24,noise_only,125,6,156.25000000,750,7.72476196,75,982,982,982,0,0,100.00000000,100.00000000,100.00000000,3.88888889,8.10555556,0.00000000,45.06332147,19.18430422,782.75555556
nstdb,118e24,118,24,noise_only,125,7,78.12500000,875,9.01222229,75,982,982,982,0,0,100.00000000,100.00000000,100.00000000,4.00000000,8.00000000,0.00000000,22.53247135,25.20459165,782.75555556
nstdb,118e24,118,24,noise_only,125,8,39.06250000,1000,10.29968262,75,982,982,982,0,0,100.00000000,100.00000000,100.00000000,3.88888889,8.00000000,0.00000000,11.27365431,31.21947392,782.75555556
nstdb,118e24,118,24,noise_only,125,9,19.53125000,1125,11.58714294,75,982,982,982,0,0,100.00000000,100.00000000,100.00000000,3.88888889,8.00000000,0.00000000,5.62712517,37.25503668,782.75555556
nstdb,118e24,118,24,noise_only,125,10,9.76562500,1250,12.87460327,75,982,982,982,0,0,100.00000000,100.00000000,100.00000000,3.88888889,8.00000000,0.00000000,2.81808781,43.26167776,782.75555556
nstdb,118e24,118,24,noise_only,125,11,4.88281250,1375,14.16206360,75,982,982,982,0,0,100.00000000,100.00000000,100.00000000,3.88888889,8.00000000,0.00000000,1.40817412,49.28764105,782.75555556
nstdb,118e24,118,24,noise_only,180,6,156.25000000,1080,11.12365723,75,982,982,982,0,0,100.00000000,100.00000000,100.00000000,2.77777778,2.77777778,0.00000000,45.08560236,19.17916673,782.75555556
nstdb,118e24,118,24,noise_only,180,7,78.12500000,1260,12.97760010,75,982,982,982,0,0,100.00000000,100.00000000,100.00000000,2.77777778,2.77777778,0.00000000,22.54539026,25.19876911,782.75555556
nstdb,118e24,118,24,noise_only,180,8,39.06250000,1440,14.83154297,75,982,982,982,0,0,100.00000000,100.00000000,100.00000000,2.77777778,2.77777778,0.00000000,11.26344141,31.22650218,782.75555556
nstdb,118e24,118,24,noise_only,180,9,19.53125000,1620,16.68548584,75,982,982,982,0,0,100.00000000,100.00000000,100.00000000,2.77777778,2.77777778,0.00000000,5.64600653,37.22509673,782.75555556
nstdb,118e24,118,24,noise_only,180,10,9.76562500,1800,18.53942871,75,982,982,982,0,0,100.00000000,100.00000000,100.00000000,2.77777778,2.77777778,0.00000000,2.81593259,43.26747919,782.75555556
nstdb,118e24,118,24,noise_only,180,11,4.88281250,1980,20.39337158,75,982,982,982,0,0,100.00000000,100.00000000,100.00000000,2.77777778,2.77777778,0.00000000,1.41075675,49.27088149,782.75555556
nstdb,118e24,118,24,noise_only,250,6,156.25000000,1500,15.44952393,75,982,982,982,0,0,100.00000000,100.00000000,100.00000000,1.11111111,2.88888889,0.00000000,45.06025655,19.18459726,782.75555556
nstdb,118e24,118,24,noise_only,250,7,78.12500000,1750,18.02444458,75,982,982,982,0,0,100.00000000,100.00000000,100.00000000,1.00000000,2.77777778,0.00000000,22.54009550,25.20135542,782.75555556
nstdb,118e24,118,24,noise_only,250,8,39.06250000,2000,20.59936523,75,982,982,982,0,0,100.00000000,100.00000000,100.00000000,1.00000000,2.77777778,0.00000000,11.27390246,31.21898500,782.75555556
nstdb,118e24,118,24,noise_only,250,9,19.53125000,2250,23.17428589,75,982,982,982,0,0,100.00000000,100.00000000,100.00000000,1.00000000,2.77777778,0.00000000,5.63520522,37.24227573,782.75555556
nstdb,118e24,118,24,noise_only,250,10,9.76562500,2500,25.74920654,75,982,982,982,0,0,100.00000000,100.00000000,100.00000000,1.00000000,2.77777778,0.00000000,2.82035460,43.25439614,782.75555556
nstdb,118e24,118,24,noise_only,250,11,4.88281250,2750,28.32412720,75,982,982,982,0,0,100.00000000,100.00000000,100.00000000,1.00000000,2.77777778,0.00000000,1.40908776,49.28170962,782.75555556
nstdb,118e24,118,24,noise_only,360,6,156.25000000,2160,22.24731445,75,982,982,982,0,0,100.00000000,100.00000000,100.00000000,2.77777778,2.77777778,0.00000000,45.05964132,19.17886970,782.75555556
nstdb,118e24,118,24,noise_only,360,7,78.12500000,2520,25.95520020,75,982,982,982,0,0,100.00000000,100.00000000,100.00000000,2.77777778,2.77777778,0.00000000,22.54638914,25.19308434,782.75555556
nstdb,118e24,118,24,noise_only,360,8,39.06250000,2880,29.66308594,75,982,982,982,0,0,100.00000000,100.00000000,100.00000000,2.77777778,2.77777778,0.00000000,11.27557421,31.21185096,782.75555556
nstdb,118e24,118,24,noise_only,360,9,19.53125000,3240,33.37097168,75,982,982,982,0,0,100.00000000,100.00000000,100.00000000,2.77777778,2.77777778,0.00000000,5.64093612,37.22760068,782.75555556
nstdb,118e24,118,24,noise_only,360,10,9.76562500,3600,37.07885742,75,982,982,982,0,0,100.00000000,100.00000000,100.00000000,2.77777778,2.77777778,0.00000000,2.81987589,43.25002443,782.75555556
nstdb,118e24,118,24,noise_only,360,11,4.88281250,3960,40.78674316,75,982,982,982,0,0,100.00000000,100.00000000,100.00000000,2.77777778,2.77777778,0.00000000,1.40910554,49.27575387,782.75555556
nstdb,118e24,118,24,noise_only,100,6,156.25000000,600,6.17980957,150,982,982,982,0,0,100.00000000,100.00000000,100.00000000,7.22222222,12.22222222,0.00000000,45.06851940,19.18249285,782.75555556
nstdb,118e24,118,24,noise_only,100,7,78.12500000,700,7.20977783,150,982,982,982,0,0,100.00000000,100.00000000,100.00000000,7.22222222,12.22222222,0.00000000,22.55684534,25.19439143,782.75555556
nstdb,118e24,118,24,noise_only,100,8,39.06250000,800,8.23974609,150,982,982,982,0,0,100.00000000,100.00000000,100.00000000,6.94444444,12.22222222,0.00000000,11.27600716,31.21685181,782.75555556
nstdb,118e24,118,24,noise_only,100,9,19.53125000,900,9.26971436,150,982,982,982,0,0,100.00000000,100.00000000,100.00000000,7.22222222,12.22222222,0.00000000,5.63769103,37.23793325,782.75555556
nstdb,118e24,118,24,noise_only,100,10,9.76562500,1000,10.29968262,150,982,982,982,0,0,100.00000000,100.00000000,100.00000000,7.22222222,12.22222222,0.00000000,2.81892489,43.25828859,782.75555556
nstdb,118e24,118,24,noise_only,100,11,4.88281250,1100,11.32965088,150,982,982,982,0,0,100.00000000,100.00000000,100.00000000,7.22222222,12.22222222,0.00000000,1.41037066,49.27329339,782.75555556
nstdb,118e24,118,24,noise_only,125,6,156.25000000,750,7.72476196,150,982,982,982,0,0,100.00000000,100.00000000,100.00000000,3.88888889,8.10555556,0.00000000,45.06332147,19.18430422,782.75555556
nstdb,118e24,118,24,noise_only,125,7,78.12500000,875,9.01222229,150,982,982,982,0,0,100.00000000,100.00000000,100.00000000,4.00000000,8.00000000,0.00000000,22.53247135,25.20459165,782.75555556
nstdb,118e24,118,24,noise_only,125,8,39.06250000,1000,10.29968262,150,982,982,982,0,0,100.00000000,100.00000000,100.00000000,3.88888889,8.00000000,0.00000000,11.27365431,31.21947392,782.75555556
nstdb,118e24,118,24,noise_only,125,9,19.53125000,1125,11.58714294,150,982,982,982,0,0,100.00000000,100.00000000,100.00000000,3.88888889,8.00000000,0.00000000,5.62712517,37.25503668,782.75555556
nstdb,118e24,118,24,noise_only,125,10,9.76562500,1250,12.87460327,150,982,982,982,0,0,100.00000000,100.00000000,100.00000000,3.88888889,8.00000000,0.00000000,2.81808781,43.26167776,782.75555556
nstdb,118e24,118,24,noise_only,125,11,4.88281250,1375,14.16206360,150,982,982,982,0,0,100.00000000,100.00000000,100.00000000,3.88888889,8.00000000,0.00000000,1.40817412,49.28764105,782.75555556
nstdb,118e24,118,24,noise_only,180,6,156.25000000,1080,11.12365723,150,982,982,982,0,0,100.00000000,100.00000000,100.00000000,2.77777778,2.77777778,0.00000000,45.08560236,19.17916673,782.75555556
nstdb,118e24,118,24,noise_only,180,7,78.12500000,1260,12.97760010,150,982,982,982,0,0,100.00000000,100.00000000,100.00000000,2.77777778,2.77777778,0.00000000,22.54539026,25.19876911,782.75555556
nstdb,118e24,118,24,noise_only,180,8,39.06250000,1440,14.83154297,150,982,982,982,0,0,100.00000000,100.00000000,100.00000000,2.77777778,2.77777778,0.00000000,11.26344141,31.22650218,782.75555556
nstdb,118e24,118,24,noise_only,180,9,19.53125000,1620,16.68548584,150,982,982,982,0,0,100.00000000,100.00000000,100.00000000,2.77777778,2.77777778,0.00000000,5.64600653,37.22509673,782.75555556
nstdb,118e24,118,24,noise_only,180,10,9.76562500,1800,18.53942871,150,982,982,982,0,0,100.00000000,100.00000000,100.00000000,2.77777778,2.77777778,0.00000000,2.81593259,43.26747919,782.75555556
nstdb,118e24,118,24,noise_only,180,11,4.88281250,1980,20.39337158,150,982,982,982,0,0,100.00000000,100.00000000,100.00000000,2.77777778,2.77777778,0.00000000,1.41075675,49.27088149,782.75555556
nstdb,118e24,118,24,noise_only,250,6,156.25000000,1500,15.44952393,150,982,982,982,0,0,100.00000000,100.00000000,100.00000000,1.11111111,2.88888889,0.00000000,45.06025655,19.18459726,782.75555556
nstdb,118e24,118,24,noise_only,250,7,78.12500000,1750,18.02444458,150,982,982,982,0,0,100.00000000,100.00000000,100.00000000,1.00000000,2.77777778,0.00000000,22.54009550,25.20135542,782.75555556
nstdb,118e24,118,24,noise_only,250,8,39.06250000,2000,20.59936523,150,982,982,982,0,0,100.00000000,100.00000000,100.00000000,1.00000000,2.77777778,0.00000000,11.27390246,31.21898500,782.75555556
nstdb,118e24,118,24,noise_only,250,9,19.53125000,2250,23.17428589,150,982,982,982,0,0,100.00000000,100.00000000,100.00000000,1.00000000,2.77777778,0.00000000,5.63520522,37.24227573,782.75555556
nstdb,118e24,118,24,noise_only,250,10,9.76562500,2500,25.74920654,150,982,982,982,0,0,100.00000000,100.00000000,100.00000000,1.00000000,2.77777778,0.00000000,2.82035460,43.25439614,782.75555556
nstdb,118e24,118,24,noise_only,250,11,4.88281250,2750,28.32412720,150,982,982,982,0,0,100.00000000,100.00000000,100.00000000,1.00000000,2.77777778,0.00000000,1.40908776,49.28170962,782.75555556
nstdb,118e24,118,24,noise_only,360,6,156.25000000,2160,22.24731445,150,982,982,982,0,0,100.00000000,100.00000000,100.00000000,2.77777778,2.77777778,0.00000000,45.05964132,19.17886970,782.75555556
nstdb,118e24,118,24,noise_only,360,7,78.12500000,2520,25.95520020,150,982,982,982,0,0,100.00000000,100.00000000,100.00000000,2.77777778,2.77777778,0.00000000,22.54638914,25.19308434,782.75555556
nstdb,118e24,118,24,noise_only,360,8,39.06250000,2880,29.66308594,150,982,982,982,0,0,100.00000000,100.00000000,100.00000000,2.77777778,2.77777778,0.00000000,11.27557421,31.21185096,782.75555556
nstdb,118e24,118,24,noise_only,360,9,19.53125000,3240,33.37097168,150,982,982,982,0,0,100.00000000,100.00000000,100.00000000,2.77777778,2.77777778,0.00000000,5.64093612,37.22760068,782.75555556
nstdb,118e24,118,24,noise_only,360,10,9.76562500,3600,37.07885742,150,982,982,982,0,0,100.00000000,100.00000000,100.00000000,2.77777778,2.77777778,0.00000000,2.81987589,43.25002443,782.75555556
nstdb,118e24,118,24,noise_only,360,11,4.88281250,3960,40.78674316,150,982,982,982,0,0,100.00000000,100.00000000,100.00000000,2.77777778,2.77777778,0.00000000,1.40910554,49.27575387,782.75555556
nstdb,118e_6,118,-6,mixed_after_5min,100,6,156.25000000,600,6.17980957,75,1916,2238,1092,1146,824,56.99373695,48.79356568,52.57583052,9.44444444,60.00000000,5.50174068,1019.68460621,7.89566302,1505.15555556
nstdb,118e_6,118,-6,mixed_after_5min,100,7,78.12500000,700,7.20977783,75,1916,2221,1075,1146,841,56.10647182,48.40162089,51.97002659,9.44444444,60.72222222,5.42068617,1006.50487725,8.00866260,1505.15555556
nstdb,118e_6,118,-6,mixed_after_5min,100,8,39.06250000,800,8.23974609,75,1916,2223,1077,1146,839,56.21085595,48.44804318,52.04155593,9.44444444,61.11111111,5.38148768,1000.14281790,8.06373986,1505.15555556
nstdb,118e_6,118,-6,mixed_after_5min,100,9,19.53125000,900,9.26971436,75,1916,2213,1074,1139,842,56.05427975,48.53140533,52.02228142,9.44444444,60.55555556,5.36487815,997.01576110,8.09093980,1505.15555556
nstdb,118e_6,118,-6,mixed_after_5min,100,10,9.76562500,1000,10.29968262,75,1916,2217,1076,1141,840,56.15866388,48.53405503,52.06871522,9.44444444,61.11111111,5.35491243,995.46569387,8.10445432,1505.15555556
nstdb,118e_6,118,-6,mixed_after_5min,100,11,4.88281250,1100,11.32965088,75,1916,2219,1077,1142,839,56.21085595,48.53537630,52.09189843,9.44444444,61.11111111,5.34760424,994.69403700,8.11118999,1505.15555556
nstdb,118e_6,118,-6,mixed_after_5min,125,6,156.25000000,750,7.72476196,75,1916,2315,1223,1092,693,63.83089770,52.82937365,57.81139211,5.44444444,57.77777778,5.49204071,1019.53311547,7.89633446,1505.15555556
nstdb,118e_6,118,-6,mixed_after_5min,125,7,78.12500000,875,9.01222229,75,1916,2309,1212,1097,704,63.25678497,52.49025552,57.37278107,5.44444444,57.77777778,5.42400808,1006.35260278,8.00935771,1505.15555556
nstdb,118e_6,118,-6,mixed_after_5min,125,8,39.06250000,1000,10.29968262,75,1916,2309,1220,1089,696,63.67432150,52.83672586,57.75147929,5.44444444,57.88888889,5.39052327,999.99173312,8.06443300,1505.15555556
nstdb,118e_6,118,-6,mixed_after_5min,125,9,19.53125000,1125,11.58714294,75,1916,2302,1213,1089,703,63.30897704,52.69331017,57.51541015,5.44444444,57.88888889,5.37138909,996.86456550,8.09163801,1505.15555556
nstdb,118e_6,118,-6,mixed_after_5min,125,10,9.76562500,1250,12.87460327,75,1916,2306,1218,1088,698,63.56993737,52.81873374,57.69777357,5.44444444,57.90555556,5.35863297,995.31460043,8.10515369,1505.15555556
nstdb,118e_6,118,-6,mixed_after_5min,125,11,4.88281250,1375,14.16206360,75,1916,2306,1215,1091,701,63.41336117,52.68863833,57.55566082,5.44444444,57.88888889,5.35331792,994.54299500,8.11188994,1505.15555556
nstdb,118e_6,118,-6,mixed_after_5min,180,6,156.25000000,1080,11.12365723,75,1916,2497,1414,1083,502,73.79958246,56.62795354,64.08338998,2.77777778,55.55555556,5.49813973,1019.13276156,7.89818950,1505.15555556
nstdb,118e_6,118,-6,mixed_after_5min,180,7,78.12500000,1260,12.97760010,75,1916,2385,1312,1073,604,68.47599165,55.01048218,61.00906766,2.77777778,55.55555556,5.41730644,1005.95700579,8.01121637,1505.15555556
nstdb,118e_6,118,-6,mixed_after_5min,180,8,39.06250000,1440,14.83154297,75,1916,2359,1288,1071,628,67.22338205,54.59940653,60.25730994,2.77777778,55.55555556,5.38851651,999.59709690,8.06630503,1505.15555556
nstdb,118e_6,118,-6,mixed_after_5min,180,9,19.53125000,1620,16.68548584,75,1916,2367,1290,1077,626,67.32776618,54.49936629,60.23815083,2.77777778,55.55555556,5.37264513,996.47078102,8.09351339,1505.15555556
nstdb,118e_6,118,-6,mixed_after_5min,180,10,9.76562500,1800,18.53942871,75,1916,2367,1291,1076,625,67.37995825,54.54161386,60.28484707,2.77777778,55.55555556,5.36267938,994.92113479,8.10703163,1505.15555556
nstdb,118e_6,118,-6,mixed_after_5min,180,11,4.88281250,1980,20.39337158,75,1916,2368,1293,1075,623,67.48434238,54.60304054,60.36414566,2.77777778,55.55555556,5.35972657,994.14970350,8.11376901,1505.15555556
nstdb,118e_6,118,-6,mixed_after_5min,250,6,156.25000000,1500,15.44952393,75,1916,2555,1466,1089,450,76.51356994,57.37769080,65.57817043,1.44444444,52.58333333,5.50109092,1019.06652774,7.89856495,1505.15555556
nstdb,118e_6,118,-6,mixed_after_5min,250,7,78.12500000,1750,18.02444458,75,1916,2560,1471,1089,445,76.77453027,57.46093750,65.72832887,1.44444444,52.83333333,5.42508551,1005.89000328,8.01160585,1505.15555556
nstdb,118e_6,118,-6,mixed_after_5min,250,8,39.06250000,2000,20.59936523,75,1916,2568,1474,1094,442,76.93110647,57.39875389,65.74487065,1.44444444,52.92777778,5.39266362,999.52999226,8.06669908,1505.15555556
nstdb,118e_6,118,-6,mixed_after_5min,250,9,19.53125000,2250,23.17428589,75,1916,2565,1470,1095,446,76.72233820,57.30994152,65.61035483,1.44444444,52.83888889,5.37326364,996.40359700,8.09390995,1505.15555556
nstdb,118e_6,118,-6,mixed_after_5min,250,10,9.76562500,2500,25.74920654,75,1916,2563,1466,1097,450,76.51356994,57.19859540,65.46104041,1.44444444,52.97222222,5.36369652,994.85395659,8.10742906,1505.15555556
nstdb,118e_6,118,-6,mixed_after_5min,250,11,4.88281250,2750,28.32412720,75,1916,2562,1467,1095,449,76.56576200,57.25995316,65.52032157,1.44444444,52.96666667,5.35705269,994.08251552,8.11416698,1505.15555556
nstdb,118e_6,118,-6,mixed_after_5min,360,6,156.25000000,2160,22.24731445,75,1916,2571,1502,1069,414,78.39248434,58.42084792,66.94896367,2.77777778,50.00000000,5.49832428,1018.61340586,7.90059484,1505.15555556
nstdb,118e_6,118,-6,mixed_after_5min,360,7,78.12500000,2520,25.95520020,75,1916,2563,1496,1067,420,78.07933194,58.36909871,66.80062514,2.77777778,52.77777778,5.41749099,1005.43770711,8.01367922,1505.15555556
nstdb,118e_6,118,-6,mixed_after_5min,360,8,39.06250000,2880,29.66308594,75,1916,2568,1496,1072,420,78.07933194,58.25545171,66.72613738,2.77777778,50.00000000,5.38501004,999.07848819,8.06879043,1505.15555556
nstdb,118e_6,118,-6,mixed_after_5min,360,9,19.53125000,3240,33.37097168,75,1916,2565,1491,1074,425,77.81837161,58.12865497,66.54764561,2.77777778,51.38888889,5.36913866,995.95238197,8.09601110,1505.15555556
nstdb,118e_6,118,-6,mixed_after_5min,360,10,9.76562500,3600,37.07885742,75,1916,2566,1497,1069,419,78.13152401,58.33982853,66.80053548,2.77777778,52.77777778,5.35935747,994.40288508,8.10953508,1505.15555556
nstdb,118e_6,118,-6,mixed_after_5min,360,11,4.88281250,3960,40.78674316,75,1916,2565,1496,1069,420,78.07933194,58.32358674,66.77081009,2.77777778,52.77777778,5.35511280,993.63153623,8.11627525,1505.15555556
nstdb,118e_6,118,-6,mixed_after_5min,100,6,156.25000000,600,6.17980957,150,1916,2238,1299,939,617,67.79749478,58.04289544,62.54212807,10.55555556,127.83333333,5.50174068,1019.68460621,7.89566302,1505.15555556
nstdb,118e_6,118,-6,mixed_after_5min,100,7,78.12500000,700,7.20977783,150,1916,2221,1278,943,638,66.70146138,57.54164791,61.78390138,10.55555556,128.33333333,5.42068617,1006.50487725,8.00866260,1505.15555556
nstdb,118e_6,118,-6,mixed_after_5min,100,8,39.06250000,800,8.23974609,150,1916,2223,1283,940,633,66.96242171,57.71479982,61.99565112,10.55555556,127.16666667,5.38148768,1000.14281790,8.06373986,1505.15555556
nstdb,118e_6,118,-6,mixed_after_5min,100,9,19.53125000,900,9.26971436,150,1916,2213,1279,934,637,66.75365344,57.79484862,61.95204650,10.55555556,128.38888889,5.36487815,997.01576110,8.09093980,1505.15555556
nstdb,118e_6,118,-6,mixed_after_5min,100,10,9.76562500,1000,10.29968262,150,1916,2217,1282,935,634,66.91022965,57.82589084,62.03726107,10.55555556,128.30555556,5.35491243,995.46569387,8.10445432,1505.15555556
nstdb,118e_6,118,-6,mixed_after_5min,100,11,4.88281250,1100,11.32965088,150,1916,2219,1283,936,633,66.96242171,57.81883731,62.05562273,10.55555556,128.27777778,5.34760424,994.69403700,8.11118999,1505.15555556
nstdb,118e_6,118,-6,mixed_after_5min,125,6,156.25000000,750,7.72476196,150,1916,2315,1417,898,499,73.95615866,61.20950324,66.98180099,6.44444444,123.24444444,5.49204071,1019.53311547,7.89633446,1505.15555556
nstdb,118e_6,118,-6,mixed_after_5min,125,7,78.12500000,875,9.01222229,150,1916,2309,1408,901,508,73.48643006,60.97877869,66.65088757,6.33333333,124.07222222,5.42400808,1006.35260278,8.00935771,1505.15555556
nstdb,118e_6,118,-6,mixed_after_5min,125,8,39.06250000,1000,10.29968262,150,1916,2309,1413,896,503,73.74739040,61.19532265,66.88757396,6.44444444,123.86666667,5.39052327,999.99173312,8.06443300,1505.15555556
nstdb,118e_6,118,-6,mixed_after_5min,125,9,19.53125000,1125,11.58714294,150,1916,2302,1409,893,507,73.53862213,61.20764553,66.80891418,6.44444444,124.24444444,5.37138909,996.86456550,8.09163801,1505.15555556
nstdb,118e_6,118,-6,mixed_after_5min,125,10,9.76562500,1250,12.87460327,150,1916,2306,1411,895,505,73.64300626,61.18820468,66.84036002,6.44444444,123.88888889,5.35863297,995.31460043,8.10515369,1505.15555556
nstdb,118e_6,118,-6,mixed_after_5min,125,11,4.88281250,1375,14.16206360,150,1916,2306,1410,896,506,73.59081420,61.14483955,66.79298910,6.44444444,124.06111111,5.35331792,994.54299500,8.11188994,1505.15555556
nstdb,118e_6,118,-6,mixed_after_5min,180,6,156.25000000,1080,11.12365723,150,1916,2497,1630,867,286,85.07306889,65.27833400,73.87264899,2.77777778,119.44444444,5.49813973,1019.13276156,7.89818950,1505.15555556
nstdb,118e_6,118,-6,mixed_after_5min,180,7,78.12500000,1260,12.97760010,150,1916,2385,1529,856,387,79.80167015,64.10901468,71.09974425,2.77777778,122.22222222,5.41730644,1005.95700579,8.01121637,1505.15555556
nstdb,118e_6,118,-6,mixed_after_5min,180,8,39.06250000,1440,14.83154297,150,1916,2359,1499,860,417,78.23590814,63.54387452,70.12865497,2.77777778,122.22222222,5.38851651,999.59709690,8.06630503,1505.15555556
nstdb,118e_6,118,-6,mixed_after_5min,180,9,19.53125000,1620,16.68548584,150,1916,2367,1505,862,411,78.54906054,63.58259400,70.27784263,2.77777778,122.22222222,5.37264513,996.47078102,8.09351339,1505.15555556
nstdb,118e_6,118,-6,mixed_after_5min,180,10,9.76562500,1800,18.53942871,150,1916,2367,1504,863,412,78.49686848,63.54034643,70.23114639,2.77777778,122.22222222,5.36267938,994.92113479,8.10703163,1505.15555556
nstdb,118e_6,118,-6,mixed_after_5min,180,11,4.88281250,1980,20.39337158,150,1916,2368,1506,862,410,78.60125261,63.59797297,70.30812325,2.77777778,122.22222222,5.35972657,994.14970350,8.11376901,1505.15555556
nstdb,118e_6,118,-6,mixed_after_5min,250,6,156.25000000,1500,15.44952393,150,1916,2555,1684,871,232,87.89144050,65.90998043,75.32990382,1.77777778,118.04444444,5.50109092,1019.06652774,7.89856495,1505.15555556
nstdb,118e_6,118,-6,mixed_after_5min,250,7,78.12500000,1750,18.02444458,150,1916,2560,1681,879,235,87.73486430,65.66406250,75.11170688,1.77777778,117.44444444,5.42508551,1005.89000328,8.01160585,1505.15555556
nstdb,118e_6,118,-6,mixed_after_5min,250,8,39.06250000,2000,20.59936523,150,1916,2568,1688,880,228,88.10020877,65.73208723,75.28991971,1.77777778,118.54444444,5.39266362,999.52999226,8.06669908,1505.15555556
nstdb,118e_6,118,-6,mixed_after_5min,250,9,19.53125000,2250,23.17428589,150,1916,2565,1686,879,230,87.99582463,65.73099415,75.25106003,1.77777778,118.61111111,5.37326364,996.40359700,8.09390995,1505.15555556
nstdb,118e_6,118,-6,mixed_after_5min,250,10,9.76562500,2500,25.74920654,150,1916,2563,1681,882,235,87.73486430,65.58720250,75.06139763,1.77777778,119.22222222,5.36369652,994.85395659,8.10742906,1505.15555556
nstdb,118e_6,118,-6,mixed_after_5min,250,11,4.88281250,2750,28.32412720,150,1916,2562,1682,880,234,87.78705637,65.65183450,75.12282269,1.77777778,119.21666667,5.35705269,994.08251552,8.11416698,1505.15555556
nstdb,118e_6,118,-6,mixed_after_5min,360,6,156.25000000,2160,22.24731445,150,1916,2571,1709,862,207,89.19624217,66.47218981,76.17561845,2.77777778,119.44444444,5.49832428,1018.61340586,7.90059484,1505.15555556
nstdb,118e_6,118,-6,mixed_after_5min,360,7,78.12500000,2520,25.95520020,150,1916,2563,1701,862,215,88.77870564,66.36753804,75.95445412,2.77777778,119.44444444,5.41749099,1005.43770711,8.01367922,1505.15555556
nstdb,118e_6,118,-6,mixed_after_5min,360,8,39.06250000,2880,29.66308594,150,1916,2568,1703,865,213,88.88308977,66.31619938,75.95896521,2.77777778,121.94444444,5.38501004,999.07848819,8.06879043,1505.15555556
nstdb,118e_6,118,-6,mixed_after_5min,360,9,19.53125000,3240,33.37097168,150,1916,2565,1701,864,215,88.77870564,66.31578947,75.92055345,2.77777778,122.22222222,5.36913866,995.95238197,8.09601110,1505.15555556
nstdb,118e_6,118,-6,mixed_after_5min,360,10,9.76562500,3600,37.07885742,150,1916,2566,1703,863,213,88.88308977,66.36788776,75.99286033,2.77777778,119.44444444,5.35935747,994.40288508,8.10953508,1505.15555556
nstdb,118e_6,118,-6,mixed_after_5min,360,11,4.88281250,3960,40.78674316,150,1916,2565,1704,861,212,88.93528184,66.43274854,76.05445213,2.77777778,119.44444444,5.35511280,993.63153623,8.11627525,1505.15555556
nstdb,118e_6,118,-6,noise_only,100,6,156.25000000,600,6.17980957,75,982,1630,489,1141,493,49.79633401,30.00000000,37.44257274,30.55555556,68.33333333,10.52685370,1412.11823973,7.83729558,782.75555556
nstdb,118e_6,118,-6,noise_only,100,7,78.12500000,700,7.20977783,75,982,1618,477,1141,505,48.57433809,29.48084054,36.69230769,31.66666667,68.44444444,10.37227247,1394.41580039,7.94687092,782.75555556
nstdb,118e_6,118,-6,noise_only,100,8,39.06250000,800,8.23974609,75,982,1620,479,1141,503,48.77800407,29.56790123,36.81783244,32.77777778,68.88888889,10.29689816,1385.73316089,8.00112463,782.75555556
nstdb,118e_6,118,-6,noise_only,100,9,19.53125000,900,9.26971436,75,982,1610,476,1134,506,48.47250509,29.56521739,36.72839506,31.66666667,68.33333333,10.26495989,1381.43527261,8.02810601,782.75555556
nstdb,118e_6,118,-6,noise_only,100,10,9.76562500,1000,10.29968262,75,982,1614,478,1136,504,48.67617108,29.61586121,36.82588598,31.94444444,68.33333333,10.24707445,1379.29709034,8.04156043,782.75555556
nstdb,118e_6,118,-6,noise_only,100,11,4.88281250,1100,11.32965088,75,982,1616,479,1137,503,48.77800407,29.64108911,36.87451886,31.66666667,68.33333333,10.23302162,1378.23070926,8.04827838,782.75555556
nstdb,118e_6,118,-6,noise_only,125,6,156.25000000,750,7.72476196,75,982,1606,519,1087,463,52.85132383,32.31631382,40.10819165,24.33333333,65.78888889,10.50641320,1411.91040402,7.83795357,782.75555556
nstdb,118e_6,118,-6,noise_only,125,7,78.12500000,875,9.01222229,75,982,1601,509,1092,473,51.83299389,31.79262961,39.41153697,24.33333333,65.88888889,10.37661608,1394.20852143,7.94754169,782.75555556
nstdb,118e_6,118,-6,noise_only,125,8,39.06250000,1000,10.29968262,75,982,1600,516,1084,466,52.54582485,32.25000000,39.96901627,24.38888889,66.16666667,10.31325055,1385.52761517,8.00179262,782.75555556
nstdb,118e_6,118,-6,noise_only,125,9,19.53125000,1125,11.58714294,75,982,1593,509,1084,473,51.83299389,31.95229127,39.53398058,25.22222222,65.88888889,10.27645766,1381.22962058,8.02877868,782.75555556
nstdb,118e_6,118,-6,noise_only,125,10,9.76562500,1250,12.87460327,75,982,1597,514,1083,468,52.34215886,32.18534753,39.86041101,25.27777778,66.18888889,10.25192907,1379.09158077,8.04223420,782.75555556
nstdb,118e_6,118,-6,noise_only,125,11,4.88281250,1375,14.16206360,75,982,1597,511,1086,471,52.03665988,31.99749530,39.62776270,25.11111111,66.22222222,10.24170883,1378.02525465,8.04895281,782.75555556
nstdb,118e_6,118,-6,noise_only,180,6,156.25000000,1080,11.12365723,75,982,1600,522,1078,460,53.15682281,32.62500000,40.43377227,16.66666667,69.30555556,10.52052578,1411.36143798,7.83979911,782.75555556
nstdb,118e_6,118,-6,noise_only,180,7,78.12500000,1260,12.97760010,75,982,1590,522,1068,460,53.15682281,32.83018868,40.59097978,16.66666667,66.66666667,10.36580173,1393.66427415,7.94940071,782.75555556
nstdb,118e_6,118,-6,noise_only,180,8,39.06250000,1440,14.83154297,75,982,1586,520,1066,462,52.95315682,32.78688525,40.49844237,16.66666667,66.66666667,10.31115149,1384.98445573,8.00366608,782.75555556
nstdb,118e_6,118,-6,noise_only,180,9,19.53125000,1620,16.68548584,75,982,1594,522,1072,460,53.15682281,32.74780427,40.52795031,16.66666667,66.66666667,10.28063252,1380.68764318,8.03065530,782.75555556
nstdb,118e_6,118,-6,noise_only,180,10,9.76562500,1800,18.53942871,75,982,1594,523,1071,459,53.25865580,32.81053952,40.60559006,13.88888889,66.66666667,10.26217920,1378.55008720,8.04411306,782.75555556
nstdb,118e_6,118,-6,noise_only,180,11,4.88281250,1980,20.39337158,75,982,1595,525,1070,457,53.46232179,32.91536050,40.74505239,13.88888889,66.66666667,10.25650125,1377.48401354,8.05083271,782.75555556
nstdb,118e_6,118,-6,noise_only,250,6,156.25000000,1500,15.44952393,75,982,1617,535,1082,447,54.48065173,33.08596166,41.16968065,8.11111111,64.58888889,10.52588546,1411.26909603,7.84018192,782.75555556
nstdb,118e_6,118,-6,noise_only,250,7,78.12500000,1750,18.02444458,75,982,1622,540,1082,442,54.98981670,33.29223181,41.47465438,7.77777778,65.46666667,10.38075722,1393.57230350,7.94978842,782.75555556
nstdb,118e_6,118,-6,noise_only,250,8,39.06250000,2000,20.59936523,75,982,1630,543,1087,439,55.29531568,33.31288344,41.57733538,8.11111111,64.76666667,10.31892442,1384.89279808,8.00405541,782.75555556
nstdb,118e_6,118,-6,noise_only,250,9,19.53125000,2250,23.17428589,75,982,1627,539,1088,443,54.88798371,33.12845728,41.31851284,7.88888889,64.84444444,10.28162033,1380.59586657,8.03104717,782.75555556
nstdb,118e_6,118,-6,noise_only,250,10,9.76562500,2500,25.74920654,75,982,1625,535,1090,447,54.48065173,32.92307692,41.04334484,8.11111111,64.97777778,10.26373480,1378.45828887,8.04450597,782.75555556
nstdb,118e_6,118,-6,noise_only,250,11,4.88281250,2750,28.32412720,75,982,1624,536,1088,446,54.58248473,33.00492611,41.13584037,8.22222222,64.94444444,10.25095943,1377.39220234,8.05122615,782.75555556
nstdb,118e_6,118,-6,noise_only,360,6,156.25000000,2160,22.24731445,75,982,1633,571,1062,411,58.14663951,34.96631966,43.67112811,5.55555556,63.88888889,10.52088065,1410.64325298,7.84226471,782.75555556
nstdb,118e_6,118,-6,noise_only,360,7,78.12500000,2520,25.95520020,75,982,1625,565,1060,417,57.53564155,34.76923077,43.34484081,5.55555556,63.88888889,10.36651147,1392.94763621,7.95191281,782.75555556
nstdb,118e_6,118,-6,noise_only,360,8,39.06250000,2880,29.66308594,75,982,1630,565,1065,417,57.53564155,34.66257669,43.26186830,5.55555556,63.88888889,10.30511867,1384.26883744,8.00619978,782.75555556
nstdb,118e_6,118,-6,noise_only,360,9,19.53125000,3240,33.37097168,75,982,1627,560,1067,422,57.02647658,34.41917640,42.92832503,5.55555556,63.88888889,10.27459970,1379.97234041,8.03320099,782.75555556
nstdb,118e_6,118,-6,noise_only,360,10,9.76562500,3600,37.07885742,75,982,1628,566,1062,416,57.63747454,34.76658477,43.37164751,5.55555556,63.88888889,10.25614638,1377.83499782,8.04666439,782.75555556
nstdb,118e_6,118,-6,noise_only,360,11,4.88281250,3960,40.78674316,75,982,1627,565,1062,417,57.53564155,34.72649047,43.31161365,5.55555556,63.88888889,10.24798433,1376.76903830,8.05338681,782.75555556
nstdb,118e_6,118,-6,noise_only,100,6,156.25000000,600,6.17980957,150,982,1630,693,937,289,70.57026477,42.51533742,53.06278714,48.33333333,139.44444444,10.52685370,1412.11823973,7.83729558,782.75555556
nstdb,118e_6,118,-6,noise_only,100,7,78.12500000,700,7.20977783,150,982,1618,678,940,304,69.04276986,41.90358467,52.15384615,49.44444444,139.44444444,10.37227247,1394.41580039,7.94687092,782.75555556
nstdb,118e_6,118,-6,noise_only,100,8,39.06250000,800,8.23974609,150,982,1620,683,937,299,69.55193483,42.16049383,52.49807840,50.55555556,139.38888889,10.29689816,1385.73316089,8.00112463,782.75555556
nstdb,118e_6,118,-6,noise_only,100,9,19.53125000,900,9.26971436,150,982,1610,679,931,303,69.14460285,42.17391304,52.39197531,50.00000000,139.50000000,10.26495989,1381.43527261,8.02810601,782.75555556
nstdb,118e_6,118,-6,noise_only,100,10,9.76562500,1000,10.29968262,150,982,1614,682,932,300,69.45010183,42.25526642,52.54237288,50.00000000,139.44444444,10.24707445,1379.29709034,8.04156043,782.75555556
nstdb,118e_6,118,-6,noise_only,100,11,4.88281250,1100,11.32965088,150,982,1616,683,933,299,69.55193483,42.26485149,52.57890685,50.00000000,139.44444444,10.23302162,1378.23070926,8.04827838,782.75555556
nstdb,118e_6,118,-6,noise_only,125,6,156.25000000,750,7.72476196,150,982,1606,710,896,272,72.30142566,44.20921544,54.86862442,44.22222222,136.25555556,10.50641320,1411.91040402,7.83795357,782.75555556
nstdb,118e_6,118,-6,noise_only,125,7,78.12500000,875,9.01222229,150,982,1601,702,899,280,71.48676171,43.84759525,54.35540070,45.55555556,135.88888889,10.37661608,1394.20852143,7.94754169,782.75555556
nstdb,118e_6,118,-6,noise_only,125,8,39.06250000,1000,10.29968262,150,982,1600,706,894,276,71.89409369,44.12500000,54.68628970,45.38888889,135.86111111,10.31325055,1385.52761517,8.00179262,782.75555556
nstdb,118e_6,118,-6,noise_only,125,9,19.53125000,1125,11.58714294,150,982,1593,702,891,280,71.48676171,44.06779661,54.52427184,46.11111111,136.52222222,10.27645766,1381.22962058,8.02877868,782.75555556
nstdb,118e_6,118,-6,noise_only,125,10,9.76562500,1250,12.87460327,150,982,1597,704,893,278,71.69042770,44.08265498,54.59480419,46.05555556,135.87222222,10.25192907,1379.09158077,8.04223420,782.75555556
nstdb,118e_6,118,-6,noise_only,125,11,4.88281250,1375,14.16206360,150,982,1597,703,894,279,71.58859470,44.02003757,54.51725475,46.00000000,135.88888889,10.24170883,1378.02525465,8.04895281,782.75555556
nstdb,118e_6,118,-6,noise_only,180,6,156.25000000,1080,11.12365723,150,982,1600,735,865,247,74.84725051,45.93750000,56.93261038,41.66666667,136.11111111,10.52052578,1411.36143798,7.83979911,782.75555556
nstdb,118e_6,118,-6,noise_only,180,7,78.12500000,1260,12.97760010,150,982,1590,736,854,246,74.94908350,46.28930818,57.23172628,41.66666667,136.11111111,10.36580173,1393.66427415,7.94940071,782.75555556
nstdb,118e_6,118,-6,noise_only,180,8,39.06250000,1440,14.83154297,150,982,1586,728,858,254,74.13441955,45.90163934,56.69781931,41.66666667,135.13888889,10.31115149,1384.98445573,8.00366608,782.75555556
nstdb,118e_6,118,-6,noise_only,180,9,19.53125000,1620,16.68548584,150,982,1594,734,860,248,74.74541752,46.04767880,56.98757764,41.66666667,136.11111111,10.28063252,1380.68764318,8.03065530,782.75555556
nstdb,118e_6,118,-6,noise_only,180,10,9.76562500,1800,18.53942871,150,982,1594,733,861,249,74.64358452,45.98494354,56.90993789,41.66666667,136.11111111,10.26217920,1378.55008720,8.04411306,782.75555556
nstdb,118e_6,118,-6,noise_only,180,11,4.88281250,1980,20.39337158,150,982,1595,735,860,247,74.84725051,46.08150470,57.04307334,41.66666667,136.11111111,10.25650125,1377.48401354,8.05083271,782.75555556
nstdb,118e_6,118,-6,noise_only,250,6,156.25000000,1500,15.44952393,150,982,1617,748,869,234,76.17107943,46.25850340,57.56060023,37.33333333,135.70000000,10.52588546,1411.26909603,7.84018192,782.75555556
nstdb,118e_6,118,-6,noise_only,250,7,78.12500000,1750,18.02444458,150,982,1622,745,877,237,75.86558045,45.93094945,57.21966206,36.77777778,134.66666667,10.38075722,1393.57230350,7.94978842,782.75555556
nstdb,118e_6,118,-6,noise_only,250,8,39.06250000,2000,20.59936523,150,982,1630,752,878,230,76.57841141,46.13496933,57.58039816,36.88888889,135.31111111,10.31892442,1384.89279808,8.00405541,782.75555556
nstdb,118e_6,118,-6,noise_only,250,9,19.53125000,2250,23.17428589,150,982,1627,750,877,232,76.37474542,46.09711125,57.49329245,37.11111111,135.35555556,10.28162033,1380.59586657,8.03104717,782.75555556
nstdb,118e_6,118,-6,noise_only,250,10,9.76562500,2500,25.74920654,150,982,1625,745,880,237,75.86558045,45.84615385,57.15381665,37.33333333,135.46666667,10.26373480,1378.45828887,8.04450597,782.75555556
nstdb,118e_6,118,-6,noise_only,250,11,4.88281250,2750,28.32412720,150,982,1624,746,878,236,75.96741344,45.93596059,57.25249424,37.33333333,135.44444444,10.25095943,1377.39220234,8.05122615,782.75555556
nstdb,118e_6,118,-6,noise_only,360,6,156.25000000,2160,22.24731445,150,982,1633,774,859,208,78.81873727,47.39742805,59.19694073,30.55555556,136.11111111,10.52088065,1410.64325298,7.84226471,782.75555556
nstdb,118e_6,118,-6,noise_only,360,7,78.12500000,2520,25.95520020,150,982,1625,765,860,217,77.90224033,47.07692308,58.68814730,30.55555556,135.55555556,10.36651147,1392.94763621,7.95191281,782.75555556
nstdb,118e_6,118,-6,noise_only,360,8,39.06250000,2880,29.66308594,150,982,1630,768,862,214,78.20773931,47.11656442,58.80551302,30.55555556,136.11111111,10.30511867,1384.26883744,8.00619978,782.75555556
nstdb,118e_6,118,-6,noise_only,360,9,19.53125000,3240,33.37097168,150,982,1627,766,861,216,78.00407332,47.08051629,58.71981602,30.55555556,136.11111111,10.27459970,1379.97234041,8.03320099,782.75555556
nstdb,118e_6,118,-6,noise_only,360,10,9.76562500,3600,37.07885742,150,982,1628,768,860,214,78.20773931,47.17444717,58.85057471,30.55555556,133.33333333,10.25614638,1377.83499782,8.04666439,782.75555556
nstdb,118e_6,118,-6,noise_only,360,11,4.88281250,3960,40.78674316,150,982,1627,769,858,213,78.30957230,47.26490473,58.94978919,30.55555556,136.11111111,10.24798433,1376.76903830,8.05338681,782.75555556
nstdb,119e00,119,0,mixed_after_5min,100,6,156.25000000,600,6.17980957,75,1660,2507,1285,1222,375,77.40963855,51.25648185,61.67506599,55.00000000,63.88888889,0.90222966,142.67511724,18.45354068,1505.15555556
nstdb,119e00,119,0,mixed_after_5min,100,7,78.12500000,700,7.20977783,75,1660,2499,1270,1229,390,76.50602410,50.82032813,61.07237317,55.55555556,63.88888889,0.86037365,132.03754354,19.12655673,1505.15555556
nstdb,119e00,119,0,mixed_after_5min,100,8,39.06250000,800,8.23974609,75,1660,2489,1271,1218,389,76.56626506,51.06468461,61.26777537,55.55555556,63.88888889,0.83446278,127.88168116,19.40433871,1505.15555556
nstdb,119e00,119,0,mixed_after_5min,100,9,19.53125000,900,9.26971436,75,1660,2497,1269,1228,391,76.44578313,50.82098518,61.05364446,55.55555556,63.88888889,0.82516144,126.16574134,19.52167657,1505.15555556
nstdb,119e00,119,0,mixed_after_5min,100,10,9.76562500,1000,10.29968262,75,1660,2487,1267,1220,393,76.32530120,50.94491355,61.10441283,55.55555556,63.88888889,0.81718887,125.40462625,19.57423428,1505.15555556
nstdb,119e00,119,0,mixed_after_5min,100,11,4.88281250,1100,11.32965088,75,1660,2484,1265,1219,395,76.20481928,50.92592593,61.05212355,55.55555556,63.88888889,0.81320258,125.04815263,19.59895984,1505.15555556
nstdb,119e00,119,0,mixed_after_5min,125,6,156.25000000,750,7.72476196,75,1660,2456,1321,1135,339,79.57831325,53.78664495,64.18853256,3.44444444,55.44444444,0.90302692,142.66053460,18.45380900,1505.15555556
nstdb,119e00,119,0,mixed_after_5min,125,7,78.12500000,875,9.01222229,75,1660,2446,1315,1131,345,79.21686747,53.76124285,64.05260594,3.33333333,55.00000000,0.85093944,131.99760808,19.12856472,1505.15555556
nstdb,119e00,119,0,mixed_after_5min,125,8,39.06250000,1000,10.29968262,75,1660,2455,1319,1136,341,79.45783133,53.72708758,64.10692588,3.33333333,55.24444444,0.83074225,127.83596199,19.40682507,1505.15555556
nstdb,119e00,119,0,mixed_after_5min,125,9,19.53125000,1125,11.58714294,75,1660,2456,1316,1140,344,79.27710843,53.58306189,63.94557823,3.33333333,55.13888889,0.82117516,126.12114927,19.52412755,1505.15555556
nstdb,119e00,119,0,mixed_after_5min,125,10,9.76562500,1250,12.87460327,75,1660,2458,1318,1140,342,79.39759036,53.62082994,64.01165614,3.33333333,55.22222222,0.81373409,125.35877051,19.57679147,1505.15555556
nstdb,119e00,119,0,mixed_after_5min,125,11,4.88281250,1375,14.16206360,75,1660,2457,1320,1137,340,79.51807229,53.72405372,64.12436240,3.38888889,55.22222222,0.81160807,125.00183243,19.60155836,1505.15555556
nstdb,119e00,119,0,mixed_after_5min,180,6,156.25000000,1080,11.12365723,75,1660,2381,1390,991,270,83.73493976,58.37883242,68.79485276,2.77777778,50.00000000,0.90282289,142.54180726,18.45936096,1505.15555556
nstdb,119e00,119,0,mixed_after_5min,180,7,78.12500000,1260,12.97760010,75,1660,2377,1392,985,268,83.85542169,58.56121161,68.96210057,2.77777778,50.00000000,0.85151775,131.88546226,19.13426766,1505.15555556
nstdb,119e00,119,0,mixed_after_5min,180,8,39.06250000,1440,14.83154297,75,1660,2373,1388,985,272,83.61445783,58.49136115,68.83213489,2.77777778,50.00000000,0.83121715,127.72715244,19.41254157,1505.15555556
nstdb,119e00,119,0,mixed_after_5min,180,9,19.53125000,1620,16.68548584,75,1660,2377,1389,988,271,83.67469880,58.43500210,68.81347535,2.77777778,50.00000000,0.81866769,126.01242578,19.52993874,1505.15555556
nstdb,119e00,119,0,mixed_after_5min,180,10,9.76562500,1800,18.53942871,75,1660,2374,1389,985,271,83.67469880,58.50884583,68.86465047,2.77777778,50.00000000,0.81276206,125.25103701,19.58257957,1505.15555556
nstdb,119e00,119,0,mixed_after_5min,180,11,4.88281250,1980,20.39337158,75,1660,2379,1390,989,270,83.73493976,58.42791089,68.82891805,2.77777778,50.00000000,0.80796374,124.89453030,19.60733779,1505.15555556
nstdb,119e00,119,0,mixed_after_5min,250,6,156.25000000,1500,15.44952393,75,1660,2338,1438,900,222,86.62650602,61.50556031,71.93596798,1.88888889,47.25555556,0.90621836,142.51130082,18.46104865,1505.15555556
nstdb,119e00,119,0,mixed_after_5min,250,7,78.12500000,1750,18.02444458,75,1660,2336,1439,897,221,86.68674699,61.60102740,72.02202202,1.77777778,46.56666667,0.85731977,131.85666194,19.13599319,1505.15555556
nstdb,119e00,119,0,mixed_after_5min,250,8,39.06250000,2000,20.59936523,75,1660,2330,1433,897,227,86.32530120,61.50214592,71.82957393,1.77777778,47.31111111,0.83313623,127.69909184,19.41427856,1505.15555556
nstdb,119e00,119,0,mixed_after_5min,250,9,19.53125000,2250,23.17428589,75,1660,2332,1432,900,228,86.26506024,61.40651801,71.74348697,1.77777778,47.32222222,0.82117734,125.98774005,19.53146902,1505.15555556
nstdb,119e00,119,0,mixed_after_5min,250,10,9.76562500,2500,25.74920654,75,1660,2331,1434,897,226,86.38554217,61.51866152,71.86168880,1.77777778,47.44444444,0.81293899,125.22700125,19.58407512,1505.15555556
nstdb,119e00,119,0,mixed_after_5min,250,11,4.88281250,2750,28.32412720,75,1660,2332,1434,898,226,86.38554217,61.49228130,71.84368737,1.77777778,47.30000000,0.80895269,124.87084030,19.60881405,1505.15555556
nstdb,119e00,119,0,mixed_after_5min,360,6,156.25000000,2160,22.24731445,75,1660,2255,1431,824,229,86.20481928,63.45898004,73.10344828,0.00000000,69.44444444,0.90577570,142.39204655,18.46631523,1505.15555556
nstdb,119e00,119,0,mixed_after_5min,360,7,78.12500000,2520,25.95520020,75,1660,2246,1430,816,230,86.14457831,63.66874443,73.22068612,0.00000000,69.44444444,0.85576242,131.73237947,19.14217914,1505.15555556
nstdb,119e00,119,0,mixed_after_5min,360,8,39.06250000,2880,29.66308594,75,1660,2254,1427,827,233,85.96385542,63.30967169,72.91773122,0.00000000,69.44444444,0.83472362,127.57056903,19.42102001,1505.15555556
nstdb,119e00,119,0,mixed_after_5min,360,9,19.53125000,3240,33.37097168,75,1660,2255,1429,826,231,86.08433735,63.37028825,73.00127714,0.00000000,69.44444444,0.82198961,125.85842042,19.53838433,1505.15555556
nstdb,119e00,119,0,mixed_after_5min,360,10,9.76562500,3600,37.07885742,75,1660,2254,1428,826,232,86.02409639,63.35403727,72.96882984,0.00000000,69.44444444,0.81479212,125.09761925,19.59104897,1505.15555556
nstdb,119e00,119,0,mixed_after_5min,360,11,4.88281250,3960,40.78674316,75,1660,2254,1426,828,234,85.90361446,63.26530612,72.86663260,0.00000000,69.44444444,0.81073200,124.74148777,19.61581148,1505.15555556
nstdb,119e00,119,0,mixed_after_5min,100,6,156.25000000,600,6.17980957,150,1660,2507,1444,1063,216,86.98795181,57.59872357,69.30645548,56.66666667,113.72222222,0.90222966,142.67511724,18.45354068,1505.15555556
nstdb,119e00,119,0,mixed_after_5min,100,7,78.12500000,700,7.20977783,150,1660,2499,1439,1060,221,86.68674699,57.58303321,69.19932676,57.22222222,116.66666667,0.86037365,132.03754354,19.12655673,1505.15555556
nstdb,119e00,119,0,mixed_after_5min,100,8,39.06250000,800,8.23974609,150,1660,2489,1434,1055,226,86.38554217,57.61349940,69.12509038,57.22222222,116.86111111,0.83446278,127.88168116,19.40433871,1505.15555556
nstdb,119e00,119,0,mixed_after_5min,100,9,19.53125000,900,9.26971436,150,1660,2497,1443,1054,217,86.92771084,57.78934722,69.42506615,57.22222222,117.77777778,0.82516144,126.16574134,19.52167657,1505.15555556
nstdb,119e00,119,0,mixed_after_5min,100,10,9.76562500,1000,10.29968262,150,1660,2487,1436,1051,224,86.50602410,57.74024930,69.25488305,57.22222222,117.36111111,0.81718887,125.40462625,19.57423428,1505.15555556
nstdb,119e00,119,0,mixed_after_5min,100,11,4.88281250,1100,11.32965088,150,1660,2484,1433,1051,227,86.32530120,57.68921095,69.16023166,57.22222222,117.77777778,0.81320258,125.04815263,19.59895984,1505.15555556
nstdb,119e00,119,0,mixed_after_5min,125,6,156.25000000,750,7.72476196,150,1660,2456,1476,980,184,88.91566265,60.09771987,71.72011662,4.00000000,113.41666667,0.90302692,142.66053460,18.45380900,1505.15555556
nstdb,119e00,119,0,mixed_after_5min,125,7,78.12500000,875,9.01222229,150,1660,2446,1479,967,181,89.09638554,60.46606705,72.04091573,4.00000000,114.02222222,0.85093944,131.99760808,19.12856472,1505.15555556
nstdb,119e00,119,0,mixed_after_5min,125,8,39.06250000,1000,10.29968262,150,1660,2455,1480,975,180,89.15662651,60.28513238,71.93195626,3.88888889,112.67222222,0.83074225,127.83596199,19.40682507,1505.15555556
nstdb,119e00,119,0,mixed_after_5min,125,9,19.53125000,1125,11.58714294,150,1660,2456,1482,974,178,89.27710843,60.34201954,72.01166181,4.00000000,113.77222222,0.82117516,126.12114927,19.52412755,1505.15555556
nstdb,119e00,119,0,mixed_after_5min,125,10,9.76562500,1250,12.87460327,150,1660,2458,1484,974,176,89.39759036,60.37428804,72.07382224,4.00000000,113.96666667,0.81373409,125.35877051,19.57679147,1505.15555556
nstdb,119e00,119,0,mixed_after_5min,125,11,4.88281250,1375,14.16206360,150,1660,2457,1484,973,176,89.39759036,60.39886040,72.09132864,4.00000000,113.76111111,0.81160807,125.00183243,19.60155836,1505.15555556
nstdb,119e00,119,0,mixed_after_5min,180,6,156.25000000,1080,11.12365723,150,1660,2381,1536,845,124,92.53012048,64.51070979,76.02078693,2.77777778,116.66666667,0.90282289,142.54180726,18.45936096,1505.15555556
nstdb,119e00,119,0,mixed_after_5min,180,7,78.12500000,1260,12.97760010,150,1660,2377,1539,838,121,92.71084337,64.74547749,76.24473619,2.77777778,114.16666667,0.85151775,131.88546226,19.13426766,1505.15555556
nstdb,119e00,119,0,mixed_after_5min,180,8,39.06250000,1440,14.83154297,150,1660,2373,1538,835,122,92.65060241,64.81247366,76.27076618,2.77777778,116.66666667,0.83121715,127.72715244,19.41254157,1505.15555556
nstdb,119e00,119,0,mixed_after_5min,180,9,19.53125000,1620,16.68548584,150,1660,2377,1539,838,121,92.71084337,64.74547749,76.24473619,2.77777778,116.66666667,0.81866769,126.01242578,19.52993874,1505.15555556
nstdb,119e00,119,0,mixed_after_5min,180,10,9.76562500,1800,18.53942871,150,1660,2374,1538,836,122,92.65060241,64.78517270,76.25185920,2.77777778,116.66666667,0.81276206,125.25103701,19.58257957,1505.15555556
nstdb,119e00,119,0,mixed_after_5min,180,11,4.88281250,1980,20.39337158,150,1660,2379,1539,840,121,92.71084337,64.69104666,76.20698193,2.77777778,116.66666667,0.80796374,124.89453030,19.60733779,1505.15555556
nstdb,119e00,119,0,mixed_after_5min,250,6,156.25000000,1500,15.44952393,150,1660,2338,1573,765,87,94.75903614,67.27972626,78.68934467,2.11111111,104.95555556,0.90621836,142.51130082,18.46104865,1505.15555556
nstdb,119e00,119,0,mixed_after_5min,250,7,78.12500000,1750,18.02444458,150,1660,2336,1577,759,83,95.00000000,67.50856164,78.92892893,2.00000000,110.28888889,0.85731977,131.85666194,19.13599319,1505.15555556
nstdb,119e00,119,0,mixed_after_5min,250,8,39.06250000,2000,20.59936523,150,1660,2330,1574,756,86,94.81927711,67.55364807,78.89724311,2.00000000,110.12222222,0.83313623,127.69909184,19.41427856,1505.15555556
nstdb,119e00,119,0,mixed_after_5min,250,9,19.53125000,2250,23.17428589,150,1660,2332,1577,755,83,95.00000000,67.62435678,79.00801603,2.00000000,110.28888889,0.82117734,125.98774005,19.53146902,1505.15555556
nstdb,119e00,119,0,mixed_after_5min,250,10,9.76562500,2500,25.74920654,150,1660,2331,1577,754,83,95.00000000,67.65336765,79.02781258,2.00000000,109.95555556,0.81293899,125.22700125,19.58407512,1505.15555556
nstdb,119e00,119,0,mixed_after_5min,250,11,4.88281250,2750,28.32412720,150,1660,2332,1576,756,84,94.93975904,67.58147513,78.95791583,2.00000000,108.63888889,0.80895269,124.87084030,19.60881405,1505.15555556
nstdb,119e00,119,0,mixed_after_5min,360,6,156.25000000,2160,22.24731445,150,1660,2255,1576,679,84,94.93975904,69.88913525,80.51085568,0.00000000,100.69444444,0.90577570,142.39204655,18.46631523,1505.15555556
nstdb,119e00,119,0,mixed_after_5min,360,7,78.12500000,2520,25.95520020,150,1660,2246,1576,670,84,94.93975904,70.16918967,80.69636457,0.00000000,97.22222222,0.85576242,131.73237947,19.14217914,1505.15555556
nstdb,119e00,119,0,mixed_after_5min,360,8,39.06250000,2880,29.66308594,150,1660,2254,1580,674,80,95.18072289,70.09760426,80.73582013,0.00000000,97.22222222,0.83472362,127.57056903,19.42102001,1505.15555556
nstdb,119e00,119,0,mixed_after_5min,360,9,19.53125000,3240,33.37097168,150,1660,2255,1579,676,81,95.12048193,70.02217295,80.66411239,0.00000000,97.22222222,0.82198961,125.85842042,19.53838433,1505.15555556
nstdb,119e00,119,0,mixed_after_5min,360,10,9.76562500,3600,37.07885742,150,1660,2254,1579,675,81,95.12048193,70.05323869,80.68472151,0.00000000,97.22222222,0.81479212,125.09761925,19.59104897,1505.15555556
nstdb,119e00,119,0,mixed_after_5min,360,11,4.88281250,3960,40.78674316,150,1660,2254,1578,676,82,95.06024096,70.00887311,80.63362289,0.00000000,97.22222222,0.81073200,124.74148777,19.61581148,1505.15555556
nstdb,119e00,119,0,noise_only,100,6,156.25000000,600,6.17980957,75,866,1594,504,1090,362,58.19861432,31.61856964,40.97560976,18.88888889,66.58333333,1.73488681,193.34533620,18.24574072,782.75555556
nstdb,119e00,119,0,noise_only,100,7,78.12500000,700,7.20977783,75,866,1586,489,1097,377,56.46651270,30.83228247,39.88580750,17.77777778,66.11111111,1.65440237,181.79714262,18.78067367,782.75555556
nstdb,119e00,119,0,noise_only,100,8,39.06250000,800,8.23974609,75,866,1584,490,1094,376,56.58198614,30.93434343,40.00000000,17.50000000,66.66666667,1.60457867,176.99900199,19.01299838,782.75555556
nstdb,119e00,119,0,noise_only,100,9,19.53125000,900,9.26971436,75,866,1592,488,1104,378,56.35103926,30.65326633,39.70707893,16.11111111,66.11111111,1.58669324,174.86826538,19.11819469,782.75555556
nstdb,119e00,119,0,noise_only,100,10,9.76562500,1000,10.29968262,75,866,1582,486,1096,380,56.12009238,30.72060683,39.70588235,16.11111111,66.11111111,1.57136287,173.87536304,19.16765374,782.75555556
nstdb,119e00,119,0,noise_only,100,11,4.88281250,1100,11.32965088,75,866,1579,484,1095,382,55.88914550,30.65231159,39.59100204,17.77777778,66.58333333,1.56369769,173.39679295,19.19159352,782.75555556
nstdb,119e00,119,0,noise_only,125,6,156.25000000,750,7.72476196,75,866,1615,538,1077,328,62.12471132,33.31269350,43.36960903,8.33333333,62.62222222,1.73641985,193.32718151,18.24593324,782.75555556
nstdb,119e00,119,0,noise_only,125,7,78.12500000,875,9.01222229,75,866,1607,532,1075,334,61.43187067,33.10516490,43.02466640,8.33333333,60.38333333,1.63626143,181.74397971,18.78259096,782.75555556
nstdb,119e00,119,0,noise_only,125,8,39.06250000,1000,10.29968262,75,866,1614,536,1078,330,61.89376443,33.20941760,43.22580645,8.33333333,60.91666667,1.59742450,176.93663616,19.01543630,782.75555556
nstdb,119e00,119,0,noise_only,125,9,19.53125000,1125,11.58714294,75,866,1616,533,1083,333,61.54734411,32.98267327,42.94923449,7.88888889,60.86666667,1.57902805,174.80616432,19.12065676,782.75555556
nstdb,119e00,119,0,noise_only,125,10,9.76562500,1250,12.87460327,75,866,1617,535,1082,331,61.77829099,33.08596166,43.09303262,8.33333333,60.92222222,1.56471971,173.81180339,19.17020632,782.75555556
nstdb,119e00,119,0,noise_only,125,11,4.88281250,1375,14.16206360,75,866,1616,537,1079,329,62.00923788,33.23019802,43.27155520,8.44444444,60.91111111,1.56063161,173.33254526,19.19418934,782.75555556
nstdb,119e00,119,0,noise_only,180,6,156.25000000,1080,11.12365723,75,866,1583,605,978,261,69.86143187,38.21857233,49.40792160,2.77777778,58.33333333,1.73603225,193.16069710,18.25181397,782.75555556
nstdb,119e00,119,0,noise_only,180,7,78.12500000,1260,12.97760010,75,866,1579,608,971,258,70.20785219,38.50538315,49.73415133,2.77777778,58.33333333,1.63737792,181.58479155,18.78859982,782.75555556
nstdb,119e00,119,0,noise_only,180,8,39.06250000,1440,14.83154297,75,866,1575,603,972,263,69.63048499,38.28571429,49.40598116,2.77777778,58.33333333,1.59834204,176.78538018,19.02126232,782.75555556
nstdb,119e00,119,0,noise_only,180,9,19.53125000,1620,16.68548584,75,866,1579,605,974,261,69.86143187,38.31538949,49.48875256,2.77777778,58.33333333,1.57421077,174.65574683,19.12653165,782.75555556
nstdb,119e00,119,0,noise_only,180,10,9.76562500,1800,18.53942871,75,866,1576,605,971,261,69.86143187,38.38832487,49.54954955,2.77777778,58.33333333,1.56285487,173.66251913,19.17606732,782.75555556
nstdb,119e00,119,0,noise_only,180,11,4.88281250,1980,20.39337158,75,866,1581,606,975,260,69.97690531,38.33017078,49.53003678,2.77777778,58.33333333,1.55362821,173.18401689,19.20003308,782.75555556
nstdb,119e00,119,0,noise_only,250,6,156.25000000,1500,15.44952393,75,866,1540,653,887,213,75.40415704,42.40259740,54.28096426,2.55555556,64.75555556,1.74256090,193.11720274,18.25359326,782.75555556
nstdb,119e00,119,0,noise_only,250,7,78.12500000,1750,18.02444458,75,866,1538,656,882,210,75.75057737,42.65279584,54.57570715,2.44444444,64.41666667,1.64853415,181.54522642,18.79031583,782.75555556
nstdb,119e00,119,0,noise_only,250,8,39.06250000,2000,20.59936523,75,866,1532,649,883,217,74.94226328,42.36292428,54.12844037,2.44444444,64.33333333,1.60203180,176.74706064,19.02296851,782.75555556
nstdb,119e00,119,0,noise_only,250,9,19.53125000,2250,23.17428589,75,866,1534,650,884,216,75.05773672,42.37288136,54.16666667,2.44444444,64.33333333,1.57903612,174.62131145,19.12806760,782.75555556
nstdb,119e00,119,0,noise_only,250,10,9.76562500,2500,25.74920654,75,866,1533,651,882,215,75.17321016,42.46575342,54.27261359,2.44444444,64.50000000,1.56319466,173.62920484,19.17755698,782.75555556
nstdb,119e00,119,0,noise_only,250,11,4.88281250,2750,28.32412720,75,866,1534,651,883,215,75.17321016,42.43807040,54.25000000,2.44444444,64.50000000,1.55552944,173.15111147,19.20150683,782.75555556
nstdb,119e00,119,0,noise_only,360,6,156.25000000,2160,22.24731445,75,866,1458,669,789,197,77.25173210,45.88477366,57.57314974,0.00000000,66.66666667,1.74171020,192.94602221,18.25942368,782.75555556
nstdb,119e00,119,0,noise_only,360,7,78.12500000,2520,25.95520020,75,866,1449,673,776,193,77.71362587,46.44582471,58.14254860,2.77777778,66.66666667,1.64553997,181.37095362,18.79678555,782.75555556
nstdb,119e00,119,0,noise_only,360,8,39.06250000,2880,29.66308594,75,866,1457,675,782,191,77.94457275,46.32807138,58.11450710,2.77777778,66.66666667,1.60508460,176.56856063,19.02987274,782.75555556
nstdb,119e00,119,0,noise_only,360,9,19.53125000,3240,33.37097168,75,866,1458,675,783,191,77.94457275,46.29629630,58.08950086,2.77777778,66.66666667,1.58059846,174.44193491,19.13512237,782.75555556
nstdb,119e00,119,0,noise_only,360,10,9.76562500,3600,37.07885742,75,866,1457,675,782,191,77.94457275,46.32807138,58.11450710,2.77777778,66.66666667,1.56675846,173.44978864,19.18466478,782.75555556
nstdb,119e00,119,0,noise_only,360,11,4.88281250,3960,40.78674316,75,866,1457,673,784,193,77.71362587,46.19080302,57.94231597,2.77777778,66.66666667,1.55895128,172.97177724,19.20863532,782.75555556
nstdb,119e00,119,0,noise_only,100,6,156.25000000,600,6.17980957,150,866,1594,650,944,216,75.05773672,40.77791719,52.84552846,48.33333333,133.08333333,1.73488681,193.34533620,18.24574072,782.75555556
nstdb,119e00,119,0,noise_only,100,7,78.12500000,700,7.20977783,150,866,1586,645,941,221,74.48036952,40.66834805,52.61011419,48.33333333,133.22222222,1.65440237,181.79714262,18.78067367,782.75555556
nstdb,119e00,119,0,noise_only,100,8,39.06250000,800,8.23974609,150,866,1584,640,944,226,73.90300231,40.40404040,52.24489796,48.05555556,133.38888889,1.60457867,176.99900199,19.01299838,782.75555556
nstdb,119e00,119,0,noise_only,100,9,19.53125000,900,9.26971436,150,866,1592,649,943,217,74.94226328,40.76633166,52.80716029,48.33333333,134.44444444,1.58669324,174.86826538,19.11819469,782.75555556
nstdb,119e00,119,0,noise_only,100,10,9.76562500,1000,10.29968262,150,866,1582,642,940,224,74.13394919,40.58154235,52.45098039,48.05555556,134.38888889,1.57136287,173.87536304,19.16765374,782.75555556
nstdb,119e00,119,0,noise_only,100,11,4.88281250,1100,11.32965088,150,866,1579,639,940,227,73.78752887,40.46865104,52.26993865,48.88888889,134.50000000,1.56369769,173.39679295,19.19159352,782.75555556
nstdb,119e00,119,0,noise_only,125,6,156.25000000,750,7.72476196,150,866,1615,681,934,185,78.63741339,42.16718266,54.89721886,30.11111111,127.88888889,1.73641985,193.32718151,18.24593324,782.75555556
nstdb,119e00,119,0,noise_only,125,7,78.12500000,875,9.01222229,150,866,1607,684,923,182,78.98383372,42.56378345,55.31742822,30.27777778,129.86666667,1.63626143,181.74397971,18.78259096,782.75555556
nstdb,119e00,119,0,noise_only,125,8,39.06250000,1000,10.29968262,150,866,1614,685,929,181,79.09930716,42.44114002,55.24193548,27.88888889,128.44444444,1.59742450,176.93663616,19.01543630,782.75555556
nstdb,119e00,119,0,noise_only,125,9,19.53125000,1125,11.58714294,150,866,1616,687,929,179,79.33025404,42.51237624,55.35858179,30.11111111,129.01111111,1.57902805,174.80616432,19.12065676,782.75555556
nstdb,119e00,119,0,noise_only,125,10,9.76562500,1250,12.87460327,150,866,1617,689,928,177,79.56120092,42.60977118,55.49738220,31.00000000,129.64444444,1.56471971,173.81180339,19.17020632,782.75555556
nstdb,119e00,119,0,noise_only,125,11,4.88281250,1375,14.16206360,150,866,1616,689,927,177,79.56120092,42.63613861,55.51974214,30.44444444,128.97777778,1.56063161,173.33254526,19.19418934,782.75555556
nstdb,119e00,119,0,noise_only,180,6,156.25000000,1080,11.12365723,150,866,1583,740,843,126,85.45034642,46.74668351,60.43282973,5.55555556,133.33333333,1.73603225,193.16069710,18.25181397,782.75555556
nstdb,119e00,119,0,noise_only,180,7,78.12500000,1260,12.97760010,150,866,1579,743,836,123,85.79676674,47.05509816,60.77709611,5.55555556,130.55555556,1.63737792,181.58479155,18.78859982,782.75555556
nstdb,119e00,119,0,noise_only,180,8,39.06250000,1440,14.83154297,150,866,1575,742,833,124,85.68129330,47.11111111,60.79475625,5.55555556,130.55555556,1.59834204,176.78538018,19.02126232,782.75555556
nstdb,119e00,119,0,noise_only,180,9,19.53125000,1620,16.68548584,150,866,1579,743,836,123,85.79676674,47.05509816,60.77709611,5.55555556,130.55555556,1.57421077,174.65574683,19.12653165,782.75555556
nstdb,119e00,119,0,noise_only,180,10,9.76562500,1800,18.53942871,150,866,1576,742,834,124,85.68129330,47.08121827,60.76986077,5.55555556,130.55555556,1.56285487,173.66251913,19.17606732,782.75555556
nstdb,119e00,119,0,noise_only,180,11,4.88281250,1980,20.39337158,150,866,1581,743,838,123,85.79676674,46.99557242,60.72742133,5.55555556,130.55555556,1.55362821,173.18401689,19.20003308,782.75555556
nstdb,119e00,119,0,noise_only,250,6,156.25000000,1500,15.44952393,150,866,1540,778,762,88,89.83833718,50.51948052,64.67165420,3.66666667,124.35000000,1.74256090,193.11720274,18.25359326,782.75555556
nstdb,119e00,119,0,noise_only,250,7,78.12500000,1750,18.02444458,150,866,1538,782,756,84,90.30023095,50.84525358,65.05823627,3.55555556,125.53333333,1.64853415,181.54522642,18.79031583,782.75555556
nstdb,119e00,119,0,noise_only,250,8,39.06250000,2000,20.59936523,150,866,1532,779,753,87,89.95381062,50.84856397,64.97080901,3.55555556,125.61111111,1.60203180,176.74706064,19.02296851,782.75555556
nstdb,119e00,119,0,noise_only,250,9,19.53125000,2250,23.17428589,150,866,1534,782,752,84,90.30023095,50.97783572,65.16666667,3.55555556,125.53333333,1.57903612,174.62131145,19.12806760,782.75555556
nstdb,119e00,119,0,noise_only,250,10,9.76562500,2500,25.74920654,150,866,1533,782,751,84,90.30023095,51.01108937,65.19383076,3.55555556,125.53333333,1.56319466,173.62920484,19.17755698,782.75555556
nstdb,119e00,119,0,noise_only,250,11,4.88281250,2750,28.32412720,150,866,1534,781,753,85,90.18475751,50.91264668,65.08333333,3.55555556,125.55555556,1.55552944,173.15111147,19.20150683,782.75555556
nstdb,119e00,119,0,noise_only,360,6,156.25000000,2160,22.24731445,150,866,1458,781,677,85,90.18475751,53.56652949,67.21170396,2.77777778,125.00000000,1.74171020,192.94602221,18.25942368,782.75555556
nstdb,119e00,119,0,noise_only,360,7,78.12500000,2520,25.95520020,150,866,1449,781,668,85,90.18475751,53.89924086,67.47300216,2.77777778,122.22222222,1.64553997,181.37095362,18.79678555,782.75555556
nstdb,119e00,119,0,noise_only,360,8,39.06250000,2880,29.66308594,150,866,1457,785,672,81,90.64665127,53.87783116,67.58501937,2.77777778,122.22222222,1.60508460,176.56856063,19.02987274,782.75555556
nstdb,119e00,119,0,noise_only,360,9,19.53125000,3240,33.37097168,150,866,1458,784,674,82,90.53117783,53.77229081,67.46987952,2.77777778,122.22222222,1.58059846,174.44193491,19.13512237,782.75555556
nstdb,119e00,119,0,noise_only,360,10,9.76562500,3600,37.07885742,150,866,1457,784,673,82,90.53117783,53.80919698,67.49892381,2.77777778,122.22222222,1.56675846,173.44978864,19.18466478,782.75555556
nstdb,119e00,119,0,noise_only,360,11,4.88281250,3960,40.78674316,150,866,1457,783,674,83,90.41570439,53.74056280,67.41282824,2.77777778,122.22222222,1.55895128,172.97177724,19.20863532,782.75555556
nstdb,119e06,119,6,mixed_after_5min,100,6,156.25000000,600,6.17980957,75,1660,2439,1447,992,213,87.16867470,59.32759328,70.60258600,55.55555556,64.44444444,0.02923277,46.30660942,24.06582102,1505.15555556
nstdb,119e06,119,6,mixed_after_5min,100,7,78.12500000,700,7.20977783,75,1660,2456,1436,1020,224,86.50602410,58.46905537,69.77648202,56.11111111,63.88888889,0.02723963,25.64130366,29.19987864,1505.15555556
nstdb,119e06,119,6,mixed_after_5min,100,8,39.06250000,800,8.23974609,75,1660,2455,1440,1015,220,86.74698795,58.65580448,69.98784933,56.11111111,63.88888889,0.02657525,16.24045535,33.16671664,1505.15555556
nstdb,119e06,119,6,mixed_after_5min,100,9,19.53125000,900,9.26971436,75,1660,2451,1438,1013,222,86.62650602,58.66993064,69.95864753,56.11111111,64.44444444,0.02524649,12.72990142,35.28217987,1505.15555556
nstdb,119e06,119,6,mixed_after_5min,100,10,9.76562500,1000,10.29968262,75,1660,2455,1441,1014,219,86.80722892,58.69653768,70.03645200,56.11111111,64.44444444,0.02524649,11.63956557,36.05994525,1505.15555556
nstdb,119e06,119,6,mixed_after_5min,100,11,4.88281250,1100,11.32965088,75,1660,2464,1441,1023,219,86.80722892,58.48214286,69.88360815,56.66666667,64.44444444,0.02524649,11.31986724,36.30185401,1505.15555556
nstdb,119e06,119,6,mixed_after_5min,125,6,156.25000000,750,7.72476196,75,1660,2326,1495,831,165,90.06024096,64.27343078,75.01254390,3.00000000,54.44444444,0.02870127,46.26318971,24.07341397,1505.15555556
nstdb,119e06,119,6,mixed_after_5min,125,7,78.12500000,875,9.01222229,75,1660,2300,1491,809,169,89.81927711,64.82608696,75.30303030,3.00000000,54.50000000,0.02551224,25.67061714,29.18939924,1505.15555556
nstdb,119e06,119,6,mixed_after_5min,125,8,39.06250000,1000,10.29968262,75,1660,2313,1491,822,169,89.81927711,64.46173800,75.05663227,3.00000000,54.44444444,0.02444923,16.25505897,33.15835444,1505.15555556
nstdb,119e06,119,6,mixed_after_5min,125,9,19.53125000,1125,11.58714294,75,1660,2325,1494,831,166,90.00000000,64.25806452,74.98117942,3.00000000,54.55555556,0.02285471,12.77415499,35.25148180,1505.15555556
nstdb,119e06,119,6,mixed_after_5min,125,10,9.76562500,1250,12.87460327,75,1660,2318,1494,824,166,90.00000000,64.45211389,75.11312217,3.00000000,54.48333333,0.02285471,11.67993917,36.02931381,1505.15555556
nstdb,119e06,119,6,mixed_after_5min,125,11,4.88281250,1375,14.16206360,75,1660,2319,1495,824,165,90.06024096,64.46744286,75.14450867,3.00000000,54.47777778,0.02285471,11.36125412,36.26959995,1505.15555556
nstdb,119e06,119,6,mixed_after_5min,180,6,156.25000000,1080,11.12365723,75,1660,2185,1509,676,151,90.90361446,69.06178490,78.49154746,2.77777778,47.22222222,0.02842084,46.23988639,24.07593262,1505.15555556
nstdb,119e06,119,6,mixed_after_5min,180,7,78.12500000,1260,12.97760010,75,1660,2193,1511,682,149,91.02409639,68.90104879,78.43239035,2.77777778,47.22222222,0.02620622,25.67510247,29.18602408,1505.15555556
nstdb,119e06,119,6,mixed_after_5min,180,8,39.06250000,1440,14.83154297,75,1660,2193,1513,680,147,91.14457831,68.99224806,78.53620555,2.77777778,47.22222222,0.02436072,16.23941594,33.16485968,1505.15555556
nstdb,119e06,119,6,mixed_after_5min,180,9,19.53125000,1620,16.68548584,75,1660,2193,1509,684,151,90.90361446,68.80984952,78.32857514,2.77777778,47.22222222,0.02362251,12.74644859,35.26848382,1505.15555556
nstdb,119e06,119,6,mixed_after_5min,180,10,9.76562500,1800,18.53942871,75,1660,2189,1512,677,148,91.08433735,69.07263591,78.56586126,2.77777778,47.22222222,0.02325341,11.65190992,36.04832542,1505.15555556
nstdb,119e06,119,6,mixed_after_5min,180,11,4.88281250,1980,20.39337158,75,1660,2193,1512,681,148,91.08433735,68.94664843,78.48429795,2.77777778,47.22222222,0.02288431,11.33235614,36.28986349,1505.15555556
nstdb,119e06,119,6,mixed_after_5min,250,6,156.25000000,1500,15.44952393,75,1660,2092,1541,551,119,92.83132530,73.66156788,82.14285714,1.66666667,45.44444444,0.02923285,46.26902859,24.07034882,1505.15555556
nstdb,119e06,119,6,mixed_after_5min,250,7,78.12500000,1750,18.02444458,75,1660,2109,1532,577,128,92.28915663,72.64106211,81.29477315,1.66666667,45.55555556,0.02604381,25.66118339,29.19062284,1505.15555556
nstdb,119e06,119,6,mixed_after_5min,250,8,39.06250000,2000,20.59936523,75,1660,2104,1535,569,125,92.46987952,72.95627376,81.56216791,1.66666667,45.44444444,0.02498080,16.23101784,33.16924135,1505.15555556
nstdb,119e06,119,6,mixed_after_5min,250,9,19.53125000,2250,23.17428589,75,1660,2098,1535,563,125,92.46987952,73.16491897,81.69238957,1.66666667,45.44444444,0.02365203,12.74100284,35.27208420,1505.15555556
nstdb,119e06,119,6,mixed_after_5min,250,10,9.76562500,2500,25.74920654,75,1660,2104,1535,569,125,92.46987952,72.95627376,81.56216791,1.66666667,45.55555556,0.02365203,11.64525004,36.05318009,1505.15555556
nstdb,119e06,119,6,mixed_after_5min,250,11,4.88281250,2750,28.32412720,75,1660,2101,1534,567,126,92.40963855,73.01285102,81.57404945,1.66666667,45.44444444,0.02365203,11.32541139,36.29507672,1505.15555556
nstdb,119e06,119,6,mixed_after_5min,360,6,156.25000000,2160,22.24731445,75,1660,1974,1531,443,129,92.22891566,77.55825735,84.25976885,0.00000000,69.44444444,0.02878994,46.26250863,24.06910777,1505.15555556
nstdb,119e06,119,6,mixed_after_5min,360,7,78.12500000,2520,25.95520020,75,1660,1974,1522,452,138,91.68674699,77.10233029,83.76444689,0.00000000,72.22222222,0.02657533,25.65137777,29.19147742,1505.15555556
nstdb,119e06,119,6,mixed_after_5min,360,8,39.06250000,2880,29.66308594,75,1660,1960,1524,436,136,91.80722892,77.75510204,84.19889503,0.00000000,72.22222222,0.02491437,16.21105248,33.17746712,1505.15555556
nstdb,119e06,119,6,mixed_after_5min,360,9,19.53125000,3240,33.37097168,75,1660,1970,1523,447,137,91.74698795,77.30964467,83.91184573,0.00000000,69.44444444,0.02380706,12.72072527,35.28345389,1505.15555556
nstdb,119e06,119,6,mixed_after_5min,360,10,9.76562500,3600,37.07885742,75,1660,1971,1521,450,139,91.62650602,77.16894977,83.77857340,0.00000000,72.22222222,0.02343796,11.62162898,36.06835123,1505.15555556
nstdb,119e06,119,6,mixed_after_5min,360,11,4.88281250,3960,40.78674316,75,1660,1970,1522,448,138,91.68674699,77.25888325,83.85674931,0.00000000,72.22222222,0.02325341,11.30164268,36.31085991,1505.15555556
nstdb,119e06,119,6,mixed_after_5min,100,6,156.25000000,600,6.17980957,150,1660,2439,1568,871,92,94.45783133,64.28864289,76.50646499,56.66666667,92.02777778,0.02923277,46.30660942,24.06582102,1505.15555556
nstdb,119e06,119,6,mixed_after_5min,100,7,78.12500000,700,7.20977783,150,1660,2456,1566,890,94,94.33734940,63.76221498,76.09329446,57.22222222,94.44444444,0.02723963,25.64130366,29.19987864,1505.15555556
nstdb,119e06,119,6,mixed_after_5min,100,8,39.06250000,800,8.23974609,150,1660,2455,1567,888,93,94.39759036,63.82892057,76.16038882,57.22222222,93.88888889,0.02657525,16.24045535,33.16671664,1505.15555556
nstdb,119e06,119,6,mixed_after_5min,100,9,19.53125000,900,9.26971436,150,1660,2451,1568,883,92,94.45783133,63.97388821,76.28314279,57.22222222,94.44444444,0.02524649,12.72990142,35.28217987,1505.15555556
nstdb,119e06,119,6,mixed_after_5min,100,10,9.76562500,1000,10.29968262,150,1660,2455,1568,887,92,94.45783133,63.86965377,76.20899149,57.22222222,93.88888889,0.02524649,11.63956557,36.05994525,1505.15555556
nstdb,119e06,119,6,mixed_after_5min,100,11,4.88281250,1100,11.32965088,150,1660,2464,1571,893,89,94.63855422,63.75811688,76.18816683,57.22222222,95.00000000,0.02524649,11.31986724,36.30185401,1505.15555556
nstdb,119e06,119,6,mixed_after_5min,125,6,156.25000000,750,7.72476196,150,1660,2326,1598,728,62,96.26506024,68.70163371,80.18063221,3.33333333,86.47777778,0.02870127,46.26318971,24.07341397,1505.15555556
nstdb,119e06,119,6,mixed_after_5min,125,7,78.12500000,875,9.01222229,150,1660,2300,1592,708,68,95.90361446,69.21739130,80.40404040,3.33333333,85.56111111,0.02551224,25.67061714,29.18939924,1505.15555556
nstdb,119e06,119,6,mixed_after_5min,125,8,39.06250000,1000,10.29968262,150,1660,2313,1592,721,68,95.90361446,68.82836144,80.14095142,3.33333333,85.05000000,0.02444923,16.25505897,33.15835444,1505.15555556
nstdb,119e06,119,6,mixed_after_5min,125,9,19.53125000,1125,11.58714294,150,1660,2325,1592,733,68,95.90361446,68.47311828,79.89962359,3.33333333,84.21666667,0.02285471,12.77415499,35.25148180,1505.15555556
nstdb,119e06,119,6,mixed_after_5min,125,10,9.76562500,1250,12.87460327,150,1660,2318,1591,727,69,95.84337349,68.63675582,79.98994470,3.33333333,83.55555556,0.02285471,11.67993917,36.02931381,1505.15555556
nstdb,119e06,119,6,mixed_after_5min,125,11,4.88281250,1375,14.16206360,150,1660,2319,1593,726,67,95.96385542,68.69340233,80.07036944,3.33333333,84.15555556,0.02285471,11.36125412,36.26959995,1505.15555556
nstdb,119e06,119,6,mixed_after_5min,180,6,156.25000000,1080,11.12365723,150,1660,2185,1610,575,50,96.98795181,73.68421053,83.74512354,2.77777778,82.08333333,0.02842084,46.23988639,24.07593262,1505.15555556
nstdb,119e06,119,6,mixed_after_5min,180,7,78.12500000,1260,12.97760010,150,1660,2193,1614,579,46,97.22891566,73.59781122,83.77887360,2.77777778,83.33333333,0.02620622,25.67510247,29.18602408,1505.15555556
nstdb,119e06,119,6,mixed_after_5min,180,8,39.06250000,1440,14.83154297,150,1660,2193,1616,577,44,97.34939759,73.68901049,83.88268881,2.77777778,81.25000000,0.02436072,16.23941594,33.16485968,1505.15555556
nstdb,119e06,119,6,mixed_after_5min,180,9,19.53125000,1620,16.68548584,150,1660,2193,1613,580,47,97.16867470,73.55221158,83.72696600,2.77777778,83.33333333,0.02362251,12.74644859,35.26848382,1505.15555556
nstdb,119e06,119,6,mixed_after_5min,180,10,9.76562500,1800,18.53942871,150,1660,2189,1616,573,44,97.34939759,73.82366377,83.96986230,2.77777778,81.25000000,0.02325341,11.65190992,36.04832542,1505.15555556
nstdb,119e06,119,6,mixed_after_5min,180,11,4.88281250,1980,20.39337158,150,1660,2193,1613,580,47,97.16867470,73.55221158,83.72696600,2.77777778,80.55555556,0.02288431,11.33235614,36.28986349,1505.15555556
nstdb,119e06,119,6,mixed_after_5min,250,6,156.25000000,1500,15.44952393,150,1660,2092,1625,467,35,97.89156627,77.67686424,86.62046908,1.77777778,75.33333333,0.02923285,46.26902859,24.07034882,1505.15555556
nstdb,119e06,119,6,mixed_after_5min,250,7,78.12500000,1750,18.02444458,150,1660,2109,1622,487,38,97.71084337,76.90848743,86.07057575,1.77777778,76.22222222,0.02604381,25.66118339,29.19062284,1505.15555556
nstdb,119e06,119,6,mixed_after_5min,250,8,39.06250000,2000,20.59936523,150,1660,2104,1621,483,39,97.65060241,77.04372624,86.13177471,1.77777778,75.44444444,0.02498080,16.23101784,33.16924135,1505.15555556
nstdb,119e06,119,6,mixed_after_5min,250,9,19.53125000,2250,23.17428589,150,1660,2098,1624,474,36,97.83132530,77.40705434,86.42895157,1.77777778,75.87222222,0.02365203,12.74100284,35.27208420,1505.15555556
nstdb,119e06,119,6,mixed_after_5min,250,10,9.76562500,2500,25.74920654,150,1660,2104,1623,481,37,97.77108434,77.13878327,86.23804463,1.77777778,75.87777778,0.02365203,11.64525004,36.05318009,1505.15555556
nstdb,119e06,119,6,mixed_after_5min,250,11,4.88281250,2750,28.32412720,150,1660,2101,1623,478,37,97.77108434,77.24892908,86.30683329,1.77777778,76.18888889,0.02365203,11.32541139,36.29507672,1505.15555556
nstdb,119e06,119,6,mixed_after_5min,360,6,156.25000000,2160,22.24731445,150,1660,1974,1629,345,31,98.13253012,82.52279635,89.65327463,0.00000000,75.00000000,0.02878994,46.26250863,24.06910777,1505.15555556
nstdb,119e06,119,6,mixed_after_5min,360,7,78.12500000,2520,25.95520020,150,1660,1974,1631,343,29,98.25301205,82.62411348,89.76334618,0.00000000,75.00000000,0.02657533,25.65137777,29.19147742,1505.15555556
nstdb,119e06,119,6,mixed_after_5min,360,8,39.06250000,2880,29.66308594,150,1660,1960,1632,328,28,98.31325301,83.26530612,90.16574586,0.00000000,75.00000000,0.02491437,16.21105248,33.17746712,1505.15555556
nstdb,119e06,119,6,mixed_after_5min,360,9,19.53125000,3240,33.37097168,150,1660,1970,1632,338,28,98.31325301,82.84263959,89.91735537,0.00000000,75.00000000,0.02380706,12.72072527,35.28345389,1505.15555556
nstdb,119e06,119,6,mixed_after_5min,360,10,9.76562500,3600,37.07885742,150,1660,1971,1632,339,28,98.31325301,82.80060883,89.89259157,0.00000000,75.00000000,0.02343796,11.62162898,36.06835123,1505.15555556
nstdb,119e06,119,6,mixed_after_5min,360,11,4.88281250,3960,40.78674316,150,1660,1970,1632,338,28,98.31325301,82.84263959,89.91735537,0.00000000,75.00000000,0.02325341,11.30164268,36.31085991,1505.15555556
nstdb,119e06,119,6,noise_only,100,6,156.25000000,600,6.17980957,75,866,1521,665,856,201,76.78983834,43.72123603,55.71847507,44.44444444,66.00000000,0.05621135,48.63977410,25.35917431,782.75555556
nstdb,119e06,119,6,noise_only,100,7,78.12500000,700,7.20977783,75,866,1528,654,874,212,75.51963048,42.80104712,54.63659148,40.55555556,66.11111111,0.05237876,28.12543784,30.11701945,782.75555556
nstdb,119e06,119,6,noise_only,100,8,39.06250000,800,8.23974609,75,866,1535,658,877,208,75.98152425,42.86644951,54.81049563,40.55555556,65.63888889,0.05110123,19.73760281,33.19311719,782.75555556
nstdb,119e06,119,6,noise_only,100,9,19.53125000,900,9.26971436,75,866,1530,656,874,210,75.75057737,42.87581699,54.75792988,40.55555556,65.69444444,0.04854617,16.80379763,34.59085644,782.75555556
nstdb,119e06,119,6,noise_only,100,10,9.76562500,1000,10.29968262,75,866,1534,659,875,207,76.09699769,42.95958279,54.91666667,40.55555556,66.11111111,0.04854617,15.91192344,35.06455168,782.75555556
nstdb,119e06,119,6,noise_only,100,11,4.88281250,1100,11.32965088,75,866,1542,659,883,207,76.09699769,42.73670558,54.73421927,43.33333333,66.11111111,0.04854617,15.63854261,35.21507974,782.75555556
nstdb,119e06,119,6,noise_only,125,6,156.25000000,750,7.72476196,75,866,1474,712,762,154,82.21709007,48.30393487,60.85470085,3.77777778,55.44444444,0.05518933,48.58335134,25.36867636,782.75555556
nstdb,119e06,119,6,noise_only,125,7,78.12500000,875,9.01222229,75,866,1448,708,740,158,81.75519630,48.89502762,61.19273984,3.94444444,56.25555556,0.04905718,28.19262138,30.09571658,782.75555556
nstdb,119e06,119,6,noise_only,125,8,39.06250000,1000,10.29968262,75,866,1464,708,756,158,81.75519630,48.36065574,60.77253219,4.00000000,55.44444444,0.04701313,19.76954475,33.17849238,782.75555556
nstdb,119e06,119,6,noise_only,125,9,19.53125000,1125,11.58714294,75,866,1472,711,761,155,82.10161663,48.30163043,60.82121471,3.88888889,56.22222222,0.04394706,16.86627890,34.55804020,782.75555556
nstdb,119e06,119,6,noise_only,125,10,9.76562500,1250,12.87460327,75,866,1468,711,757,155,82.10161663,48.43324251,60.92544987,3.88888889,56.22222222,0.04394706,15.96935421,35.03267868,782.75555556
nstdb,119e06,119,6,noise_only,125,11,4.88281250,1375,14.16206360,75,866,1466,712,754,154,82.21709007,48.56753070,61.06346484,3.88888889,56.21111111,0.04394706,15.69593190,35.18268364,782.75555556
nstdb,119e06,119,6,noise_only,180,6,156.25000000,1080,11.12365723,75,866,1388,724,664,142,83.60277136,52.16138329,64.24134871,2.77777778,47.22222222,0.05465024,48.53953244,25.37478024,782.75555556
nstdb,119e06,119,6,noise_only,180,7,78.12500000,1260,12.97760010,75,866,1396,726,670,140,83.83371824,52.00573066,64.19098143,2.77777778,47.22222222,0.05039178,28.18470129,30.09642329,782.75555556
nstdb,119e06,119,6,noise_only,180,8,39.06250000,1440,14.83154297,75,866,1396,728,668,138,84.06466513,52.14899713,64.36781609,2.77777778,47.22222222,0.04684306,19.74040516,33.18957077,782.75555556
nstdb,119e06,119,6,noise_only,180,9,19.53125000,1620,16.68548584,75,866,1396,724,672,142,83.60277136,51.86246418,64.01414677,2.77777778,47.22222222,0.04542357,16.82781174,34.57613912,782.75555556
nstdb,119e06,119,6,noise_only,180,10,9.76562500,1800,18.53942871,75,866,1392,727,665,139,83.94919169,52.22701149,64.39326838,2.77777778,47.22222222,0.04471383,15.92892481,35.05296277,782.75555556
nstdb,119e06,119,6,noise_only,180,11,4.88281250,1980,20.39337158,75,866,1396,727,669,139,83.94919169,52.07736390,64.27939876,2.77777778,47.22222222,0.04400409,15.65618050,35.20297562,782.75555556
nstdb,119e06,119,6,noise_only,250,6,156.25000000,1500,15.44952393,75,866,1296,755,541,111,87.18244804,58.25617284,69.84273821,1.88888889,49.22222222,0.05621164,48.59420939,25.36486748,782.75555556
nstdb,119e06,119,6,noise_only,250,7,78.12500000,1750,18.02444458,75,866,1313,749,564,117,86.48960739,57.04493526,68.74713171,1.88888889,49.28888889,0.05007946,28.16400416,30.10266990,782.75555556
nstdb,119e06,119,6,noise_only,250,8,39.06250000,2000,20.59936523,75,866,1308,751,557,115,86.72055427,57.41590214,69.08923643,1.88888889,48.72222222,0.04803540,19.73365270,33.19240828,782.75555556
nstdb,119e06,119,6,noise_only,250,9,19.53125000,2250,23.17428589,75,866,1302,753,549,113,86.95150115,57.83410138,69.46494465,1.88888889,49.22222222,0.04548033,16.81788176,34.58113200,782.75555556
nstdb,119e06,119,6,noise_only,250,10,9.76562500,2500,25.74920654,75,866,1308,752,556,114,86.83602771,57.49235474,69.18123275,1.88888889,49.27222222,0.04548033,15.91986790,35.05776870,782.75555556
nstdb,119e06,119,6,noise_only,250,11,4.88281250,2750,28.32412720,75,866,1305,751,554,115,86.72055427,57.54789272,69.18470751,1.88888889,49.16666667,0.04548033,15.64618290,35.20838984,782.75555556
nstdb,119e06,119,6,noise_only,360,6,156.25000000,2160,22.24731445,75,866,1179,769,410,97,88.79907621,65.22476675,75.20782396,0.00000000,69.44444444,0.05535998,48.57393158,25.36628171,782.75555556
nstdb,119e06,119,6,noise_only,360,7,78.12500000,2520,25.95520020,75,866,1179,766,413,100,88.45265589,64.97031383,74.91442543,0.00000000,69.44444444,0.05110152,28.14349181,30.10678725,782.75555556
nstdb,119e06,119,6,noise_only,360,8,39.06250000,2880,29.66308594,75,866,1165,771,394,95,89.03002309,66.18025751,75.92319055,0.00000000,69.44444444,0.04790768,19.70067205,33.20472602,782.75555556
nstdb,119e06,119,6,noise_only,360,9,19.53125000,3240,33.37097168,75,866,1175,770,405,96,88.91454965,65.53191489,75.45320921,0.00000000,69.44444444,0.04577845,16.78838759,34.59416710,782.75555556
nstdb,119e06,119,6,noise_only,360,10,9.76562500,3600,37.07885742,75,866,1176,768,408,98,88.68360277,65.30612245,75.22037218,0.00000000,69.44444444,0.04506870,15.88658521,35.07373572,782.75555556
nstdb,119e06,119,6,noise_only,360,11,4.88281250,3960,40.78674316,75,866,1175,769,406,97,88.79907621,65.44680851,75.35521803,0.00000000,69.44444444,0.04471383,15.61330810,35.22444825,782.75555556
nstdb,119e06,119,6,noise_only,100,6,156.25000000,600,6.17980957,150,866,1521,773,748,93,89.26096998,50.82182774,64.76749057,51.66666667,125.33333333,0.05621135,48.63977410,25.35917431,782.75555556
nstdb,119e06,119,6,noise_only,100,7,78.12500000,700,7.20977783,150,866,1528,771,757,95,89.03002309,50.45811518,64.41102757,51.66666667,130.83333333,0.05237876,28.12543784,30.11701945,782.75555556
nstdb,119e06,119,6,noise_only,100,8,39.06250000,800,8.23974609,150,866,1535,772,763,94,89.14549654,50.29315961,64.30653894,51.66666667,128.58333333,0.05110123,19.73760281,33.19311719,782.75555556
nstdb,119e06,119,6,noise_only,100,9,19.53125000,900,9.26971436,150,866,1530,773,757,93,89.26096998,50.52287582,64.52420701,51.66666667,130.77777778,0.04854617,16.80379763,34.59085644,782.75555556
nstdb,119e06,119,6,noise_only,100,10,9.76562500,1000,10.29968262,150,866,1534,773,761,93,89.26096998,50.39113429,64.41666667,51.66666667,130.22222222,0.04854617,15.91192344,35.06455168,782.75555556
nstdb,119e06,119,6,noise_only,100,11,4.88281250,1100,11.32965088,150,866,1542,776,766,90,89.60739030,50.32425422,64.45182724,52.22222222,130.69444444,0.04854617,15.63854261,35.21507974,782.75555556
nstdb,119e06,119,6,noise_only,125,6,156.25000000,750,7.72476196,150,866,1474,803,671,63,92.72517321,54.47761194,68.63247863,4.77777778,120.28888889,0.05518933,48.58335134,25.36867636,782.75555556
nstdb,119e06,119,6,noise_only,125,7,78.12500000,875,9.01222229,150,866,1448,797,651,69,92.03233256,55.04143646,68.88504754,5.00000000,119.06666667,0.04905718,28.19262138,30.09571658,782.75555556
nstdb,119e06,119,6,noise_only,125,8,39.06250000,1000,10.29968262,150,866,1464,797,667,69,92.03233256,54.43989071,68.41201717,5.11111111,116.24444444,0.04701313,19.76954475,33.17849238,782.75555556
nstdb,119e06,119,6,noise_only,125,9,19.53125000,1125,11.58714294,150,866,1472,797,675,69,92.03233256,54.14402174,68.17792985,5.00000000,115.15555556,0.04394706,16.86627890,34.55804020,782.75555556
nstdb,119e06,119,6,noise_only,125,10,9.76562500,1250,12.87460327,150,866,1468,796,672,70,91.91685912,54.22343324,68.20908312,5.00000000,115.22222222,0.04394706,15.96935421,35.03267868,782.75555556
nstdb,119e06,119,6,noise_only,125,11,4.88281250,1375,14.16206360,150,866,1466,798,668,68,92.14780600,54.43383356,68.43910806,5.00000000,115.08888889,0.04394706,15.69593190,35.18268364,782.75555556
nstdb,119e06,119,6,noise_only,180,6,156.25000000,1080,11.12365723,150,866,1388,815,573,51,94.11085450,58.71757925,72.31588287,2.77777778,116.66666667,0.05465024,48.53953244,25.37478024,782.75555556
nstdb,119e06,119,6,noise_only,180,7,78.12500000,1260,12.97760010,150,866,1396,819,577,47,94.57274827,58.66762178,72.41379310,2.77777778,116.94444444,0.05039178,28.18470129,30.09642329,782.75555556
nstdb,119e06,119,6,noise_only,180,8,39.06250000,1440,14.83154297,150,866,1396,821,575,45,94.80369515,58.81088825,72.59062776,2.77777778,116.66666667,0.04684306,19.74040516,33.18957077,782.75555556
nstdb,119e06,119,6,noise_only,180,9,19.53125000,1620,16.68548584,150,866,1396,818,578,48,94.45727483,58.59598854,72.32537577,2.77777778,116.66666667,0.04542357,16.82781174,34.57613912,782.75555556
nstdb,119e06,119,6,noise_only,180,10,9.76562500,1800,18.53942871,150,866,1392,821,571,45,94.80369515,58.97988506,72.71922055,2.77777778,116.66666667,0.04471383,15.92892481,35.05296277,782.75555556
nstdb,119e06,119,6,noise_only,180,11,4.88281250,1980,20.39337158,150,866,1396,818,578,48,94.45727483,58.59598854,72.32537577,2.77777778,116.66666667,0.04400409,15.65618050,35.20297562,782.75555556
nstdb,119e06,119,6,noise_only,250,6,156.25000000,1500,15.44952393,150,866,1296,830,466,36,95.84295612,64.04320988,76.78075856,2.11111111,90.87222222,0.05621164,48.59420939,25.36486748,782.75555556
nstdb,119e06,119,6,noise_only,250,7,78.12500000,1750,18.02444458,150,866,1313,827,486,39,95.49653580,62.98552932,75.90637907,2.11111111,109.47777778,0.05007946,28.16400416,30.10266990,782.75555556
nstdb,119e06,119,6,noise_only,250,8,39.06250000,2000,20.59936523,150,866,1308,826,482,40,95.38106236,63.14984709,75.98896044,2.11111111,96.80555556,0.04803540,19.73365270,33.19240828,782.75555556
nstdb,119e06,119,6,noise_only,250,9,19.53125000,2250,23.17428589,150,866,1302,829,473,37,95.72748268,63.67127496,76.47601476,2.11111111,95.68888889,0.04548033,16.81788176,34.58113200,782.75555556
nstdb,119e06,119,6,noise_only,250,10,9.76562500,2500,25.74920654,150,866,1308,828,480,38,95.61200924,63.30275229,76.17295308,2.11111111,101.19444444,0.04548033,15.91986790,35.05776870,782.75555556
nstdb,119e06,119,6,noise_only,250,11,4.88281250,2750,28.32412720,150,866,1305,828,477,38,95.61200924,63.44827586,76.27821281,2.22222222,101.19444444,0.04548033,15.64618290,35.20838984,782.75555556
nstdb,119e06,119,6,noise_only,360,6,156.25000000,2160,22.24731445,150,866,1179,834,345,32,96.30484988,70.73791349,81.56479218,0.00000000,80.55555556,0.05535998,48.57393158,25.36628171,782.75555556
nstdb,119e06,119,6,noise_only,360,7,78.12500000,2520,25.95520020,150,866,1179,836,343,30,96.53579677,70.90754877,81.76039120,0.00000000,88.88888889,0.05110152,28.14349181,30.10678725,782.75555556
nstdb,119e06,119,6,noise_only,360,8,39.06250000,2880,29.66308594,150,866,1165,837,328,29,96.65127021,71.84549356,82.42245199,0.00000000,80.55555556,0.04790768,19.70067205,33.20472602,782.75555556
nstdb,119e06,119,6,noise_only,360,9,19.53125000,3240,33.37097168,150,866,1175,837,338,29,96.65127021,71.23404255,82.01861832,0.00000000,81.66666667,0.04577845,16.78838759,34.59416710,782.75555556
nstdb,119e06,119,6,noise_only,360,10,9.76562500,3600,37.07885742,150,866,1176,837,339,29,96.65127021,71.17346939,81.97845250,0.00000000,88.88888889,0.04506870,15.88658521,35.07373572,782.75555556
nstdb,119e06,119,6,noise_only,360,11,4.88281250,3960,40.78674316,150,866,1175,837,338,29,96.65127021,71.23404255,82.01861832,0.00000000,86.66666667,0.04471383,15.61330810,35.22444825,782.75555556
nstdb,119e12,119,12,mixed_after_5min,100,6,156.25000000,600,6.17980957,75,1660,2127,1538,589,122,92.65060241,72.30841561,81.22524426,57.22222222,64.44444444,0.00000000,44.40214153,22.19547591,1505.15555556
nstdb,119e12,119,12,mixed_after_5min,100,7,78.12500000,700,7.20977783,75,1660,2144,1529,615,131,92.10843373,71.31529851,80.38906414,57.22222222,63.88888889,0.00000000,22.61210735,28.05673347,1505.15555556
nstdb,119e12,119,12,mixed_after_5min,100,8,39.06250000,800,8.23974609,75,1660,2121,1532,589,128,92.28915663,72.23008015,81.03676276,57.22222222,63.88888889,0.00000000,11.29213546,34.08803266,1505.15555556
nstdb,119e12,119,12,mixed_after_5min,100,9,19.53125000,900,9.26971436,75,1660,2122,1532,590,128,92.28915663,72.19604147,81.01533580,57.22222222,64.44444444,0.00000000,5.63663015,40.12316346,1505.15555556
nstdb,119e12,119,12,mixed_after_5min,100,10,9.76562500,1000,10.29968262,75,1660,2130,1533,597,127,92.34939759,71.97183099,80.89709763,57.22222222,64.44444444,0.00000000,2.81265850,46.16121414,1505.15555556
nstdb,119e12,119,12,mixed_after_5min,100,11,4.88281250,1100,11.32965088,75,1660,2140,1530,610,130,92.16867470,71.49532710,80.52631579,57.77777778,64.44444444,0.00000000,1.41169549,52.14873368,1505.15555556
nstdb,119e12,119,12,mixed_after_5min,125,6,156.25000000,750,7.72476196,75,1660,1940,1569,371,91,94.51807229,80.87628866,87.16666667,2.66666667,54.44444444,0.00000000,44.39924304,22.19556093,1505.15555556
nstdb,119e12,119,12,mixed_after_5min,125,7,78.12500000,875,9.01222229,75,1660,1963,1566,397,94,94.33734940,79.77585329,86.44769528,2.66666667,54.44444444,0.00000000,22.61652090,28.05455628,1505.15555556
nstdb,119e12,119,12,mixed_after_5min,125,8,39.06250000,1000,10.29968262,75,1660,1973,1562,411,98,94.09638554,79.16877851,85.98954032,2.66666667,54.44444444,0.00000000,11.26926405,34.10516115,1505.15555556
nstdb,119e12,119,12,mixed_after_5min,125,9,19.53125000,1125,11.58714294,75,1660,1976,1560,416,100,93.97590361,78.94736842,85.80858086,2.66666667,54.44444444,0.00000000,5.63501638,40.12516858,1505.15555556
nstdb,119e12,119,12,mixed_after_5min,125,10,9.76562500,1250,12.87460327,75,1660,1973,1561,412,99,94.03614458,79.11809427,85.93448940,2.66666667,54.44444444,0.00000000,2.81564768,46.15150604,1505.15555556
nstdb,119e12,119,12,mixed_after_5min,125,11,4.88281250,1375,14.16206360,75,1660,1973,1562,411,98,94.09638554,79.16877851,85.98954032,2.66666667,54.43888889,0.00000000,1.41170486,52.14819405,1505.15555556
nstdb,119e12,119,12,mixed_after_5min,180,6,156.25000000,1080,11.12365723,75,1660,1806,1613,193,47,97.16867470,89.31339978,93.07559146,2.77777778,47.22222222,0.00000000,44.41088398,22.19122994,1505.15555556
nstdb,119e12,119,12,mixed_after_5min,180,7,78.12500000,1260,12.97760010,75,1660,1804,1613,191,47,97.16867470,89.41241685,93.12933025,2.77777778,47.22222222,0.00000000,22.61070790,28.05473510,1505.15555556
nstdb,119e12,119,12,mixed_after_5min,180,8,39.06250000,1440,14.83154297,75,1660,1814,1613,201,47,97.16867470,88.91951488,92.86125504,2.77777778,47.22222222,0.00000000,11.27831343,34.09613510,1505.15555556
nstdb,119e12,119,12,mixed_after_5min,180,9,19.53125000,1620,16.68548584,75,1660,1816,1610,206,50,96.98795181,88.65638767,92.63521289,2.77777778,47.22222222,0.00000000,5.63173667,40.12817150,1505.15555556
nstdb,119e12,119,12,mixed_after_5min,180,10,9.76562500,1800,18.53942871,75,1660,1808,1611,197,49,97.04819277,89.10398230,92.90657439,2.77777778,47.22222222,0.00000000,2.81869572,46.14005437,1505.15555556
nstdb,119e12,119,12,mixed_after_5min,180,11,4.88281250,1980,20.39337158,75,1660,1809,1611,198,49,97.04819277,89.05472637,92.87979245,2.77777778,47.22222222,0.00000000,1.40873680,52.16442112,1505.15555556
nstdb,119e12,119,12,mixed_after_5min,250,6,156.25000000,1500,15.44952393,75,1660,1740,1612,128,48,97.10843373,92.64367816,94.82352941,1.44444444,45.05000000,0.00000000,44.39870257,22.19356745,1505.15555556
nstdb,119e12,119,12,mixed_after_5min,250,7,78.12500000,1750,18.02444458,75,1660,1737,1610,127,50,96.98795181,92.68854347,94.78952016,1.44444444,44.88888889,0.00000000,22.60361820,28.05741377,1505.15555556
nstdb,119e12,119,12,mixed_after_5min,250,8,39.06250000,2000,20.59936523,75,1660,1741,1609,132,51,96.92771084,92.41815049,94.61922964,1.44444444,44.88888889,0.00000000,11.27516173,34.09851743,1505.15555556
nstdb,119e12,119,12,mixed_after_5min,250,9,19.53125000,2250,23.17428589,75,1660,1742,1606,136,54,96.74698795,92.19288175,94.41504997,1.44444444,44.88888889,0.00000000,5.63543809,40.12241937,1505.15555556
nstdb,119e12,119,12,mixed_after_5min,250,10,9.76562500,2500,25.74920654,75,1660,1740,1611,129,49,97.04819277,92.58620690,94.76470588,1.44444444,44.88888889,0.00000000,2.81800420,46.14214032,1505.15555556
nstdb,119e12,119,12,mixed_after_5min,250,11,4.88281250,2750,28.32412720,75,1660,1740,1611,129,49,97.04819277,92.58620690,94.76470588,1.44444444,44.88888889,0.00000000,1.41106875,52.15000957,1505.15555556
nstdb,119e12,119,12,mixed_after_5min,360,6,156.25000000,2160,22.24731445,75,1660,1686,1594,92,66,96.02409639,94.54329775,95.27794381,0.00000000,72.22222222,0.00000000,44.41331134,22.18773789,1505.15555556
nstdb,119e12,119,12,mixed_after_5min,360,7,78.12500000,2520,25.95520020,75,1660,1691,1592,99,68,95.90361446,94.14547605,95.01641301,0.00000000,72.22222222,0.00000000,22.59687855,28.05703195,1505.15555556
nstdb,119e12,119,12,mixed_after_5min,360,8,39.06250000,2880,29.66308594,75,1660,1690,1587,103,73,95.60240964,93.90532544,94.74626866,0.00000000,72.22222222,0.00000000,11.27586100,34.09500670,1505.15555556
nstdb,119e12,119,12,mixed_after_5min,360,9,19.53125000,3240,33.37097168,75,1660,1694,1587,107,73,95.60240964,93.68358914,94.63327370,0.00000000,69.44444444,0.00000000,5.63660360,40.11765110,1505.15555556
nstdb,119e12,119,12,mixed_after_5min,360,10,9.76562500,3600,37.07885742,75,1660,1690,1586,104,74,95.54216867,93.84615385,94.68656716,0.00000000,72.22222222,0.00000000,2.81800299,46.13917199,1505.15555556
nstdb,119e12,119,12,mixed_after_5min,360,11,4.88281250,3960,40.78674316,75,1660,1692,1586,106,74,95.54216867,93.73522459,94.63007160,0.00000000,72.22222222,0.00000000,1.40883865,52.16077581,1505.15555556
nstdb,119e12,119,12,mixed_after_5min,100,6,156.25000000,600,6.17980957,150,1660,2127,1618,509,42,97.46987952,76.06958157,85.45022445,57.22222222,74.44444444,0.00000000,44.40214153,22.19547591,1505.15555556
nstdb,119e12,119,12,mixed_after_5min,100,7,78.12500000,700,7.20977783,150,1660,2144,1617,527,43,97.40963855,75.41977612,85.01577287,57.77777778,82.33333333,0.00000000,22.61210735,28.05673347,1505.15555556
nstdb,119e12,119,12,mixed_after_5min,100,8,39.06250000,800,8.23974609,150,1660,2121,1614,507,46,97.22891566,76.09618105,85.37423962,57.77777778,75.58333333,0.00000000,11.29213546,34.08803266,1505.15555556
nstdb,119e12,119,12,mixed_after_5min,100,9,19.53125000,900,9.26971436,150,1660,2122,1617,505,43,97.40963855,76.20169651,85.51031200,57.77777778,78.11111111,0.00000000,5.63663015,40.12316346,1505.15555556
nstdb,119e12,119,12,mixed_after_5min,100,10,9.76562500,1000,10.29968262,150,1660,2130,1618,512,42,97.46987952,75.96244131,85.38258575,57.77777778,79.61111111,0.00000000,2.81265850,46.16121414,1505.15555556
nstdb,119e12,119,12,mixed_after_5min,100,11,4.88281250,1100,11.32965088,150,1660,2140,1616,524,44,97.34939759,75.51401869,85.05263158,57.77777778,80.83333333,0.00000000,1.41169549,52.14873368,1505.15555556
nstdb,119e12,119,12,mixed_after_5min,125,6,156.25000000,750,7.72476196,150,1660,1940,1637,303,23,98.61445783,84.38144330,90.94444444,2.88888889,58.22222222,0.00000000,44.39924304,22.19556093,1505.15555556
nstdb,119e12,119,12,mixed_after_5min,125,7,78.12500000,875,9.01222229,150,1660,1963,1638,325,22,98.67469880,83.44370861,90.42230196,2.88888889,59.84444444,0.00000000,22.61652090,28.05455628,1505.15555556
nstdb,119e12,119,12,mixed_after_5min,125,8,39.06250000,1000,10.29968262,150,1660,1973,1635,338,25,98.49397590,82.86872783,90.00825764,2.88888889,59.94444444,0.00000000,11.26926405,34.10516115,1505.15555556
nstdb,119e12,119,12,mixed_after_5min,125,9,19.53125000,1125,11.58714294,150,1660,1976,1631,345,29,98.25301205,82.54048583,89.71397140,2.88888889,58.88888889,0.00000000,5.63501638,40.12516858,1505.15555556
nstdb,119e12,119,12,mixed_after_5min,125,10,9.76562500,1250,12.87460327,150,1660,1973,1633,340,27,98.37349398,82.76735935,89.89815579,2.88888889,59.37777778,0.00000000,2.81564768,46.15150604,1505.15555556
nstdb,119e12,119,12,mixed_after_5min,125,11,4.88281250,1375,14.16206360,150,1660,1973,1632,341,28,98.31325301,82.71667511,89.84310487,2.88888889,58.42222222,0.00000000,1.41170486,52.14819405,1505.15555556
nstdb,119e12,119,12,mixed_after_5min,180,6,156.25000000,1080,11.12365723,150,1660,1806,1654,152,6,99.63855422,91.58361019,95.44143104,2.77777778,50.00000000,0.00000000,44.41088398,22.19122994,1505.15555556
nstdb,119e12,119,12,mixed_after_5min,180,7,78.12500000,1260,12.97760010,150,1660,1804,1653,151,7,99.57831325,91.62971175,95.43879908,2.77777778,47.22222222,0.00000000,22.61070790,28.05473510,1505.15555556
nstdb,119e12,119,12,mixed_after_5min,180,8,39.06250000,1440,14.83154297,150,1660,1814,1654,160,6,99.63855422,91.17971334,95.22164652,2.77777778,47.22222222,0.00000000,11.27831343,34.09613510,1505.15555556
nstdb,119e12,119,12,mixed_after_5min,180,9,19.53125000,1620,16.68548584,150,1660,1816,1652,164,8,99.51807229,90.96916300,95.05178366,2.77777778,48.47222222,0.00000000,5.63173667,40.12817150,1505.15555556
nstdb,119e12,119,12,mixed_after_5min,180,10,9.76562500,1800,18.53942871,150,1660,1808,1653,155,7,99.57831325,91.42699115,95.32871972,2.77777778,47.22222222,0.00000000,2.81869572,46.14005437,1505.15555556
nstdb,119e12,119,12,mixed_after_5min,180,11,4.88281250,1980,20.39337158,150,1660,1809,1653,156,7,99.57831325,91.37645108,95.30123955,2.77777778,47.22222222,0.00000000,1.40873680,52.16442112,1505.15555556
nstdb,119e12,119,12,mixed_after_5min,250,6,156.25000000,1500,15.44952393,150,1660,1740,1655,85,5,99.69879518,95.11494253,97.35294118,1.55555556,47.22222222,0.00000000,44.39870257,22.19356745,1505.15555556
nstdb,119e12,119,12,mixed_after_5min,250,7,78.12500000,1750,18.02444458,150,1660,1737,1654,83,6,99.63855422,95.22164652,97.38004121,1.55555556,46.52222222,0.00000000,22.60361820,28.05741377,1505.15555556
nstdb,119e12,119,12,mixed_after_5min,250,8,39.06250000,2000,20.59936523,150,1660,1741,1656,85,4,99.75903614,95.11774842,97.38312261,1.55555556,47.13888889,0.00000000,11.27516173,34.09851743,1505.15555556
nstdb,119e12,119,12,mixed_after_5min,250,9,19.53125000,2250,23.17428589,150,1660,1742,1655,87,5,99.69879518,95.00574053,97.29570841,1.55555556,47.14444444,0.00000000,5.63543809,40.12241937,1505.15555556
nstdb,119e12,119,12,mixed_after_5min,250,10,9.76562500,2500,25.74920654,150,1660,1740,1656,84,4,99.75903614,95.17241379,97.41176471,1.55555556,46.88888889,0.00000000,2.81800420,46.14214032,1505.15555556
nstdb,119e12,119,12,mixed_after_5min,250,11,4.88281250,2750,28.32412720,150,1660,1740,1656,84,4,99.75903614,95.17241379,97.41176471,1.55555556,46.88888889,0.00000000,1.41106875,52.15000957,1505.15555556
nstdb,119e12,119,12,mixed_after_5min,360,6,156.25000000,2160,22.24731445,150,1660,1686,1657,29,3,99.81927711,98.27995255,99.04363419,0.00000000,72.22222222,0.00000000,44.41331134,22.18773789,1505.15555556
nstdb,119e12,119,12,mixed_after_5min,360,7,78.12500000,2520,25.95520020,150,1660,1691,1657,34,3,99.81927711,97.98935541,98.89585198,0.00000000,75.00000000,0.00000000,22.59687855,28.05703195,1505.15555556
nstdb,119e12,119,12,mixed_after_5min,360,8,39.06250000,2880,29.66308594,150,1660,1690,1656,34,4,99.75903614,97.98816568,98.86567164,0.00000000,75.00000000,0.00000000,11.27586100,34.09500670,1505.15555556
nstdb,119e12,119,12,mixed_after_5min,360,9,19.53125000,3240,33.37097168,150,1660,1694,1656,38,4,99.75903614,97.75678867,98.74776386,0.00000000,72.91666667,0.00000000,5.63660360,40.11765110,1505.15555556
nstdb,119e12,119,12,mixed_after_5min,360,10,9.76562500,3600,37.07885742,150,1660,1690,1656,34,4,99.75903614,97.98816568,98.86567164,0.00000000,75.00000000,0.00000000,2.81800299,46.13917199,1505.15555556
nstdb,119e12,119,12,mixed_after_5min,360,11,4.88281250,3960,40.78674316,150,1660,1692,1656,36,4,99.75903614,97.87234043,98.80668258,0.00000000,75.00000000,0.00000000,1.40883865,52.16077581,1505.15555556
nstdb,119e12,119,12,noise_only,100,6,156.25000000,600,6.17980957,75,866,1214,756,458,110,87.29792148,62.27347611,72.69230769,55.00000000,65.55555556,0.00000000,45.07156545,22.84578352,782.75555556
nstdb,119e12,119,12,noise_only,100,7,78.12500000,700,7.20977783,75,866,1217,747,470,119,86.25866051,61.38044371,71.72347576,55.55555556,65.00000000,0.00000000,22.57264075,28.85218898,782.75555556
nstdb,119e12,119,12,noise_only,100,8,39.06250000,800,8.23974609,75,866,1207,750,457,116,86.60508083,62.13753107,72.35890014,55.55555556,65.55555556,0.00000000,11.28985904,34.87006598,782.75555556
nstdb,119e12,119,12,noise_only,100,9,19.53125000,900,9.26971436,75,866,1207,750,457,116,86.60508083,62.13753107,72.35890014,55.55555556,65.55555556,0.00000000,5.64416742,40.89183863,782.75555556
nstdb,119e12,119,12,noise_only,100,10,9.76562500,1000,10.29968262,75,866,1211,751,460,115,86.72055427,62.01486375,72.31584015,55.55555556,65.55555556,0.00000000,2.80982038,46.95026522,782.75555556
nstdb,119e12,119,12,noise_only,100,11,4.88281250,1100,11.32965088,75,866,1220,748,472,118,86.37413395,61.31147541,71.71620326,56.11111111,65.55555556,0.00000000,1.41325328,52.91943635,782.75555556
nstdb,119e12,119,12,noise_only,125,6,156.25000000,750,7.72476196,75,866,1100,786,314,80,90.76212471,71.45454545,79.95930824,2.88888889,55.19444444,0.00000000,45.09689200,22.84039556,782.75555556
nstdb,119e12,119,12,noise_only,125,7,78.12500000,875,9.01222229,75,866,1125,783,342,83,90.41570439,69.60000000,78.65394274,2.88888889,54.98888889,0.00000000,22.60500071,28.83923730,782.75555556
nstdb,119e12,119,12,noise_only,125,8,39.06250000,1000,10.29968262,75,866,1128,779,349,87,89.95381062,69.06028369,78.13440321,2.88888889,55.01111111,0.00000000,11.26268684,34.89048763,782.75555556
nstdb,119e12,119,12,noise_only,125,9,19.53125000,1125,11.58714294,75,866,1130,777,353,89,89.72286374,68.76106195,77.85571142,2.88888889,55.00000000,0.00000000,5.63361019,40.90759194,782.75555556
nstdb,119e12,119,12,noise_only,125,10,9.76562500,1250,12.87460327,75,866,1129,778,351,88,89.83833718,68.91054030,77.99498747,2.88888889,55.00000000,0.00000000,2.81934061,46.92037687,782.75555556
nstdb,119e12,119,12,noise_only,125,11,4.88281250,1375,14.16206360,75,866,1128,779,349,87,89.95381062,69.06028369,78.13440321,2.88888889,55.00000000,0.00000000,1.41103055,52.93259945,782.75555556
nstdb,119e12,119,12,noise_only,180,6,156.25000000,1080,11.12365723,75,866,1012,829,183,37,95.72748268,81.91699605,88.28541001,2.77777778,47.22222222,0.00000000,45.11196136,22.83554218,782.75555556
nstdb,119e12,119,12,noise_only,180,7,78.12500000,1260,12.97760010,75,866,1010,829,181,37,95.72748268,82.07920792,88.37953092,2.77777778,47.22222222,0.00000000,22.57313227,28.84953985,782.75555556
nstdb,119e12,119,12,noise_only,180,8,39.06250000,1440,14.83154297,75,866,1020,829,191,37,95.72748268,81.27450980,87.91092259,2.77777778,47.22222222,0.00000000,11.27881133,34.87610974,782.75555556
nstdb,119e12,119,12,noise_only,180,9,19.53125000,1620,16.68548584,75,866,1022,826,196,40,95.38106236,80.82191781,87.50000000,2.77777778,47.22222222,0.00000000,5.63446940,40.90431588,782.75555556
nstdb,119e12,119,12,noise_only,180,10,9.76562500,1800,18.53942871,75,866,1014,827,187,39,95.49653580,81.55818540,87.97872340,2.77777778,47.22222222,0.00000000,2.81695153,46.92578889,782.75555556
nstdb,119e12,119,12,noise_only,180,11,4.88281250,1980,20.39337158,75,866,1015,827,188,39,95.49653580,81.47783251,87.93195109,2.77777778,47.22222222,0.00000000,1.41054657,52.93362780,782.75555556
nstdb,119e12,119,12,noise_only,250,6,156.25000000,1500,15.44952393,75,866,945,827,118,39,95.49653580,87.51322751,91.33075649,1.55555556,45.41111111,0.00000000,45.09755838,22.83824755,782.75555556
nstdb,119e12,119,12,noise_only,250,7,78.12500000,1750,18.02444458,75,866,942,828,114,38,95.61200924,87.89808917,91.59292035,1.55555556,45.22222222,0.00000000,22.56447312,28.85280420,782.75555556
nstdb,119e12,119,12,noise_only,250,8,39.06250000,2000,20.59936523,75,866,946,827,119,39,95.49653580,87.42071882,91.28035320,1.55555556,45.22222222,0.00000000,11.27839134,34.87636494,782.75555556
nstdb,119e12,119,12,noise_only,250,9,19.53125000,2250,23.17428589,75,866,947,827,120,39,95.49653580,87.32840549,91.23000552,1.55555556,45.22222222,0.00000000,5.63460586,40.90403728,782.75555556
nstdb,119e12,119,12,noise_only,250,10,9.76562500,2500,25.74920654,75,866,945,829,116,37,95.72748268,87.72486772,91.55162893,1.55555556,45.22222222,0.00000000,2.81885366,46.91985753,782.75555556
nstdb,119e12,119,12,noise_only,250,11,4.88281250,2750,28.32412720,75,866,945,830,115,36,95.84295612,87.83068783,91.66206516,1.55555556,45.22222222,0.00000000,1.41132349,52.92877676,782.75555556
nstdb,119e12,119,12,noise_only,360,6,156.25000000,2160,22.24731445,75,866,892,834,58,32,96.30484988,93.49775785,94.88054608,0.00000000,69.44444444,0.00000000,45.11202378,22.83269992,782.75555556
nstdb,119e12,119,12,noise_only,360,7,78.12500000,2520,25.95520020,75,866,897,837,60,29,96.65127021,93.31103679,94.95178673,0.00000000,69.44444444,0.00000000,22.54850151,28.85619242,782.75555556
nstdb,119e12,119,12,noise_only,360,8,39.06250000,2880,29.66308594,75,866,896,837,59,29,96.65127021,93.41517857,95.00567537,0.00000000,69.44444444,0.00000000,11.28107837,34.87153381,782.75555556
nstdb,119e12,119,12,noise_only,360,9,19.53125000,3240,33.37097168,75,866,900,835,65,31,96.42032333,92.77777778,94.56398641,0.00000000,69.44444444,0.00000000,5.63789087,40.89621283,782.75555556
nstdb,119e12,119,12,noise_only,360,10,9.76562500,3600,37.07885742,75,866,896,835,61,31,96.42032333,93.19196429,94.77866061,0.00000000,69.44444444,0.00000000,2.81786484,46.92014296,782.75555556
nstdb,119e12,119,12,noise_only,360,11,4.88281250,3960,40.78674316,75,866,898,835,63,31,96.42032333,92.98440980,94.67120181,0.00000000,69.44444444,0.00000000,1.40965024,52.93631876,782.75555556
nstdb,119e12,119,12,noise_only,100,6,156.25000000,600,6.17980957,150,866,1214,824,390,42,95.15011547,67.87479407,79.23076923,56.11111111,93.63888889,0.00000000,45.07156545,22.84578352,782.75555556
nstdb,119e12,119,12,noise_only,100,7,78.12500000,700,7.20977783,150,866,1217,823,394,43,95.03464203,67.62530813,79.02064330,56.66666667,113.16666667,0.00000000,22.57264075,28.85218898,782.75555556
nstdb,119e12,119,12,noise_only,100,8,39.06250000,800,8.23974609,150,866,1207,820,387,46,94.68822171,67.93703397,79.11239749,56.66666667,102.16666667,0.00000000,11.28985904,34.87006598,782.75555556
nstdb,119e12,119,12,noise_only,100,9,19.53125000,900,9.26971436,150,866,1207,823,384,43,95.03464203,68.18558409,79.40183309,56.66666667,111.44444444,0.00000000,5.64416742,40.89183863,782.75555556
nstdb,119e12,119,12,noise_only,100,10,9.76562500,1000,10.29968262,150,866,1211,824,387,42,95.15011547,68.04293972,79.34520944,56.66666667,111.33333333,0.00000000,2.80982038,46.95026522,782.75555556
nstdb,119e12,119,12,noise_only,100,11,4.88281250,1100,11.32965088,150,866,1220,822,398,44,94.91916859,67.37704918,78.81112176,56.66666667,114.38888889,0.00000000,1.41325328,52.91943635,782.75555556
nstdb,119e12,119,12,noise_only,125,6,156.25000000,750,7.72476196,150,866,1100,843,257,23,97.34411085,76.63636364,85.75788403,3.11111111,90.62222222,0.00000000,45.09689200,22.84039556,782.75555556
nstdb,119e12,119,12,noise_only,125,7,78.12500000,875,9.01222229,150,866,1125,844,281,22,97.45958430,75.02222222,84.78151683,3.22222222,111.31666667,0.00000000,22.60500071,28.83923730,782.75555556
nstdb,119e12,119,12,noise_only,125,8,39.06250000,1000,10.29968262,150,866,1128,841,287,25,97.11316397,74.55673759,84.35305918,3.22222222,116.00000000,0.00000000,11.26268684,34.89048763,782.75555556
nstdb,119e12,119,12,noise_only,125,9,19.53125000,1125,11.58714294,150,866,1130,837,293,29,96.65127021,74.07079646,83.86773547,3.22222222,106.22222222,0.00000000,5.63361019,40.90759194,782.75555556
nstdb,119e12,119,12,noise_only,125,10,9.76562500,1250,12.87460327,150,866,1129,839,290,27,96.88221709,74.31355182,84.11027569,3.22222222,112.13333333,0.00000000,2.81934061,46.92037687,782.75555556
nstdb,119e12,119,12,noise_only,125,11,4.88281250,1375,14.16206360,150,866,1128,838,290,28,96.76674365,74.29078014,84.05215647,3.22222222,106.02777778,0.00000000,1.41103055,52.93259945,782.75555556
nstdb,119e12,119,12,noise_only,180,6,156.25000000,1080,11.12365723,150,866,1012,860,152,6,99.30715935,84.98023715,91.58679446,2.77777778,50.00000000,0.00000000,45.11196136,22.83554218,782.75555556
nstdb,119e12,119,12,noise_only,180,7,78.12500000,1260,12.97760010,150,866,1010,859,151,7,99.19168591,85.04950495,91.57782516,2.77777778,50.00000000,0.00000000,22.57313227,28.84953985,782.75555556
nstdb,119e12,119,12,noise_only,180,8,39.06250000,1440,14.83154297,150,866,1020,860,160,6,99.30715935,84.31372549,91.19830329,2.77777778,50.00000000,0.00000000,11.27881133,34.87610974,782.75555556
nstdb,119e12,119,12,noise_only,180,9,19.53125000,1620,16.68548584,150,866,1022,858,164,8,99.07621247,83.95303327,90.88983051,2.77777778,50.00000000,0.00000000,5.63446940,40.90431588,782.75555556
nstdb,119e12,119,12,noise_only,180,10,9.76562500,1800,18.53942871,150,866,1014,859,155,7,99.19168591,84.71400394,91.38297872,2.77777778,50.00000000,0.00000000,2.81695153,46.92578889,782.75555556
nstdb,119e12,119,12,noise_only,180,11,4.88281250,1980,20.39337158,150,866,1015,859,156,7,99.19168591,84.63054187,91.33439660,2.77777778,50.00000000,0.00000000,1.41054657,52.93362780,782.75555556
nstdb,119e12,119,12,noise_only,250,6,156.25000000,1500,15.44952393,150,866,945,861,84,5,99.42263279,91.11111111,95.08558807,1.55555556,71.66666667,0.00000000,45.09755838,22.83824755,782.75555556
nstdb,119e12,119,12,noise_only,250,7,78.12500000,1750,18.02444458,150,866,942,860,82,6,99.30715935,91.29511677,95.13274336,1.55555556,69.75000000,0.00000000,22.56447312,28.85280420,782.75555556
nstdb,119e12,119,12,noise_only,250,8,39.06250000,2000,20.59936523,150,866,946,862,84,4,99.53810624,91.12050740,95.14348786,1.55555556,72.53888889,0.00000000,11.27839134,34.87636494,782.75555556
nstdb,119e12,119,12,noise_only,250,9,19.53125000,2250,23.17428589,150,866,947,861,86,5,99.42263279,90.91869060,94.98069498,1.55555556,72.22222222,0.00000000,5.63460586,40.90403728,782.75555556
nstdb,119e12,119,12,noise_only,250,10,9.76562500,2500,25.74920654,150,866,945,862,83,4,99.53810624,91.21693122,95.19602430,1.55555556,72.08888889,0.00000000,2.81885366,46.91985753,782.75555556
nstdb,119e12,119,12,noise_only,250,11,4.88281250,2750,28.32412720,150,866,945,862,83,4,99.53810624,91.21693122,95.19602430,1.55555556,71.65000000,0.00000000,1.41132349,52.92877676,782.75555556
nstdb,119e12,119,12,noise_only,360,6,156.25000000,2160,22.24731445,150,866,892,863,29,3,99.65357968,96.74887892,98.17974972,0.00000000,72.22222222,0.00000000,45.11202378,22.83269992,782.75555556
nstdb,119e12,119,12,noise_only,360,7,78.12500000,2520,25.95520020,150,866,897,863,34,3,99.65357968,96.20958751,97.90130459,0.00000000,72.22222222,0.00000000,22.54850151,28.85619242,782.75555556
nstdb,119e12,119,12,noise_only,360,8,39.06250000,2880,29.66308594,150,866,896,862,34,4,99.53810624,96.20535714,97.84335982,0.00000000,72.22222222,0.00000000,11.28107837,34.87153381,782.75555556
nstdb,119e12,119,12,noise_only,360,9,19.53125000,3240,33.37097168,150,866,900,862,38,4,99.53810624,95.77777778,97.62174405,0.00000000,72.22222222,0.00000000,5.63789087,40.89621283,782.75555556
nstdb,119e12,119,12,noise_only,360,10,9.76562500,3600,37.07885742,150,866,896,862,34,4,99.53810624,96.20535714,97.84335982,0.00000000,72.22222222,0.00000000,2.81786484,46.92014296,782.75555556
nstdb,119e12,119,12,noise_only,360,11,4.88281250,3960,40.78674316,150,866,898,862,36,4,99.53810624,95.99109131,97.73242630,0.00000000,72.22222222,0.00000000,1.40965024,52.93631876,782.75555556
nstdb,119e18,119,18,mixed_after_5min,100,6,156.25000000,600,6.17980957,75,1660,1901,1612,289,48,97.10843373,84.79747501,90.53636619,57.77777778,64.44444444,0.00000000,44.45890109,21.38419472,1505.15555556
nstdb,119e18,119,18,mixed_after_5min,100,7,78.12500000,700,7.20977783,75,1660,1904,1605,299,55,96.68674699,84.29621849,90.06734007,57.77777778,64.33333333,0.00000000,22.60520576,27.25919991,1505.15555556
nstdb,119e18,119,18,mixed_after_5min,100,8,39.06250000,800,8.23974609,75,1660,1900,1608,292,52,96.86746988,84.63157895,90.33707865,57.77777778,63.88888889,0.00000000,11.29299600,33.28718571,1505.15555556
nstdb,119e18,119,18,mixed_after_5min,100,9,19.53125000,900,9.26971436,75,1660,1899,1606,293,54,96.74698795,84.57082675,90.25007024,57.77777778,63.88888889,0.00000000,5.63655898,39.32308809,1505.15555556
nstdb,119e18,119,18,mixed_after_5min,100,10,9.76562500,1000,10.29968262,75,1660,1915,1607,308,53,96.80722892,83.91644909,89.90209790,57.77777778,63.88888889,0.00000000,2.81869016,45.34242240,1505.15555556
nstdb,119e18,119,18,mixed_after_5min,100,11,4.88281250,1100,11.32965088,75,1660,1913,1606,307,54,96.74698795,83.95190800,89.89644556,57.77777778,64.30555556,0.00000000,1.40835646,51.36911737,1505.15555556
nstdb,119e18,119,18,mixed_after_5min,125,6,156.25000000,750,7.72476196,75,1660,1712,1628,84,32,98.07228916,95.09345794,96.55990510,2.55555556,53.96111111,0.00000000,44.46286372,21.38297703,1505.15555556
nstdb,119e18,119,18,mixed_after_5min,125,7,78.12500000,875,9.01222229,75,1660,1708,1628,80,32,98.07228916,95.31615925,96.67458432,2.44444444,53.77777778,0.00000000,22.61658336,27.25438569,1505.15555556
nstdb,119e18,119,18,mixed_after_5min,125,8,39.06250000,1000,10.29968262,75,1660,1714,1629,85,31,98.13253012,95.04084014,96.56194428,2.44444444,53.84444444,0.00000000,11.27661644,33.29934947,1505.15555556
nstdb,119e18,119,18,mixed_after_5min,125,9,19.53125000,1125,11.58714294,75,1660,1708,1630,78,30,98.19277108,95.43325527,96.79334917,2.44444444,53.77777778,0.00000000,5.63696686,39.32201601,1505.15555556
nstdb,119e18,119,18,mixed_after_5min,125,10,9.76562500,1250,12.87460327,75,1660,1702,1630,72,30,98.19277108,95.76968273,96.96609161,2.44444444,53.77777778,0.00000000,2.81641177,45.34900262,1505.15555556
nstdb,119e18,119,18,mixed_after_5min,125,11,4.88281250,1375,14.16206360,75,1660,1702,1630,72,30,98.19277108,95.76968273,96.96609161,2.44444444,53.72777778,0.00000000,1.40988098,51.35927659,1505.15555556
nstdb,119e18,119,18,mixed_after_5min,180,6,156.25000000,1080,11.12365723,75,1660,1660,1638,22,22,98.67469880,98.67469880,98.67469880,2.77777778,47.22222222,0.00000000,44.44690252,21.38394156,1505.15555556
nstdb,119e18,119,18,mixed_after_5min,180,7,78.12500000,1260,12.97760010,75,1660,1660,1639,21,21,98.73493976,98.73493976,98.73493976,2.77777778,47.22222222,0.00000000,22.61870434,27.25141710,1505.15555556
nstdb,119e18,119,18,mixed_after_5min,180,8,39.06250000,1440,14.83154297,75,1660,1660,1639,21,21,98.73493976,98.73493976,98.73493976,2.77777778,47.22222222,0.00000000,11.28163760,33.29332868,1505.15555556
nstdb,119e18,119,18,mixed_after_5min,180,9,19.53125000,1620,16.68548584,75,1660,1660,1638,22,22,98.67469880,98.67469880,98.67469880,2.77777778,47.22222222,0.00000000,5.63125774,39.32866347,1505.15555556
nstdb,119e18,119,18,mixed_after_5min,180,10,9.76562500,1800,18.53942871,75,1660,1660,1638,22,22,98.67469880,98.67469880,98.67469880,2.77777778,47.22222222,0.00000000,2.81805648,45.34177770,1505.15555556
nstdb,119e18,119,18,mixed_after_5min,180,11,4.88281250,1980,20.39337158,75,1660,1660,1638,22,22,98.67469880,98.67469880,98.67469880,2.77777778,47.22222222,0.00000000,1.40895481,51.36283030,1505.15555556
nstdb,119e18,119,18,mixed_after_5min,250,6,156.25000000,1500,15.44952393,75,1660,1659,1630,29,30,98.19277108,98.25195901,98.22235613,1.44444444,44.88888889,0.00000000,44.44947248,21.38342748,1505.15555556
nstdb,119e18,119,18,mixed_after_5min,250,7,78.12500000,1750,18.02444458,75,1660,1659,1627,32,33,98.01204819,98.07112719,98.04157879,1.44444444,44.77777778,0.00000000,22.61879367,27.25137092,1505.15555556
nstdb,119e18,119,18,mixed_after_5min,250,8,39.06250000,2000,20.59936523,75,1660,1659,1628,31,32,98.07228916,98.13140446,98.10183790,1.44444444,44.77777778,0.00000000,11.26981253,33.30242586,1505.15555556
nstdb,119e18,119,18,mixed_after_5min,250,9,19.53125000,2250,23.17428589,75,1660,1659,1623,36,37,97.77108434,97.83001808,97.80054233,1.44444444,44.77777778,0.00000000,5.63766518,39.31877410,1505.15555556
nstdb,119e18,119,18,mixed_after_5min,250,10,9.76562500,2500,25.74920654,75,1660,1659,1625,34,35,97.89156627,97.95057263,97.92106056,1.44444444,44.77777778,0.00000000,2.81933883,45.33781424,1505.15555556
nstdb,119e18,119,18,mixed_after_5min,250,11,4.88281250,2750,28.32412720,75,1660,1659,1623,36,37,97.77108434,97.83001808,97.80054233,1.44444444,44.77777778,0.00000000,1.40986153,51.35723047,1505.15555556
nstdb,119e18,119,18,mixed_after_5min,360,6,156.25000000,2160,22.24731445,75,1660,1660,1597,63,63,96.20481928,96.20481928,96.20481928,0.00000000,72.22222222,0.00000000,44.46146740,21.37785450,1505.15555556
nstdb,119e18,119,18,mixed_after_5min,360,7,78.12500000,2520,25.95520020,75,1660,1660,1593,67,67,95.96385542,95.96385542,95.96385542,0.00000000,72.22222222,0.00000000,22.60981393,27.25159058,1505.15555556
nstdb,119e18,119,18,mixed_after_5min,360,8,39.06250000,2880,29.66308594,75,1660,1660,1587,73,73,95.60240964,95.60240964,95.60240964,0.00000000,72.22222222,0.00000000,11.27871768,33.29233583,1505.15555556
nstdb,119e18,119,18,mixed_after_5min,360,9,19.53125000,3240,33.37097168,75,1660,1660,1587,73,73,95.60240964,95.60240964,95.60240964,0.00000000,72.22222222,0.00000000,5.63450510,39.32041482,1505.15555556
nstdb,119e18,119,18,mixed_after_5min,360,10,9.76562500,3600,37.07885742,75,1660,1660,1587,73,73,95.60240964,95.60240964,95.60240964,0.00000000,72.22222222,0.00000000,2.81756113,45.34006340,1505.15555556
nstdb,119e18,119,18,mixed_after_5min,360,11,4.88281250,3960,40.78674316,75,1660,1660,1586,74,74,95.54216867,95.54216867,95.54216867,0.00000000,72.22222222,0.00000000,1.40841774,51.36290063,1505.15555556
nstdb,119e18,119,18,mixed_after_5min,100,6,156.25000000,600,6.17980957,150,1660,1901,1648,253,12,99.27710843,86.69121515,92.55827015,57.77777778,65.00000000,0.00000000,44.45890109,21.38419472,1505.15555556
nstdb,119e18,119,18,mixed_after_5min,100,7,78.12500000,700,7.20977783,150,1660,1904,1641,263,19,98.85542169,86.18697479,92.08754209,58.33333333,65.00000000,0.00000000,22.60520576,27.25919991,1505.15555556
nstdb,119e18,119,18,mixed_after_5min,100,8,39.06250000,800,8.23974609,150,1660,1900,1645,255,15,99.09638554,86.57894737,92.41573034,57.77777778,64.44444444,0.00000000,11.29299600,33.28718571,1505.15555556
nstdb,119e18,119,18,mixed_after_5min,100,9,19.53125000,900,9.26971436,150,1660,1899,1643,256,17,98.97590361,86.51922064,92.32930598,57.77777778,65.00000000,0.00000000,5.63655898,39.32308809,1505.15555556
nstdb,119e18,119,18,mixed_after_5min,100,10,9.76562500,1000,10.29968262,150,1660,1915,1645,270,15,99.09638554,85.90078329,92.02797203,57.77777778,65.00000000,0.00000000,2.81869016,45.34242240,1505.15555556
nstdb,119e18,119,18,mixed_after_5min,100,11,4.88281250,1100,11.32965088,150,1660,1913,1644,269,16,99.03614458,85.93831678,92.02350966,57.77777778,65.00000000,0.00000000,1.40835646,51.36911737,1505.15555556
nstdb,119e18,119,18,mixed_after_5min,125,6,156.25000000,750,7.72476196,150,1660,1712,1658,54,2,99.87951807,96.84579439,98.33926453,2.55555556,54.88888889,0.00000000,44.46286372,21.38297703,1505.15555556
nstdb,119e18,119,18,mixed_after_5min,125,7,78.12500000,875,9.01222229,150,1660,1708,1659,49,1,99.93975904,97.13114754,98.51543943,2.55555556,54.78888889,0.00000000,22.61658336,27.25438569,1505.15555556
nstdb,119e18,119,18,mixed_after_5min,125,8,39.06250000,1000,10.29968262,150,1660,1714,1659,55,1,99.93975904,96.79113186,98.34024896,2.55555556,54.88888889,0.00000000,11.27661644,33.29934947,1505.15555556
nstdb,119e18,119,18,mixed_after_5min,125,9,19.53125000,1125,11.58714294,150,1660,1708,1659,49,1,99.93975904,97.13114754,98.51543943,2.55555556,54.67777778,0.00000000,5.63696686,39.32201601,1505.15555556
nstdb,119e18,119,18,mixed_after_5min,125,10,9.76562500,1250,12.87460327,150,1660,1702,1659,43,1,99.93975904,97.47356052,98.69125521,2.55555556,54.66666667,0.00000000,2.81641177,45.34900262,1505.15555556
nstdb,119e18,119,18,mixed_after_5min,125,11,4.88281250,1375,14.16206360,150,1660,1702,1659,43,1,99.93975904,97.47356052,98.69125521,2.55555556,54.66666667,0.00000000,1.40988098,51.35927659,1505.15555556
nstdb,119e18,119,18,mixed_after_5min,180,6,156.25000000,1080,11.12365723,150,1660,1660,1660,0,0,100.00000000,100.00000000,100.00000000,2.77777778,47.22222222,0.00000000,44.44690252,21.38394156,1505.15555556
nstdb,119e18,119,18,mixed_after_5min,180,7,78.12500000,1260,12.97760010,150,1660,1660,1660,0,0,100.00000000,100.00000000,100.00000000,2.77777778,47.22222222,0.00000000,22.61870434,27.25141710,1505.15555556
nstdb,119e18,119,18,mixed_after_5min,180,8,39.06250000,1440,14.83154297,150,1660,1660,1660,0,0,100.00000000,100.00000000,100.00000000,2.77777778,47.22222222,0.00000000,11.28163760,33.29332868,1505.15555556
nstdb,119e18,119,18,mixed_after_5min,180,9,19.53125000,1620,16.68548584,150,1660,1660,1660,0,0,100.00000000,100.00000000,100.00000000,2.77777778,47.22222222,0.00000000,5.63125774,39.32866347,1505.15555556
nstdb,119e18,119,18,mixed_after_5min,180,10,9.76562500,1800,18.53942871,150,1660,1660,1660,0,0,100.00000000,100.00000000,100.00000000,2.77777778,47.22222222,0.00000000,2.81805648,45.34177770,1505.15555556
nstdb,119e18,119,18,mixed_after_5min,180,11,4.88281250,1980,20.39337158,150,1660,1660,1660,0,0,100.00000000,100.00000000,100.00000000,2.77777778,47.22222222,0.00000000,1.40895481,51.36283030,1505.15555556
nstdb,119e18,119,18,mixed_after_5min,250,6,156.25000000,1500,15.44952393,150,1660,1659,1659,0,1,99.93975904,100.00000000,99.96987044,1.44444444,45.44444444,0.00000000,44.44947248,21.38342748,1505.15555556
nstdb,119e18,119,18,mixed_after_5min,250,7,78.12500000,1750,18.02444458,150,1660,1659,1659,0,1,99.93975904,100.00000000,99.96987044,1.44444444,45.44444444,0.00000000,22.61879367,27.25137092,1505.15555556
nstdb,119e18,119,18,mixed_after_5min,250,8,39.06250000,2000,20.59936523,150,1660,1659,1659,0,1,99.93975904,100.00000000,99.96987044,1.44444444,45.44444444,0.00000000,11.26981253,33.30242586,1505.15555556
nstdb,119e18,119,18,mixed_after_5min,250,9,19.53125000,2250,23.17428589,150,1660,1659,1659,0,1,99.93975904,100.00000000,99.96987044,1.44444444,45.55555556,0.00000000,5.63766518,39.31877410,1505.15555556
nstdb,119e18,119,18,mixed_after_5min,250,10,9.76562500,2500,25.74920654,150,1660,1659,1659,0,1,99.93975904,100.00000000,99.96987044,1.44444444,45.44444444,0.00000000,2.81933883,45.33781424,1505.15555556
nstdb,119e18,119,18,mixed_after_5min,250,11,4.88281250,2750,28.32412720,150,1660,1659,1659,0,1,99.93975904,100.00000000,99.96987044,1.44444444,45.55555556,0.00000000,1.40986153,51.35723047,1505.15555556
nstdb,119e18,119,18,mixed_after_5min,360,6,156.25000000,2160,22.24731445,150,1660,1660,1660,0,0,100.00000000,100.00000000,100.00000000,0.00000000,72.22222222,0.00000000,44.46146740,21.37785450,1505.15555556
nstdb,119e18,119,18,mixed_after_5min,360,7,78.12500000,2520,25.95520020,150,1660,1660,1660,0,0,100.00000000,100.00000000,100.00000000,0.00000000,75.00000000,0.00000000,22.60981393,27.25159058,1505.15555556
nstdb,119e18,119,18,mixed_after_5min,360,8,39.06250000,2880,29.66308594,150,1660,1660,1660,0,0,100.00000000,100.00000000,100.00000000,0.00000000,75.00000000,0.00000000,11.27871768,33.29233583,1505.15555556
nstdb,119e18,119,18,mixed_after_5min,360,9,19.53125000,3240,33.37097168,150,1660,1660,1660,0,0,100.00000000,100.00000000,100.00000000,0.00000000,75.00000000,0.00000000,5.63450510,39.32041482,1505.15555556
nstdb,119e18,119,18,mixed_after_5min,360,10,9.76562500,3600,37.07885742,150,1660,1660,1660,0,0,100.00000000,100.00000000,100.00000000,0.00000000,75.00000000,0.00000000,2.81756113,45.34006340,1505.15555556
nstdb,119e18,119,18,mixed_after_5min,360,11,4.88281250,3960,40.78674316,150,1660,1660,1660,0,0,100.00000000,100.00000000,100.00000000,0.00000000,75.00000000,0.00000000,1.40841774,51.36290063,1505.15555556
nstdb,119e18,119,18,noise_only,100,6,156.25000000,600,6.17980957,75,866,993,830,163,36,95.84295612,83.58509567,89.29532006,57.22222222,64.44444444,0.00000000,45.19499575,21.45820522,782.75555556
nstdb,119e18,119,18,noise_only,100,7,78.12500000,700,7.20977783,75,866,1000,823,177,43,95.03464203,82.30000000,88.21007503,57.22222222,65.00000000,0.00000000,22.54202037,27.50015546,782.75555556
nstdb,119e18,119,18,noise_only,100,8,39.06250000,800,8.23974609,75,866,1001,826,175,40,95.38106236,82.51748252,88.48419925,57.22222222,64.44444444,0.00000000,11.30044603,33.49810051,782.75555556
nstdb,119e18,119,18,noise_only,100,9,19.53125000,900,9.26971436,75,866,998,824,174,42,95.15011547,82.56513026,88.41201717,57.22222222,64.44444444,0.00000000,5.64234180,39.53082440,782.75555556
nstdb,119e18,119,18,noise_only,100,10,9.76562500,1000,10.29968262,75,866,1002,825,177,41,95.26558891,82.33532934,88.32976445,57.22222222,64.44444444,0.00000000,2.82048652,45.55353165,782.75555556
nstdb,119e18,119,18,noise_only,100,11,4.88281250,1100,11.32965088,75,866,1001,824,177,42,95.15011547,82.31768232,88.26995179,57.22222222,64.44444444,0.00000000,1.40742294,51.59151968,782.75555556
nstdb,119e18,119,18,noise_only,125,6,156.25000000,750,7.72476196,75,866,900,845,55,21,97.57505774,93.88888889,95.69648924,2.44444444,54.44444444,0.00000000,45.21924388,21.45308854,782.75555556
nstdb,119e18,119,18,noise_only,125,7,78.12500000,875,9.01222229,75,866,896,845,51,21,97.57505774,94.30803571,95.91373439,2.44444444,54.44444444,0.00000000,22.59604726,27.47890498,782.75555556
nstdb,119e18,119,18,noise_only,125,8,39.06250000,1000,10.29968262,75,866,903,846,57,20,97.69053118,93.68770764,95.64725834,2.44444444,54.44444444,0.00000000,11.27613660,33.51634789,782.75555556
nstdb,119e18,119,18,noise_only,125,9,19.53125000,1125,11.58714294,75,866,896,847,49,19,97.80600462,94.53125000,96.14074915,2.44444444,54.44444444,0.00000000,5.63732727,39.53808950,782.75555556
nstdb,119e18,119,18,noise_only,125,10,9.76562500,1250,12.87460327,75,866,891,847,44,19,97.80600462,95.06172840,96.41434263,2.44444444,54.34444444,0.00000000,2.81848322,45.55924538,782.75555556
nstdb,119e18,119,18,noise_only,125,11,4.88281250,1375,14.16206360,75,866,891,847,44,19,97.80600462,95.06172840,96.41434263,2.44444444,54.34444444,0.00000000,1.40746286,51.59081558,782.75555556
nstdb,119e18,119,18,noise_only,180,6,156.25000000,1080,11.12365723,75,866,866,854,12,12,98.61431871,98.61431871,98.61431871,2.77777778,47.22222222,0.00000000,45.18842559,21.45689825,782.75555556
nstdb,119e18,119,18,noise_only,180,7,78.12500000,1260,12.97760010,75,866,866,855,11,11,98.72979215,98.72979215,98.72979215,2.77777778,47.22222222,0.00000000,22.57849468,27.48354278,782.75555556
nstdb,119e18,119,18,noise_only,180,8,39.06250000,1440,14.83154297,75,866,866,855,11,11,98.72979215,98.72979215,98.72979215,2.77777778,47.22222222,0.00000000,11.28155225,33.51006527,782.75555556
nstdb,119e18,119,18,noise_only,180,9,19.53125000,1620,16.68548584,75,866,866,854,12,12,98.61431871,98.61431871,98.61431871,2.77777778,47.22222222,0.00000000,5.63566546,39.53853836,782.75555556
nstdb,119e18,119,18,noise_only,180,10,9.76562500,1800,18.53942871,75,866,866,854,12,12,98.61431871,98.61431871,98.61431871,2.77777778,47.22222222,0.00000000,2.81545276,45.56647756,782.75555556
nstdb,119e18,119,18,noise_only,180,11,4.88281250,1980,20.39337158,75,866,866,854,12,12,98.61431871,98.61431871,98.61431871,2.77777778,47.22222222,0.00000000,1.41151690,51.56372080,782.75555556
nstdb,119e18,119,18,noise_only,250,6,156.25000000,1500,15.44952393,75,866,865,846,19,20,97.69053118,97.80346821,97.74696707,1.44444444,45.11111111,0.00000000,45.19925268,21.45479419,782.75555556
nstdb,119e18,119,18,noise_only,250,7,78.12500000,1750,18.02444458,75,866,865,845,20,21,97.57505774,97.68786127,97.63142692,1.44444444,44.88888889,0.00000000,22.58175044,27.48226721,782.75555556
nstdb,119e18,119,18,noise_only,250,8,39.06250000,2000,20.59936523,75,866,865,847,18,19,97.80600462,97.91907514,97.86250722,1.44444444,44.88888889,0.00000000,11.26994366,33.51898438,782.75555556
nstdb,119e18,119,18,noise_only,250,9,19.53125000,2250,23.17428589,75,866,865,844,21,22,97.45958430,97.57225434,97.51588677,1.44444444,44.88888889,0.00000000,5.63944834,39.53268683,782.75555556
nstdb,119e18,119,18,noise_only,250,10,9.76562500,2500,25.74920654,75,866,865,843,22,23,97.34411085,97.45664740,97.40034662,1.44444444,44.88888889,0.00000000,2.81934919,45.55444189,782.75555556
nstdb,119e18,119,18,noise_only,250,11,4.88281250,2750,28.32412720,75,866,865,843,22,23,97.34411085,97.45664740,97.40034662,1.44444444,45.00000000,0.00000000,1.40888841,51.57988738,782.75555556
nstdb,119e18,119,18,noise_only,360,6,156.25000000,2160,22.24731445,75,866,866,837,29,29,96.65127021,96.65127021,96.65127021,0.00000000,72.22222222,0.00000000,45.20906317,21.44974908,782.75555556
nstdb,119e18,119,18,noise_only,360,7,78.12500000,2520,25.95520020,75,866,866,838,28,28,96.76674365,96.76674365,96.76674365,0.00000000,69.86111111,0.00000000,22.56309330,27.48628645,782.75555556
nstdb,119e18,119,18,noise_only,360,8,39.06250000,2880,29.66308594,75,866,866,837,29,29,96.65127021,96.65127021,96.65127021,0.00000000,70.00000000,0.00000000,11.28511744,33.50413757,782.75555556
nstdb,119e18,119,18,noise_only,360,9,19.53125000,3240,33.37097168,75,866,866,835,31,31,96.42032333,96.42032333,96.42032333,0.00000000,72.22222222,0.00000000,5.63425740,39.53752555,782.75555556
nstdb,119e18,119,18,noise_only,360,10,9.76562500,3600,37.07885742,75,866,866,836,30,30,96.53579677,96.53579677,96.53579677,0.00000000,72.22222222,0.00000000,2.81747563,45.55705587,782.75555556
nstdb,119e18,119,18,noise_only,360,11,4.88281250,3960,40.78674316,75,866,866,835,31,31,96.42032333,96.42032333,96.42032333,0.00000000,69.44444444,0.00000000,1.40887991,51.57677972,782.75555556
nstdb,119e18,119,18,noise_only,100,6,156.25000000,600,6.17980957,150,866,993,854,139,12,98.61431871,86.00201410,91.87735342,57.22222222,65.55555556,0.00000000,45.19499575,21.45820522,782.75555556
nstdb,119e18,119,18,noise_only,100,7,78.12500000,700,7.20977783,150,866,1000,847,153,19,97.80600462,84.70000000,90.78242229,57.77777778,66.11111111,0.00000000,22.54202037,27.50015546,782.75555556
nstdb,119e18,119,18,noise_only,100,8,39.06250000,800,8.23974609,150,866,1001,851,150,15,98.26789838,85.01498501,91.16229245,57.77777778,65.55555556,0.00000000,11.30044603,33.49810051,782.75555556
nstdb,119e18,119,18,noise_only,100,9,19.53125000,900,9.26971436,150,866,998,849,149,17,98.03695150,85.07014028,91.09442060,57.22222222,65.55555556,0.00000000,5.64234180,39.53082440,782.75555556
nstdb,119e18,119,18,noise_only,100,10,9.76562500,1000,10.29968262,150,866,1002,851,151,15,98.26789838,84.93013972,91.11349036,57.22222222,65.83333333,0.00000000,2.82048652,45.55353165,782.75555556
nstdb,119e18,119,18,noise_only,100,11,4.88281250,1100,11.32965088,150,866,1001,850,151,16,98.15242494,84.91508492,91.05516872,57.22222222,65.86111111,0.00000000,1.40742294,51.59151968,782.75555556
nstdb,119e18,119,18,noise_only,125,6,156.25000000,750,7.72476196,150,866,900,864,36,2,99.76905312,96.00000000,97.84824462,2.44444444,55.44444444,0.00000000,45.21924388,21.45308854,782.75555556
nstdb,119e18,119,18,noise_only,125,7,78.12500000,875,9.01222229,150,866,896,865,31,1,99.88452656,96.54017857,98.18388195,2.44444444,55.33333333,0.00000000,22.59604726,27.47890498,782.75555556
nstdb,119e18,119,18,noise_only,125,8,39.06250000,1000,10.29968262,150,866,903,865,38,1,99.88452656,95.79180509,97.79536461,2.44444444,55.31111111,0.00000000,11.27613660,33.51634789,782.75555556
nstdb,119e18,119,18,noise_only,125,9,19.53125000,1125,11.58714294,150,866,896,865,31,1,99.88452656,96.54017857,98.18388195,2.44444444,55.11111111,0.00000000,5.63732727,39.53808950,782.75555556
nstdb,119e18,119,18,noise_only,125,10,9.76562500,1250,12.87460327,150,866,891,865,26,1,99.88452656,97.08193042,98.46328970,2.44444444,55.11111111,0.00000000,2.81848322,45.55924538,782.75555556
nstdb,119e18,119,18,noise_only,125,11,4.88281250,1375,14.16206360,150,866,891,865,26,1,99.88452656,97.08193042,98.46328970,2.44444444,55.11111111,0.00000000,1.40746286,51.59081558,782.75555556
nstdb,119e18,119,18,noise_only,180,6,156.25000000,1080,11.12365723,150,866,866,866,0,0,100.00000000,100.00000000,100.00000000,2.77777778,47.22222222,0.00000000,45.18842559,21.45689825,782.75555556
nstdb,119e18,119,18,noise_only,180,7,78.12500000,1260,12.97760010,150,866,866,866,0,0,100.00000000,100.00000000,100.00000000,2.77777778,47.22222222,0.00000000,22.57849468,27.48354278,782.75555556
nstdb,119e18,119,18,noise_only,180,8,39.06250000,1440,14.83154297,150,866,866,866,0,0,100.00000000,100.00000000,100.00000000,2.77777778,47.22222222,0.00000000,11.28155225,33.51006527,782.75555556
nstdb,119e18,119,18,noise_only,180,9,19.53125000,1620,16.68548584,150,866,866,866,0,0,100.00000000,100.00000000,100.00000000,2.77777778,47.22222222,0.00000000,5.63566546,39.53853836,782.75555556
nstdb,119e18,119,18,noise_only,180,10,9.76562500,1800,18.53942871,150,866,866,866,0,0,100.00000000,100.00000000,100.00000000,2.77777778,47.22222222,0.00000000,2.81545276,45.56647756,782.75555556
nstdb,119e18,119,18,noise_only,180,11,4.88281250,1980,20.39337158,150,866,866,866,0,0,100.00000000,100.00000000,100.00000000,2.77777778,47.22222222,0.00000000,1.41151690,51.56372080,782.75555556
nstdb,119e18,119,18,noise_only,250,6,156.25000000,1500,15.44952393,150,866,865,865,0,1,99.88452656,100.00000000,99.94222992,1.44444444,47.04444444,0.00000000,45.19925268,21.45479419,782.75555556
nstdb,119e18,119,18,noise_only,250,7,78.12500000,1750,18.02444458,150,866,865,865,0,1,99.88452656,100.00000000,99.94222992,1.44444444,45.77777778,0.00000000,22.58175044,27.48226721,782.75555556
nstdb,119e18,119,18,noise_only,250,8,39.06250000,2000,20.59936523,150,866,865,865,0,1,99.88452656,100.00000000,99.94222992,1.44444444,45.55555556,0.00000000,11.26994366,33.51898438,782.75555556
nstdb,119e18,119,18,noise_only,250,9,19.53125000,2250,23.17428589,150,866,865,865,0,1,99.88452656,100.00000000,99.94222992,1.44444444,46.48888889,0.00000000,5.63944834,39.53268683,782.75555556
nstdb,119e18,119,18,noise_only,250,10,9.76562500,2500,25.74920654,150,866,865,865,0,1,99.88452656,100.00000000,99.94222992,1.44444444,46.51111111,0.00000000,2.81934919,45.55444189,782.75555556
nstdb,119e18,119,18,noise_only,250,11,4.88281250,2750,28.32412720,150,866,865,865,0,1,99.88452656,100.00000000,99.94222992,1.44444444,46.75555556,0.00000000,1.40888841,51.57988738,782.75555556
nstdb,119e18,119,18,noise_only,360,6,156.25000000,2160,22.24731445,150,866,866,866,0,0,100.00000000,100.00000000,100.00000000,0.00000000,72.22222222,0.00000000,45.20906317,21.44974908,782.75555556
nstdb,119e18,119,18,noise_only,360,7,78.12500000,2520,25.95520020,150,866,866,866,0,0,100.00000000,100.00000000,100.00000000,0.00000000,72.22222222,0.00000000,22.56309330,27.48628645,782.75555556
nstdb,119e18,119,18,noise_only,360,8,39.06250000,2880,29.66308594,150,866,866,866,0,0,100.00000000,100.00000000,100.00000000,0.00000000,72.22222222,0.00000000,11.28511744,33.50413757,782.75555556
nstdb,119e18,119,18,noise_only,360,9,19.53125000,3240,33.37097168,150,866,866,866,0,0,100.00000000,100.00000000,100.00000000,0.00000000,72.22222222,0.00000000,5.63425740,39.53752555,782.75555556
nstdb,119e18,119,18,noise_only,360,10,9.76562500,3600,37.07885742,150,866,866,866,0,0,100.00000000,100.00000000,100.00000000,0.00000000,72.22222222,0.00000000,2.81747563,45.55705587,782.75555556
nstdb,119e18,119,18,noise_only,360,11,4.88281250,3960,40.78674316,150,866,866,866,0,0,100.00000000,100.00000000,100.00000000,0.00000000,72.22222222,0.00000000,1.40887991,51.57677972,782.75555556
nstdb,119e24,119,24,mixed_after_5min,100,6,156.25000000,600,6.17980957,75,1660,1886,1628,258,32,98.07228916,86.32025451,91.82177101,57.77777778,63.88888889,0.00000000,44.36056264,21.17988242,1505.15555556
nstdb,119e24,119,24,mixed_after_5min,100,7,78.12500000,700,7.20977783,75,1660,1905,1630,275,30,98.19277108,85.56430446,91.44460028,57.77777778,63.88888889,0.00000000,22.59552501,27.03937460,1505.15555556
nstdb,119e24,119,24,mixed_after_5min,100,8,39.06250000,800,8.23974609,75,1660,1887,1629,258,31,98.13253012,86.32750397,91.85226952,58.33333333,63.88888889,0.00000000,11.28979170,33.06610476,1505.15555556
nstdb,119e24,119,24,mixed_after_5min,100,9,19.53125000,900,9.26971436,75,1660,1889,1630,259,30,98.19277108,86.28904182,91.85686109,57.77777778,63.88888889,0.00000000,5.63418920,39.10319481,1505.15555556
nstdb,119e24,119,24,mixed_after_5min,100,10,9.76562500,1000,10.29968262,75,1660,1891,1630,261,30,98.19277108,86.19777895,91.80512532,58.33333333,63.88888889,0.00000000,2.82018128,45.11428283,1505.15555556
nstdb,119e24,119,24,mixed_after_5min,100,11,4.88281250,1100,11.32965088,75,1660,1896,1630,266,30,98.19277108,85.97046414,91.67604049,58.33333333,63.88888889,0.00000000,1.41014549,51.13454491,1505.15555556
nstdb,119e24,119,24,mixed_after_5min,125,6,156.25000000,750,7.72476196,75,1660,1683,1635,48,25,98.49397590,97.14795009,97.81633264,2.44444444,53.92222222,0.00000000,44.35939050,21.17968134,1505.15555556
nstdb,119e24,119,24,mixed_after_5min,125,7,78.12500000,875,9.01222229,75,1660,1689,1634,55,26,98.43373494,96.74363529,97.58136757,2.44444444,53.66666667,0.00000000,22.59426205,27.03942952,1505.15555556
nstdb,119e24,119,24,mixed_after_5min,125,8,39.06250000,1000,10.29968262,75,1660,1683,1635,48,25,98.49397590,97.14795009,97.81633264,2.44444444,53.66666667,0.00000000,11.27972698,33.07342099,1505.15555556
nstdb,119e24,119,24,mixed_after_5min,125,9,19.53125000,1125,11.58714294,75,1660,1684,1635,49,25,98.49397590,97.09026128,97.78708134,2.44444444,53.70000000,0.00000000,5.63319663,39.10429453,1505.15555556
nstdb,119e24,119,24,mixed_after_5min,125,10,9.76562500,1250,12.87460327,75,1660,1683,1635,48,25,98.49397590,97.14795009,97.81633264,2.44444444,53.66666667,0.00000000,2.81488236,45.13018776,1505.15555556
nstdb,119e24,119,24,mixed_after_5min,125,11,4.88281250,1375,14.16206360,75,1660,1687,1635,52,25,98.49397590,96.91760522,97.69943233,2.44444444,53.66666667,0.00000000,1.41103031,51.12866592,1505.15555556
nstdb,119e24,119,24,mixed_after_5min,180,6,156.25000000,1080,11.12365723,75,1660,1660,1638,22,22,98.67469880,98.67469880,98.67469880,2.77777778,47.22222222,0.00000000,44.34687335,21.17994635,1505.15555556
nstdb,119e24,119,24,mixed_after_5min,180,7,78.12500000,1260,12.97760010,75,1660,1660,1638,22,22,98.67469880,98.67469880,98.67469880,2.77777778,47.22222222,0.00000000,22.60328130,27.03377666,1505.15555556
nstdb,119e24,119,24,mixed_after_5min,180,8,39.06250000,1440,14.83154297,75,1660,1660,1638,22,22,98.67469880,98.67469880,98.67469880,2.77777778,47.22222222,0.00000000,11.28124219,33.07006800,1505.15555556
nstdb,119e24,119,24,mixed_after_5min,180,9,19.53125000,1620,16.68548584,75,1660,1660,1638,22,22,98.67469880,98.67469880,98.67469880,2.77777778,47.22222222,0.00000000,5.63149775,39.10472815,1505.15555556
nstdb,119e24,119,24,mixed_after_5min,180,10,9.76562500,1800,18.53942871,75,1660,1660,1638,22,22,98.67469880,98.67469880,98.67469880,2.77777778,47.22222222,0.00000000,2.82232241,45.10507396,1505.15555556
nstdb,119e24,119,24,mixed_after_5min,180,11,4.88281250,1980,20.39337158,75,1660,1660,1638,22,22,98.67469880,98.67469880,98.67469880,2.77777778,47.22222222,0.00000000,1.40938395,51.13662004,1505.15555556
nstdb,119e24,119,24,mixed_after_5min,250,6,156.25000000,1500,15.44952393,75,1660,1660,1629,31,31,98.13253012,98.13253012,98.13253012,1.44444444,44.66666667,0.00000000,44.35395404,21.17855832,1505.15555556
nstdb,119e24,119,24,mixed_after_5min,250,7,78.12500000,1750,18.02444458,75,1660,1660,1633,27,27,98.37349398,98.37349398,98.37349398,1.44444444,44.66666667,0.00000000,22.59759155,27.03596207,1505.15555556
nstdb,119e24,119,24,mixed_after_5min,250,8,39.06250000,2000,20.59936523,75,1660,1660,1634,26,26,98.43373494,98.43373494,98.43373494,1.44444444,44.66666667,0.00000000,11.27736813,33.07305001,1505.15555556
nstdb,119e24,119,24,mixed_after_5min,250,9,19.53125000,2250,23.17428589,75,1660,1660,1631,29,29,98.25301205,98.25301205,98.25301205,1.44444444,44.77777778,0.00000000,5.63565440,39.09831811,1505.15555556
nstdb,119e24,119,24,mixed_after_5min,250,10,9.76562500,2500,25.74920654,75,1660,1660,1635,25,25,98.49397590,98.49397590,98.49397590,1.44444444,44.77777778,0.00000000,2.81814822,45.11792855,1505.15555556
nstdb,119e24,119,24,mixed_after_5min,250,11,4.88281250,2750,28.32412720,75,1660,1660,1633,27,27,98.37349398,98.37349398,98.37349398,1.44444444,44.71111111,0.00000000,1.41023679,51.13136436,1505.15555556
nstdb,119e24,119,24,mixed_after_5min,360,6,156.25000000,2160,22.24731445,75,1660,1660,1597,63,63,96.20481928,96.20481928,96.20481928,0.00000000,72.22222222,0.00000000,44.35074795,21.17587468,1505.15555556
nstdb,119e24,119,24,mixed_after_5min,360,7,78.12500000,2520,25.95520020,75,1660,1660,1591,69,69,95.84337349,95.84337349,95.84337349,0.00000000,72.22222222,0.00000000,22.59940522,27.03195346,1505.15555556
nstdb,119e24,119,24,mixed_after_5min,360,8,39.06250000,2880,29.66308594,75,1660,1660,1584,76,76,95.42168675,95.42168675,95.42168675,0.00000000,72.22222222,0.00000000,11.27634532,33.07052630,1505.15555556
nstdb,119e24,119,24,mixed_after_5min,360,9,19.53125000,3240,33.37097168,75,1660,1660,1587,73,73,95.60240964,95.60240964,95.60240964,0.00000000,72.22222222,0.00000000,5.63711902,39.09274956,1505.15555556
nstdb,119e24,119,24,mixed_after_5min,360,10,9.76562500,3600,37.07885742,75,1660,1660,1586,74,74,95.54216867,95.54216867,95.54216867,0.00000000,72.22222222,0.00000000,2.81931225,45.11103006,1505.15555556
nstdb,119e24,119,24,mixed_after_5min,360,11,4.88281250,3960,40.78674316,75,1660,1660,1585,75,75,95.48192771,95.48192771,95.48192771,0.00000000,72.22222222,0.00000000,1.40920693,51.13439823,1505.15555556
nstdb,119e24,119,24,mixed_after_5min,100,6,156.25000000,600,6.17980957,150,1660,1886,1657,229,3,99.81927711,87.85790032,93.45741681,57.77777778,64.44444444,0.00000000,44.36056264,21.17988242,1505.15555556
nstdb,119e24,119,24,mixed_after_5min,100,7,78.12500000,700,7.20977783,150,1660,1905,1657,248,3,99.81927711,86.98162730,92.95932679,58.33333333,63.88888889,0.00000000,22.59552501,27.03937460,1505.15555556
nstdb,119e24,119,24,mixed_after_5min,100,8,39.06250000,800,8.23974609,150,1660,1887,1656,231,4,99.75903614,87.75834658,93.37468283,58.33333333,64.44444444,0.00000000,11.28979170,33.06610476,1505.15555556
nstdb,119e24,119,24,mixed_after_5min,100,9,19.53125000,900,9.26971436,150,1660,1889,1657,232,3,99.81927711,87.71836951,93.37841646,58.33333333,64.44444444,0.00000000,5.63418920,39.10319481,1505.15555556
nstdb,119e24,119,24,mixed_after_5min,100,10,9.76562500,1000,10.29968262,150,1660,1891,1657,234,3,99.81927711,87.62559492,93.32582371,58.33333333,64.44444444,0.00000000,2.82018128,45.11428283,1505.15555556
nstdb,119e24,119,24,mixed_after_5min,100,11,4.88281250,1100,11.32965088,150,1660,1896,1657,239,3,99.81927711,87.39451477,93.19460067,58.33333333,64.44444444,0.00000000,1.41014549,51.13454491,1505.15555556
nstdb,119e24,119,24,mixed_after_5min,125,6,156.25000000,750,7.72476196,150,1660,1683,1660,23,0,100.00000000,98.63339275,99.31199521,2.55555556,54.67222222,0.00000000,44.35939050,21.17968134,1505.15555556
nstdb,119e24,119,24,mixed_after_5min,125,7,78.12500000,875,9.01222229,150,1660,1689,1660,29,0,100.00000000,98.28300770,99.13406987,2.55555556,54.56111111,0.00000000,22.59426205,27.03942952,1505.15555556
nstdb,119e24,119,24,mixed_after_5min,125,8,39.06250000,1000,10.29968262,150,1660,1683,1660,23,0,100.00000000,98.63339275,99.31199521,2.55555556,54.66666667,0.00000000,11.27972698,33.07342099,1505.15555556
nstdb,119e24,119,24,mixed_after_5min,125,9,19.53125000,1125,11.58714294,150,1660,1684,1660,24,0,100.00000000,98.57482185,99.28229665,2.55555556,54.66666667,0.00000000,5.63319663,39.10429453,1505.15555556
nstdb,119e24,119,24,mixed_after_5min,125,10,9.76562500,1250,12.87460327,150,1660,1683,1660,23,0,100.00000000,98.63339275,99.31199521,2.55555556,54.56111111,0.00000000,2.81488236,45.13018776,1505.15555556
nstdb,119e24,119,24,mixed_after_5min,125,11,4.88281250,1375,14.16206360,150,1660,1687,1660,27,0,100.00000000,98.39952579,99.19330744,2.55555556,54.56111111,0.00000000,1.41103031,51.12866592,1505.15555556
nstdb,119e24,119,24,mixed_after_5min,180,6,156.25000000,1080,11.12365723,150,1660,1660,1660,0,0,100.00000000,100.00000000,100.00000000,2.77777778,47.22222222,0.00000000,44.34687335,21.17994635,1505.15555556
nstdb,119e24,119,24,mixed_after_5min,180,7,78.12500000,1260,12.97760010,150,1660,1660,1660,0,0,100.00000000,100.00000000,100.00000000,2.77777778,47.22222222,0.00000000,22.60328130,27.03377666,1505.15555556
nstdb,119e24,119,24,mixed_after_5min,180,8,39.06250000,1440,14.83154297,150,1660,1660,1660,0,0,100.00000000,100.00000000,100.00000000,2.77777778,47.22222222,0.00000000,11.28124219,33.07006800,1505.15555556
nstdb,119e24,119,24,mixed_after_5min,180,9,19.53125000,1620,16.68548584,150,1660,1660,1660,0,0,100.00000000,100.00000000,100.00000000,2.77777778,47.22222222,0.00000000,5.63149775,39.10472815,1505.15555556
nstdb,119e24,119,24,mixed_after_5min,180,10,9.76562500,1800,18.53942871,150,1660,1660,1660,0,0,100.00000000,100.00000000,100.00000000,2.77777778,47.22222222,0.00000000,2.82232241,45.10507396,1505.15555556
nstdb,119e24,119,24,mixed_after_5min,180,11,4.88281250,1980,20.39337158,150,1660,1660,1660,0,0,100.00000000,100.00000000,100.00000000,2.77777778,47.22222222,0.00000000,1.40938395,51.13662004,1505.15555556
nstdb,119e24,119,24,mixed_after_5min,250,6,156.25000000,1500,15.44952393,150,1660,1660,1660,0,0,100.00000000,100.00000000,100.00000000,1.44444444,45.22222222,0.00000000,44.35395404,21.17855832,1505.15555556
nstdb,119e24,119,24,mixed_after_5min,250,7,78.12500000,1750,18.02444458,150,1660,1660,1660,0,0,100.00000000,100.00000000,100.00000000,1.44444444,45.11111111,0.00000000,22.59759155,27.03596207,1505.15555556
nstdb,119e24,119,24,mixed_after_5min,250,8,39.06250000,2000,20.59936523,150,1660,1660,1660,0,0,100.00000000,100.00000000,100.00000000,1.44444444,45.11111111,0.00000000,11.27736813,33.07305001,1505.15555556
nstdb,119e24,119,24,mixed_after_5min,250,9,19.53125000,2250,23.17428589,150,1660,1660,1660,0,0,100.00000000,100.00000000,100.00000000,1.44444444,45.11111111,0.00000000,5.63565440,39.09831811,1505.15555556
nstdb,119e24,119,24,mixed_after_5min,250,10,9.76562500,2500,25.74920654,150,1660,1660,1660,0,0,100.00000000,100.00000000,100.00000000,1.44444444,45.11111111,0.00000000,2.81814822,45.11792855,1505.15555556
nstdb,119e24,119,24,mixed_after_5min,250,11,4.88281250,2750,28.32412720,150,1660,1660,1660,0,0,100.00000000,100.00000000,100.00000000,1.44444444,45.11111111,0.00000000,1.41023679,51.13136436,1505.15555556
nstdb,119e24,119,24,mixed_after_5min,360,6,156.25000000,2160,22.24731445,150,1660,1660,1660,0,0,100.00000000,100.00000000,100.00000000,0.00000000,72.22222222,0.00000000,44.35074795,21.17587468,1505.15555556
nstdb,119e24,119,24,mixed_after_5min,360,7,78.12500000,2520,25.95520020,150,1660,1660,1660,0,0,100.00000000,100.00000000,100.00000000,0.00000000,75.00000000,0.00000000,22.59940522,27.03195346,1505.15555556
nstdb,119e24,119,24,mixed_after_5min,360,8,39.06250000,2880,29.66308594,150,1660,1660,1660,0,0,100.00000000,100.00000000,100.00000000,0.00000000,75.00000000,0.00000000,11.27634532,33.07052630,1505.15555556
nstdb,119e24,119,24,mixed_after_5min,360,9,19.53125000,3240,33.37097168,150,1660,1660,1660,0,0,100.00000000,100.00000000,100.00000000,0.00000000,75.00000000,0.00000000,5.63711902,39.09274956,1505.15555556
nstdb,119e24,119,24,mixed_after_5min,360,10,9.76562500,3600,37.07885742,150,1660,1660,1660,0,0,100.00000000,100.00000000,100.00000000,0.00000000,75.00000000,0.00000000,2.81931225,45.11103006,1505.15555556
nstdb,119e24,119,24,mixed_after_5min,360,11,4.88281250,3960,40.78674316,150,1660,1660,1660,0,0,100.00000000,100.00000000,100.00000000,0.00000000,75.00000000,0.00000000,1.40920693,51.13439823,1505.15555556
nstdb,119e24,119,24,noise_only,100,6,156.25000000,600,6.17980957,75,866,978,845,133,21,97.57505774,86.40081800,91.64859002,57.77777778,64.44444444,0.00000000,45.01997449,21.07467801,782.75555556
nstdb,119e24,119,24,noise_only,100,7,78.12500000,700,7.20977783,75,866,986,848,138,18,97.92147806,86.00405680,91.57667387,57.77777778,63.88888889,0.00000000,22.52667139,27.08884242,782.75555556
nstdb,119e24,119,24,noise_only,100,8,39.06250000,800,8.23974609,75,866,981,847,134,19,97.80600462,86.34046891,91.71629670,57.77777778,63.88888889,0.00000000,11.29462783,33.08534440,782.75555556
nstdb,119e24,119,24,noise_only,100,9,19.53125000,900,9.26971436,75,866,979,848,131,18,97.92147806,86.61899898,91.92411924,57.77777778,63.88888889,0.00000000,5.63618375,39.12308003,782.75555556
nstdb,119e24,119,24,noise_only,100,10,9.76562500,1000,10.29968262,75,866,978,848,130,18,97.92147806,86.70756646,91.97396963,57.77777778,63.88888889,0.00000000,2.81988787,45.13814610,782.75555556
nstdb,119e24,119,24,noise_only,100,11,4.88281250,1100,11.32965088,75,866,980,848,132,18,97.92147806,86.53061224,91.87432286,57.77777778,63.88888889,0.00000000,1.41155166,51.14884735,782.75555556
nstdb,119e24,119,24,noise_only,125,6,156.25000000,750,7.72476196,75,866,871,852,19,14,98.38337182,97.81859931,98.10017271,2.44444444,54.44444444,0.00000000,45.04501246,21.06941028,782.75555556
nstdb,119e24,119,24,noise_only,125,7,78.12500000,875,9.01222229,75,866,877,851,26,15,98.26789838,97.03534778,97.64773379,2.33333333,53.72222222,0.00000000,22.55013748,27.07936063,782.75555556
nstdb,119e24,119,24,noise_only,125,8,39.06250000,1000,10.29968262,75,866,872,852,20,14,98.38337182,97.70642202,98.04372842,2.33333333,53.66666667,0.00000000,11.27899660,33.09693519,782.75555556
nstdb,119e24,119,24,noise_only,125,9,19.53125000,1125,11.58714294,75,866,872,852,20,14,98.38337182,97.70642202,98.04372842,2.33333333,53.77777778,0.00000000,5.63007845,39.13205558,782.75555556
nstdb,119e24,119,24,noise_only,125,10,9.76562500,1250,12.87460327,75,866,872,852,20,14,98.38337182,97.70642202,98.04372842,2.33333333,53.71666667,0.00000000,2.81728309,45.14573472,782.75555556
nstdb,119e24,119,24,noise_only,125,11,4.88281250,1375,14.16206360,75,866,876,852,24,14,98.38337182,97.26027397,97.81859931,2.33333333,53.71666667,0.00000000,1.40963759,51.16019508,782.75555556
nstdb,119e24,119,24,noise_only,180,6,156.25000000,1080,11.12365723,75,866,866,854,12,12,98.61431871,98.61431871,98.61431871,2.77777778,47.22222222,0.00000000,45.01653096,21.07272868,782.75555556
nstdb,119e24,119,24,noise_only,180,7,78.12500000,1260,12.97760010,75,866,866,854,12,12,98.61431871,98.61431871,98.61431871,2.77777778,47.22222222,0.00000000,22.54553999,27.07895634,782.75555556
nstdb,119e24,119,24,noise_only,180,8,39.06250000,1440,14.83154297,75,866,866,854,12,12,98.61431871,98.61431871,98.61431871,2.77777778,47.22222222,0.00000000,11.28188347,33.09253697,782.75555556
nstdb,119e24,119,24,noise_only,180,9,19.53125000,1620,16.68548584,75,866,866,854,12,12,98.61431871,98.61431871,98.61431871,2.77777778,47.22222222,0.00000000,5.63396257,39.12389002,782.75555556
nstdb,119e24,119,24,noise_only,180,10,9.76562500,1800,18.53942871,75,866,866,854,12,12,98.61431871,98.61431871,98.61431871,2.77777778,47.22222222,0.00000000,2.82489097,45.12013535,782.75555556
nstdb,119e24,119,24,noise_only,180,11,4.88281250,1980,20.39337158,75,866,866,854,12,12,98.61431871,98.61431871,98.61431871,2.77777778,47.22222222,0.00000000,1.41134142,51.14752741,782.75555556
nstdb,119e24,119,24,noise_only,250,6,156.25000000,1500,15.44952393,75,866,866,845,21,21,97.57505774,97.57505774,97.57505774,1.33333333,44.55555556,0.00000000,45.03269111,21.06960385,782.75555556
nstdb,119e24,119,24,noise_only,250,7,78.12500000,1750,18.02444458,75,866,866,851,15,15,98.26789838,98.26789838,98.26789838,1.44444444,44.55555556,0.00000000,22.53997166,27.08109455,782.75555556
nstdb,119e24,119,24,noise_only,250,8,39.06250000,2000,20.59936523,75,866,866,853,13,13,98.49884527,98.49884527,98.49884527,1.44444444,44.55555556,0.00000000,11.28225421,33.09224425,782.75555556
nstdb,119e24,119,24,noise_only,250,9,19.53125000,2250,23.17428589,75,866,866,852,14,14,98.38337182,98.38337182,98.38337182,1.33333333,44.71666667,0.00000000,5.63535367,39.12173832,782.75555556
nstdb,119e24,119,24,noise_only,250,10,9.76562500,2500,25.74920654,75,866,866,853,13,13,98.49884527,98.49884527,98.49884527,1.33333333,44.71111111,0.00000000,2.81854935,45.13964900,782.75555556
nstdb,119e24,119,24,noise_only,250,11,4.88281250,2750,28.32412720,75,866,866,853,13,13,98.49884527,98.49884527,98.49884527,1.33333333,44.71111111,0.00000000,1.40988499,51.15648813,782.75555556
nstdb,119e24,119,24,noise_only,360,6,156.25000000,2160,22.24731445,75,866,866,836,30,30,96.53579677,96.53579677,96.53579677,0.00000000,72.22222222,0.00000000,45.01421294,21.06985599,782.75555556
nstdb,119e24,119,24,noise_only,360,7,78.12500000,2520,25.95520020,75,866,866,836,30,30,96.53579677,96.53579677,96.53579677,0.00000000,72.22222222,0.00000000,22.54044508,27.07759946,782.75555556
nstdb,119e24,119,24,noise_only,360,8,39.06250000,2880,29.66308594,75,866,866,834,32,32,96.30484988,96.30484988,96.30484988,0.00000000,72.22222222,0.00000000,11.27905444,33.09139535,782.75555556
nstdb,119e24,119,24,noise_only,360,9,19.53125000,3240,33.37097168,75,866,866,835,31,31,96.42032333,96.42032333,96.42032333,0.00000000,72.22222222,0.00000000,5.63844334,39.11366479,782.75555556
nstdb,119e24,119,24,noise_only,360,10,9.76562500,3600,37.07885742,75,866,866,835,31,31,96.42032333,96.42032333,96.42032333,0.00000000,72.22222222,0.00000000,2.82110325,45.12846959,782.75555556
nstdb,119e24,119,24,noise_only,360,11,4.88281250,3960,40.78674316,75,866,866,834,32,32,96.30484988,96.30484988,96.30484988,0.00000000,72.22222222,0.00000000,1.41029098,51.15067464,782.75555556
nstdb,119e24,119,24,noise_only,100,6,156.25000000,600,6.17980957,150,866,978,862,116,4,99.53810624,88.13905930,93.49240781,57.77777778,64.97222222,0.00000000,45.01997449,21.07467801,782.75555556
nstdb,119e24,119,24,noise_only,100,7,78.12500000,700,7.20977783,150,866,986,863,123,3,99.65357968,87.52535497,93.19654428,57.77777778,64.44444444,0.00000000,22.52667139,27.08884242,782.75555556
nstdb,119e24,119,24,noise_only,100,8,39.06250000,800,8.23974609,150,866,981,862,119,4,99.53810624,87.86952090,93.34055225,57.77777778,64.44444444,0.00000000,11.29462783,33.08534440,782.75555556
nstdb,119e24,119,24,noise_only,100,9,19.53125000,900,9.26971436,150,866,979,863,116,3,99.65357968,88.15117467,93.55013550,57.77777778,64.44444444,0.00000000,5.63618375,39.12308003,782.75555556
nstdb,119e24,119,24,noise_only,100,10,9.76562500,1000,10.29968262,150,866,978,863,115,3,99.65357968,88.24130879,93.60086768,57.77777778,64.44444444,0.00000000,2.81988787,45.13814610,782.75555556
nstdb,119e24,119,24,noise_only,100,11,4.88281250,1100,11.32965088,150,866,980,863,117,3,99.65357968,88.06122449,93.49945829,57.77777778,64.44444444,0.00000000,1.41155166,51.14884735,782.75555556
nstdb,119e24,119,24,noise_only,125,6,156.25000000,750,7.72476196,150,866,871,866,5,0,100.00000000,99.42594719,99.71214738,2.44444444,54.88888889,0.00000000,45.04501246,21.06941028,782.75555556
nstdb,119e24,119,24,noise_only,125,7,78.12500000,875,9.01222229,150,866,877,866,11,0,100.00000000,98.74572406,99.36890419,2.44444444,54.88888889,0.00000000,22.55013748,27.07936063,782.75555556
nstdb,119e24,119,24,noise_only,125,8,39.06250000,1000,10.29968262,150,866,872,866,6,0,100.00000000,99.31192661,99.65477560,2.44444444,54.88888889,0.00000000,11.27899660,33.09693519,782.75555556
nstdb,119e24,119,24,noise_only,125,9,19.53125000,1125,11.58714294,150,866,872,866,6,0,100.00000000,99.31192661,99.65477560,2.44444444,54.88888889,0.00000000,5.63007845,39.13205558,782.75555556
nstdb,119e24,119,24,noise_only,125,10,9.76562500,1250,12.87460327,150,866,872,866,6,0,100.00000000,99.31192661,99.65477560,2.44444444,54.88888889,0.00000000,2.81728309,45.14573472,782.75555556
nstdb,119e24,119,24,noise_only,125,11,4.88281250,1375,14.16206360,150,866,876,866,10,0,100.00000000,98.85844749,99.42594719,2.44444444,54.88888889,0.00000000,1.40963759,51.16019508,782.75555556
nstdb,119e24,119,24,noise_only,180,6,156.25000000,1080,11.12365723,150,866,866,866,0,0,100.00000000,100.00000000,100.00000000,2.77777778,47.22222222,0.00000000,45.01653096,21.07272868,782.75555556
nstdb,119e24,119,24,noise_only,180,7,78.12500000,1260,12.97760010,150,866,866,866,0,0,100.00000000,100.00000000,100.00000000,2.77777778,47.22222222,0.00000000,22.54553999,27.07895634,782.75555556
nstdb,119e24,119,24,noise_only,180,8,39.06250000,1440,14.83154297,150,866,866,866,0,0,100.00000000,100.00000000,100.00000000,2.77777778,47.22222222,0.00000000,11.28188347,33.09253697,782.75555556
nstdb,119e24,119,24,noise_only,180,9,19.53125000,1620,16.68548584,150,866,866,866,0,0,100.00000000,100.00000000,100.00000000,2.77777778,47.22222222,0.00000000,5.63396257,39.12389002,782.75555556
nstdb,119e24,119,24,noise_only,180,10,9.76562500,1800,18.53942871,150,866,866,866,0,0,100.00000000,100.00000000,100.00000000,2.77777778,47.22222222,0.00000000,2.82489097,45.12013535,782.75555556
nstdb,119e24,119,24,noise_only,180,11,4.88281250,1980,20.39337158,150,866,866,866,0,0,100.00000000,100.00000000,100.00000000,2.77777778,47.22222222,0.00000000,1.41134142,51.14752741,782.75555556
nstdb,119e24,119,24,noise_only,250,6,156.25000000,1500,15.44952393,150,866,866,866,0,0,100.00000000,100.00000000,100.00000000,1.44444444,45.33333333,0.00000000,45.03269111,21.06960385,782.75555556
nstdb,119e24,119,24,noise_only,250,7,78.12500000,1750,18.02444458,150,866,866,866,0,0,100.00000000,100.00000000,100.00000000,1.44444444,45.08333333,0.00000000,22.53997166,27.08109455,782.75555556
nstdb,119e24,119,24,noise_only,250,8,39.06250000,2000,20.59936523,150,866,866,866,0,0,100.00000000,100.00000000,100.00000000,1.44444444,45.08333333,0.00000000,11.28225421,33.09224425,782.75555556
nstdb,119e24,119,24,noise_only,250,9,19.53125000,2250,23.17428589,150,866,866,866,0,0,100.00000000,100.00000000,100.00000000,1.44444444,45.11111111,0.00000000,5.63535367,39.12173832,782.75555556
nstdb,119e24,119,24,noise_only,250,10,9.76562500,2500,25.74920654,150,866,866,866,0,0,100.00000000,100.00000000,100.00000000,1.44444444,45.11111111,0.00000000,2.81854935,45.13964900,782.75555556
nstdb,119e24,119,24,noise_only,250,11,4.88281250,2750,28.32412720,150,866,866,866,0,0,100.00000000,100.00000000,100.00000000,1.44444444,45.11111111,0.00000000,1.40988499,51.15648813,782.75555556
nstdb,119e24,119,24,noise_only,360,6,156.25000000,2160,22.24731445,150,866,866,866,0,0,100.00000000,100.00000000,100.00000000,0.00000000,72.22222222,0.00000000,45.01421294,21.06985599,782.75555556
nstdb,119e24,119,24,noise_only,360,7,78.12500000,2520,25.95520020,150,866,866,866,0,0,100.00000000,100.00000000,100.00000000,0.00000000,72.22222222,0.00000000,22.54044508,27.07759946,782.75555556
nstdb,119e24,119,24,noise_only,360,8,39.06250000,2880,29.66308594,150,866,866,866,0,0,100.00000000,100.00000000,100.00000000,0.00000000,75.00000000,0.00000000,11.27905444,33.09139535,782.75555556
nstdb,119e24,119,24,noise_only,360,9,19.53125000,3240,33.37097168,150,866,866,866,0,0,100.00000000,100.00000000,100.00000000,0.00000000,74.30555556,0.00000000,5.63844334,39.11366479,782.75555556
nstdb,119e24,119,24,noise_only,360,10,9.76562500,3600,37.07885742,150,866,866,866,0,0,100.00000000,100.00000000,100.00000000,0.00000000,74.30555556,0.00000000,2.82110325,45.12846959,782.75555556
nstdb,119e24,119,24,noise_only,360,11,4.88281250,3960,40.78674316,150,866,866,866,0,0,100.00000000,100.00000000,100.00000000,0.00000000,75.00000000,0.00000000,1.41029098,51.15067464,782.75555556
nstdb,119e_6,119,-6,mixed_after_5min,100,6,156.25000000,600,6.17980957,75,1660,2480,1140,1340,520,68.67469880,45.96774194,55.07246377,54.44444444,63.88888889,4.20619735,781.57455422,9.06979020,1505.15555556
nstdb,119e_6,119,-6,mixed_after_5min,100,7,78.12500000,700,7.20977783,75,1660,2479,1135,1344,525,68.37349398,45.78459056,54.84416526,56.11111111,63.88888889,4.14440990,769.08237304,9.20974128,1505.15555556
nstdb,119e_6,119,-6,mixed_after_5min,100,8,39.06250000,800,8.23974609,75,1660,2484,1134,1350,526,68.31325301,45.65217391,54.72972973,55.55555556,63.88888889,4.11517712,763.08311299,9.27776158,1505.15555556
nstdb,119e_6,119,-6,mixed_after_5min,100,9,19.53125000,900,9.26971436,75,1660,2482,1127,1355,533,67.89156627,45.40692990,54.41815548,55.55555556,63.88888889,4.09923198,760.15334538,9.31117421,1505.15555556
nstdb,119e_6,119,-6,mixed_after_5min,100,10,9.76562500,1000,10.29968262,75,1660,2478,1136,1342,524,68.43373494,45.84342211,54.90575157,55.55555556,63.88888889,4.09059502,758.70601235,9.32772792,1505.15555556
nstdb,119e_6,119,-6,mixed_after_5min,100,11,4.88281250,1100,11.32965088,75,1660,2474,1133,1341,527,68.25301205,45.79628133,54.81373972,56.11111111,63.88888889,4.08129368,757.98674947,9.33596616,1505.15555556
nstdb,119e_6,119,-6,mixed_after_5min,125,6,156.25000000,750,7.72476196,75,1660,2287,1028,1259,632,61.92771084,44.94971578,52.09019508,3.55555556,58.87222222,4.19251110,781.47129603,9.07029148,1505.15555556
nstdb,119e_6,119,-6,mixed_after_5min,125,7,78.12500000,875,9.01222229,75,1660,2280,1034,1246,626,62.28915663,45.35087719,52.48730964,3.55555556,59.96666667,4.13032502,768.97905941,9.21026183,1505.15555556
nstdb,119e_6,119,-6,mixed_after_5min,125,8,39.06250000,1000,10.29968262,75,1660,2275,1034,1241,626,62.28915663,45.45054945,52.55400254,3.55555556,59.41666667,4.09737171,762.98202380,9.27826598,1505.15555556
nstdb,119e_6,119,-6,mixed_after_5min,125,9,19.53125000,1125,11.58714294,75,1660,2279,1034,1245,626,62.28915663,45.37077666,52.50063468,3.55555556,59.96666667,4.08514709,760.05272876,9.31167764,1505.15555556
nstdb,119e_6,119,-6,mixed_after_5min,125,10,9.76562500,1250,12.87460327,75,1660,2272,1033,1239,627,62.22891566,45.46654930,52.54323499,3.55555556,59.82222222,4.07770602,758.60551471,9.32823218,1505.15555556
nstdb,119e_6,119,-6,mixed_after_5min,125,11,4.88281250,1375,14.16206360,75,1660,2270,1030,1240,630,62.04819277,45.37444934,52.41730280,3.55555556,59.83888889,4.07345398,757.88632108,9.33647072,1505.15555556
nstdb,119e_6,119,-6,mixed_after_5min,180,6,156.25000000,1080,11.12365723,75,1660,2264,1072,1192,588,64.57831325,47.34982332,54.63812436,2.77777778,52.77777778,4.20185437,781.14547793,9.07231132,1505.15555556
nstdb,119e_6,119,-6,mixed_after_5min,180,7,78.12500000,1260,12.97760010,75,1660,2251,1072,1179,588,64.57831325,47.62327854,54.81973920,2.77777778,52.77777778,4.13024863,768.65688016,9.21229940,1505.15555556
nstdb,119e_6,119,-6,mixed_after_5min,180,8,39.06250000,1440,14.83154297,75,1660,2248,1069,1179,591,64.39759036,47.55338078,54.70829069,2.77777778,52.77777778,4.09629127,762.65949124,9.28033619,1505.15555556
nstdb,119e_6,119,-6,mixed_after_5min,180,9,19.53125000,1620,16.68548584,75,1660,2253,1067,1186,593,64.27710843,47.35907679,54.53616151,2.77777778,52.77777778,4.07894348,759.73052819,9.31375822,1505.15555556
nstdb,119e_6,119,-6,mixed_after_5min,180,10,9.76562500,1800,18.53942871,75,1660,2255,1067,1188,593,64.27710843,47.31707317,54.50830140,2.77777778,52.77777778,4.07082324,758.28341488,9.33031864,1505.15555556
nstdb,119e_6,119,-6,mixed_after_5min,180,11,4.88281250,1980,20.39337158,75,1660,2255,1067,1188,593,64.27710843,47.31707317,54.50830140,2.77777778,52.77777778,4.06565582,757.56428017,9.33856000,1505.15555556
nstdb,119e_6,119,-6,mixed_after_5min,250,6,156.25000000,1500,15.44952393,75,1660,2398,1266,1132,394,76.26506024,52.79399500,62.39526861,2.00000000,57.33333333,4.19943182,781.09352319,9.07269132,1505.15555556
nstdb,119e_6,119,-6,mixed_after_5min,250,7,78.12500000,1750,18.02444458,75,1660,2400,1257,1143,403,75.72289157,52.37500000,61.92118227,1.88888889,58.40000000,4.13777708,768.60290604,9.21271160,1505.15555556
nstdb,119e_6,119,-6,mixed_after_5min,250,8,39.06250000,2000,20.59936523,75,1660,2390,1253,1137,407,75.48192771,52.42677824,61.87654321,1.88888889,58.46666667,4.10641821,762.60521724,9.28075661,1505.15555556
nstdb,119e_6,119,-6,mixed_after_5min,250,9,19.53125000,2250,23.17428589,75,1660,2393,1252,1141,408,75.42168675,52.31926452,61.78139650,1.88888889,56.87777778,4.09366205,759.67626393,9.31418091,1505.15555556
nstdb,119e_6,119,-6,mixed_after_5min,250,10,9.76562500,2500,25.74920654,75,1660,2390,1251,1139,409,75.36144578,52.34309623,61.77777778,1.88888889,56.66666667,4.08648672,758.22924574,9.33074142,1505.15555556
nstdb,119e_6,119,-6,mixed_after_5min,250,11,4.88281250,2750,28.32412720,75,1660,2389,1250,1139,410,75.30120482,52.32314776,61.74364041,1.88888889,56.67777778,4.08276617,757.51012672,9.33898319,1505.15555556
nstdb,119e_6,119,-6,mixed_after_5min,360,6,156.25000000,2160,22.24731445,75,1660,2363,1288,1075,372,77.59036145,54.50698265,64.03181705,0.00000000,69.44444444,4.20203892,780.71303538,9.07511972,1505.15555556
nstdb,119e_6,119,-6,mixed_after_5min,360,7,78.12500000,2520,25.95520020,75,1660,2361,1283,1078,377,77.28915663,54.34138077,63.81497140,0.00000000,69.44444444,4.13172503,768.22432209,9.21518727,1505.15555556
nstdb,119e_6,119,-6,mixed_after_5min,360,8,39.06250000,2880,29.66308594,75,1660,2355,1282,1073,378,77.22891566,54.43736730,63.86052304,0.00000000,69.44444444,4.10035138,762.22727144,9.28325867,1505.15555556
nstdb,119e_6,119,-6,mixed_after_5min,360,9,19.53125000,3240,33.37097168,75,1660,2354,1282,1072,378,77.22891566,54.46049278,63.87643249,0.00000000,69.44444444,4.08466456,759.29868834,9.31669534,1505.15555556
nstdb,119e_6,119,-6,mixed_after_5min,360,10,9.76562500,3600,37.07885742,75,1660,2358,1280,1078,380,77.10843373,54.28329092,63.71329019,0.00000000,69.44444444,4.07838983,757.85179464,9.33326266,1505.15555556
nstdb,119e_6,119,-6,mixed_after_5min,360,11,4.88281250,3960,40.78674316,75,1660,2356,1280,1076,380,77.10843373,54.32937182,63.74501992,0.00000000,69.44444444,4.07322241,757.13275493,9.34150763,1505.15555556
nstdb,119e_6,119,-6,mixed_after_5min,100,6,156.25000000,600,6.17980957,150,1660,2480,1345,1135,315,81.02409639,54.23387097,64.97584541,57.22222222,122.77777778,4.20619735,781.57455422,9.06979020,1505.15555556
nstdb,119e_6,119,-6,mixed_after_5min,100,7,78.12500000,700,7.20977783,150,1660,2479,1335,1144,325,80.42168675,53.85235982,64.50833535,57.77777778,121.66666667,4.14440990,769.08237304,9.20974128,1505.15555556
nstdb,119e_6,119,-6,mixed_after_5min,100,8,39.06250000,800,8.23974609,150,1660,2484,1339,1145,321,80.66265060,53.90499195,64.62355212,57.77777778,122.77777778,4.11517712,763.08311299,9.27776158,1505.15555556
nstdb,119e_6,119,-6,mixed_after_5min,100,9,19.53125000,900,9.26971436,150,1660,2482,1335,1147,325,80.42168675,53.78726833,64.46161275,57.77777778,122.00000000,4.09923198,760.15334538,9.31117421,1505.15555556
nstdb,119e_6,119,-6,mixed_after_5min,100,10,9.76562500,1000,10.29968262,150,1660,2478,1339,1139,321,80.66265060,54.03551251,64.71725471,57.77777778,122.77777778,4.09059502,758.70601235,9.32772792,1505.15555556
nstdb,119e_6,119,-6,mixed_after_5min,100,11,4.88281250,1100,11.32965088,150,1660,2474,1338,1136,322,80.60240964,54.08245756,64.73149492,57.77777778,122.86111111,4.08129368,757.98674947,9.33596616,1505.15555556
nstdb,119e_6,119,-6,mixed_after_5min,125,6,156.25000000,750,7.72476196,150,1660,2287,1224,1063,436,73.73493976,53.51989506,62.02178870,5.00000000,123.07777778,4.19251110,781.47129603,9.07029148,1505.15555556
nstdb,119e_6,119,-6,mixed_after_5min,125,7,78.12500000,875,9.01222229,150,1660,2280,1235,1045,425,74.39759036,54.16666667,62.69035533,5.00000000,122.50000000,4.13032502,768.97905941,9.21026183,1505.15555556
nstdb,119e_6,119,-6,mixed_after_5min,125,8,39.06250000,1000,10.29968262,150,1660,2275,1232,1043,428,74.21686747,54.15384615,62.61753494,4.94444444,122.58333333,4.09737171,762.98202380,9.27826598,1505.15555556
nstdb,119e_6,119,-6,mixed_after_5min,125,9,19.53125000,1125,11.58714294,150,1660,2279,1230,1049,430,74.09638554,53.97103993,62.45239909,4.88888889,121.90000000,4.08514709,760.05272876,9.31167764,1505.15555556
nstdb,119e_6,119,-6,mixed_after_5min,125,10,9.76562500,1250,12.87460327,150,1660,2272,1230,1042,430,74.09638554,54.13732394,62.56358087,4.94444444,122.18333333,4.07770602,758.60551471,9.32823218,1505.15555556
nstdb,119e_6,119,-6,mixed_after_5min,125,11,4.88281250,1375,14.16206360,150,1660,2270,1228,1042,432,73.97590361,54.09691630,62.49363868,4.94444444,122.21666667,4.07345398,757.88632108,9.33647072,1505.15555556
nstdb,119e_6,119,-6,mixed_after_5min,180,6,156.25000000,1080,11.12365723,150,1660,2264,1286,978,374,77.46987952,56.80212014,65.54536188,2.77777778,125.00000000,4.20185437,781.14547793,9.07231132,1505.15555556
nstdb,119e_6,119,-6,mixed_after_5min,180,7,78.12500000,1260,12.97760010,150,1660,2251,1287,964,373,77.53012048,57.17458907,65.81436973,2.77777778,125.00000000,4.13024863,768.65688016,9.21229940,1505.15555556
nstdb,119e_6,119,-6,mixed_after_5min,180,8,39.06250000,1440,14.83154297,150,1660,2248,1282,966,378,77.22891566,57.02846975,65.60900716,2.77777778,125.00000000,4.09629127,762.65949124,9.28033619,1505.15555556
nstdb,119e_6,119,-6,mixed_after_5min,180,9,19.53125000,1620,16.68548584,150,1660,2253,1283,970,377,77.28915663,56.94629383,65.57628418,2.77777778,125.00000000,4.07894348,759.73052819,9.31375822,1505.15555556
nstdb,119e_6,119,-6,mixed_after_5min,180,10,9.76562500,1800,18.53942871,150,1660,2255,1282,973,378,77.22891566,56.85144124,65.49169860,2.77777778,125.00000000,4.07082324,758.28341488,9.33031864,1505.15555556
nstdb,119e_6,119,-6,mixed_after_5min,180,11,4.88281250,1980,20.39337158,150,1660,2255,1283,972,377,77.28915663,56.89578714,65.54278416,2.77777778,125.00000000,4.06565582,757.56428017,9.33856000,1505.15555556
nstdb,119e_6,119,-6,mixed_after_5min,250,6,156.25000000,1500,15.44952393,150,1660,2398,1468,930,192,88.43373494,61.21768140,72.35091178,2.44444444,119.32222222,4.19943182,781.09352319,9.07269132,1505.15555556
nstdb,119e_6,119,-6,mixed_after_5min,250,7,78.12500000,1750,18.02444458,150,1660,2400,1462,938,198,88.07228916,60.91666667,72.01970443,2.44444444,121.54444444,4.13777708,768.60290604,9.21271160,1505.15555556
nstdb,119e_6,119,-6,mixed_after_5min,250,8,39.06250000,2000,20.59936523,150,1660,2390,1459,931,201,87.89156627,61.04602510,72.04938272,2.44444444,119.93333333,4.10641821,762.60521724,9.28075661,1505.15555556
nstdb,119e_6,119,-6,mixed_after_5min,250,9,19.53125000,2250,23.17428589,150,1660,2393,1460,933,200,87.95180723,61.01128291,72.04539847,2.44444444,121.01666667,4.09366205,759.67626393,9.31418091,1505.15555556
nstdb,119e_6,119,-6,mixed_after_5min,250,10,9.76562500,2500,25.74920654,150,1660,2390,1460,930,200,87.95180723,61.08786611,72.09876543,2.44444444,121.01666667,4.08648672,758.22924574,9.33074142,1505.15555556
nstdb,119e_6,119,-6,mixed_after_5min,250,11,4.88281250,2750,28.32412720,150,1660,2389,1459,930,201,87.89156627,61.07157807,72.06717708,2.44444444,121.03333333,4.08276617,757.51012672,9.33898319,1505.15555556
nstdb,119e_6,119,-6,mixed_after_5min,360,6,156.25000000,2160,22.24731445,150,1660,2363,1469,894,191,88.49397590,62.16673720,73.03007706,0.00000000,116.66666667,4.20203892,780.71303538,9.07511972,1505.15555556
nstdb,119e_6,119,-6,mixed_after_5min,360,7,78.12500000,2520,25.95520020,150,1660,2361,1467,894,193,88.37349398,62.13468869,72.96692365,0.00000000,116.66666667,4.13172503,768.22432209,9.21518727,1505.15555556
nstdb,119e_6,119,-6,mixed_after_5min,360,8,39.06250000,2880,29.66308594,150,1660,2355,1469,886,191,88.49397590,62.37791932,73.17559153,0.00000000,116.66666667,4.10035138,762.22727144,9.28325867,1505.15555556
nstdb,119e_6,119,-6,mixed_after_5min,360,9,19.53125000,3240,33.37097168,150,1660,2354,1468,886,192,88.43373494,62.36193713,73.14399601,0.00000000,116.66666667,4.08466456,759.29868834,9.31669534,1505.15555556
nstdb,119e_6,119,-6,mixed_after_5min,360,10,9.76562500,3600,37.07885742,150,1660,2358,1468,890,192,88.43373494,62.25614928,73.07117969,0.00000000,116.66666667,4.07838983,757.85179464,9.33326266,1505.15555556
nstdb,119e_6,119,-6,mixed_after_5min,360,11,4.88281250,3960,40.78674316,150,1660,2356,1467,889,193,88.37349398,62.26655348,73.05776892,0.00000000,116.66666667,4.07322241,757.13275493,9.34150763,1505.15555556
nstdb,119e_6,119,-6,noise_only,100,6,156.25000000,600,6.17980957,75,866,1597,373,1224,493,43.07159353,23.35629305,30.28826634,27.22222222,68.33333333,8.04716644,1082.70836199,8.95143159,782.75555556
nstdb,119e_6,119,-6,noise_only,100,7,78.12500000,700,7.20977783,75,866,1592,374,1218,492,43.18706697,23.49246231,30.43124491,26.38888889,68.33333333,7.92835607,1065.99437455,9.08656315,782.75555556
nstdb,119e_6,119,-6,noise_only,100,8,39.06250000,800,8.23974609,75,866,1605,374,1231,492,43.18706697,23.30218069,30.27114529,25.55555556,68.33333333,7.87342225,1057.84929572,9.15318538,782.75555556
nstdb,119e_6,119,-6,noise_only,100,9,19.53125000,900,9.26971436,75,866,1598,367,1231,499,42.37875289,22.96620776,29.78896104,26.11111111,68.33333333,7.84276151,1053.83214887,9.18623254,782.75555556
nstdb,119e_6,119,-6,noise_only,100,10,9.76562500,1000,10.29968262,75,866,1595,375,1220,491,43.30254042,23.51097179,30.47541650,26.66666667,68.33333333,7.82615361,1051.83745802,9.20268875,782.75555556
nstdb,119e_6,119,-6,noise_only,100,11,4.88281250,1100,11.32965088,75,866,1593,372,1221,494,42.95612009,23.35216573,30.25620171,25.55555556,68.33333333,7.80826818,1050.84361000,9.21089965,782.75555556
nstdb,119e_6,119,-6,noise_only,125,6,156.25000000,750,7.72476196,75,866,1595,384,1211,482,44.34180139,24.07523511,31.20682649,20.16666667,68.22222222,8.02289335,1082.56560350,8.95193889,782.75555556
nstdb,119e_6,119,-6,noise_only,125,7,78.12500000,875,9.01222229,75,866,1589,391,1198,475,45.15011547,24.60667086,31.85336049,23.33333333,68.27777778,7.90433849,1065.85105046,9.08709302,782.75555556
nstdb,119e_6,119,-6,noise_only,125,8,39.06250000,1000,10.29968262,75,866,1584,391,1193,475,45.15011547,24.68434343,31.91836735,21.11111111,68.33333333,7.84097297,1057.70868456,9.15370197,782.75555556
nstdb,119e_6,119,-6,noise_only,125,9,19.53125000,1125,11.58714294,75,866,1588,391,1197,475,45.15011547,24.62216625,31.86634067,22.55555556,68.33333333,7.81746640,1053.69200811,9.18674965,782.75555556
nstdb,119e_6,119,-6,noise_only,125,10,9.76562500,1250,12.87460327,75,866,1581,390,1191,476,45.03464203,24.66793169,31.87576624,22.38888889,68.33333333,7.80315806,1051.69750372,9.20320651,782.75555556
nstdb,119e_6,119,-6,noise_only,125,11,4.88281250,1375,14.16206360,75,866,1579,387,1192,479,44.68822171,24.50918303,31.65644172,22.55555556,68.33333333,7.79498186,1050.70373368,9.21141786,782.75555556
nstdb,119e_6,119,-6,noise_only,180,6,156.25000000,1080,11.12365723,75,866,1595,417,1178,449,48.15242494,26.14420063,33.88866315,11.11111111,63.88888889,8.03926300,1082.11648532,8.95398420,782.75555556
nstdb,119e_6,119,-6,noise_only,180,7,78.12500000,1260,12.97760010,75,866,1582,417,1165,449,48.15242494,26.35903919,34.06862745,11.11111111,63.88888889,7.90370202,1065.40597744,9.08916188,782.75555556
nstdb,119e_6,119,-6,noise_only,180,8,39.06250000,1440,14.83154297,75,866,1579,414,1165,452,47.80600462,26.21912603,33.86503067,11.11111111,63.88888889,7.83840563,1057.26382752,9.15579699,782.75555556
nstdb,119e_6,119,-6,noise_only,180,9,19.53125000,1620,16.68548584,75,866,1584,412,1172,454,47.57505774,26.01010101,33.63265306,11.11111111,63.88888889,7.80504769,1053.24765404,9.18885445,782.75555556
nstdb,119e_6,119,-6,noise_only,180,10,9.76562500,1800,18.53942871,75,866,1586,412,1174,454,47.57505774,25.97730139,33.60522023,11.11111111,63.88888889,7.78943334,1051.25324158,9.20531750,782.75555556
nstdb,119e_6,119,-6,noise_only,180,11,4.88281250,1980,20.39337158,75,866,1586,412,1174,454,47.57505774,25.97730139,33.60522023,11.11111111,63.88888889,7.77949693,1050.25957234,9.21353149,782.75555556
nstdb,119e_6,119,-6,noise_only,250,6,156.25000000,1500,15.44952393,75,866,1603,487,1116,379,56.23556582,30.38053649,39.44916970,4.77777778,67.08888889,8.03570972,1082.04429223,8.95437125,782.75555556
nstdb,119e_6,119,-6,noise_only,250,7,78.12500000,1750,18.02444458,75,866,1605,481,1124,385,55.54272517,29.96884735,38.93160664,4.77777778,67.44444444,7.91817629,1065.33153183,9.08957638,782.75555556
nstdb,119e_6,119,-6,noise_only,250,8,39.06250000,2000,20.59936523,75,866,1595,478,1117,388,55.19630485,29.96865204,38.84599756,4.88888889,67.54444444,7.85787653,1057.18875510,9.15622131,782.75555556
nstdb,119e_6,119,-6,noise_only,250,9,19.53125000,2250,23.17428589,75,866,1598,479,1119,387,55.31177829,29.97496871,38.87987013,4.55555556,67.24444444,7.83334781,1053.17251135,9.18928171,782.75555556
nstdb,119e_6,119,-6,noise_only,250,10,9.76562500,2500,25.74920654,75,866,1595,477,1118,389,55.08083141,29.90595611,38.76472978,4.55555556,67.26666667,7.82006142,1051.17827062,9.20574452,782.75555556
nstdb,119e_6,119,-6,noise_only,250,11,4.88281250,2750,28.32412720,75,866,1594,476,1118,390,54.96535797,29.86198243,38.69918699,4.66666667,67.27777778,7.81290722,1050.18461823,9.21395896,782.75555556
nstdb,119e_6,119,-6,noise_only,360,6,156.25000000,2160,22.24731445,75,866,1611,567,1044,299,65.47344111,35.19553073,45.78118692,2.77777778,66.66666667,8.03961787,1081.51685892,8.95684982,782.75555556
nstdb,119e_6,119,-6,noise_only,360,7,78.12500000,2520,25.95520020,75,866,1609,565,1044,301,65.24249423,35.11497825,45.65656566,2.77777778,66.66666667,7.90583125,1064.80702447,9.09209754,782.75555556
nstdb,119e_6,119,-6,noise_only,360,8,39.06250000,2880,29.66308594,75,866,1603,569,1034,297,65.70438799,35.49594510,46.09153503,2.77777778,66.66666667,7.84585794,1056.66538467,9.15876608,782.75555556
nstdb,119e_6,119,-6,noise_only,360,9,19.53125000,3240,33.37097168,75,866,1602,567,1035,299,65.47344111,35.39325843,45.94813614,2.77777778,63.88888889,7.81569385,1052.64970107,9.19183826,782.75555556
nstdb,119e_6,119,-6,noise_only,360,10,9.76562500,3600,37.07885742,75,866,1606,566,1040,300,65.35796767,35.24283935,45.79288026,2.77777778,66.66666667,7.80362821,1050.65561961,9.20830793,782.75555556
nstdb,119e_6,119,-6,noise_only,360,11,4.88281250,3960,40.78674316,75,866,1604,566,1038,300,65.35796767,35.28678304,45.82995951,2.77777778,66.66666667,7.79369180,1049.66207862,9.21652554,782.75555556
nstdb,119e_6,119,-6,noise_only,100,6,156.25000000,600,6.17980957,150,866,1597,565,1032,301,65.24249423,35.37883532,45.87900934,52.77777778,138.22222222,8.04716644,1082.70836199,8.95143159,782.75555556
nstdb,119e_6,119,-6,noise_only,100,7,78.12500000,700,7.20977783,150,866,1592,561,1031,305,64.78060046,35.23869347,45.64686737,52.77777778,135.55555556,7.92835607,1065.99437455,9.08656315,782.75555556
nstdb,119e_6,119,-6,noise_only,100,8,39.06250000,800,8.23974609,150,866,1605,566,1039,300,65.35796767,35.26479751,45.81141238,52.50000000,135.55555556,7.87342225,1057.84929572,9.15318538,782.75555556
nstdb,119e_6,119,-6,noise_only,100,9,19.53125000,900,9.26971436,150,866,1598,562,1036,304,64.89607390,35.16896120,45.61688312,52.77777778,136.08333333,7.84276151,1053.83214887,9.18623254,782.75555556
nstdb,119e_6,119,-6,noise_only,100,10,9.76562500,1000,10.29968262,150,866,1595,565,1030,301,65.24249423,35.42319749,45.91629419,52.77777778,135.55555556,7.82615361,1051.83745802,9.20268875,782.75555556
nstdb,119e_6,119,-6,noise_only,100,11,4.88281250,1100,11.32965088,150,866,1593,564,1029,302,65.12702079,35.40489642,45.87230582,52.77777778,135.55555556,7.80826818,1050.84361000,9.21089965,782.75555556
nstdb,119e_6,119,-6,noise_only,125,6,156.25000000,750,7.72476196,150,866,1595,569,1026,297,65.70438799,35.67398119,46.24136530,47.44444444,136.37777778,8.02289335,1082.56560350,8.95193889,782.75555556
nstdb,119e_6,119,-6,noise_only,125,7,78.12500000,875,9.01222229,150,866,1589,581,1008,285,67.09006928,36.56387665,47.33197556,49.22222222,135.55555556,7.90433849,1065.85105046,9.08709302,782.75555556
nstdb,119e_6,119,-6,noise_only,125,8,39.06250000,1000,10.29968262,150,866,1584,578,1006,288,66.74364896,36.48989899,47.18367347,47.50000000,135.17777778,7.84097297,1057.70868456,9.15370197,782.75555556
nstdb,119e_6,119,-6,noise_only,125,9,19.53125000,1125,11.58714294,150,866,1588,576,1012,290,66.51270208,36.27204030,46.94376528,47.55555556,135.22222222,7.81746640,1053.69200811,9.18674965,782.75555556
nstdb,119e_6,119,-6,noise_only,125,10,9.76562500,1250,12.87460327,150,866,1581,576,1005,290,66.51270208,36.43263757,47.07805476,47.55555556,135.22222222,7.80315806,1051.69750372,9.20320651,782.75555556
nstdb,119e_6,119,-6,noise_only,125,11,4.88281250,1375,14.16206360,150,866,1579,574,1005,292,66.28175520,36.35212160,46.95296524,48.55555556,135.26666667,7.79498186,1050.70373368,9.21141786,782.75555556
nstdb,119e_6,119,-6,noise_only,180,6,156.25000000,1080,11.12365723,150,866,1595,621,974,245,71.70900693,38.93416928,50.46728972,38.88888889,136.11111111,8.03926300,1082.11648532,8.95398420,782.75555556
nstdb,119e_6,119,-6,noise_only,180,7,78.12500000,1260,12.97760010,150,866,1582,622,960,244,71.82448037,39.31731985,50.81699346,38.88888889,138.75000000,7.90370202,1065.40597744,9.08916188,782.75555556
nstdb,119e_6,119,-6,noise_only,180,8,39.06250000,1440,14.83154297,150,866,1579,617,962,249,71.24711316,39.07536415,50.47034765,38.88888889,136.11111111,7.83840563,1057.26382752,9.15579699,782.75555556
nstdb,119e_6,119,-6,noise_only,180,9,19.53125000,1620,16.68548584,150,866,1584,618,966,248,71.36258661,39.01515152,50.44897959,38.88888889,136.52777778,7.80504769,1053.24765404,9.18885445,782.75555556
nstdb,119e_6,119,-6,noise_only,180,10,9.76562500,1800,18.53942871,150,866,1586,617,969,249,71.24711316,38.90290038,50.32626427,38.88888889,136.66666667,7.78943334,1051.25324158,9.20531750,782.75555556
nstdb,119e_6,119,-6,noise_only,180,11,4.88281250,1980,20.39337158,150,866,1586,618,968,248,71.36258661,38.96595208,50.40783034,38.88888889,136.52777778,7.77949693,1050.25957234,9.21353149,782.75555556
nstdb,119e_6,119,-6,noise_only,250,6,156.25000000,1500,15.44952393,150,866,1603,678,925,188,78.29099307,42.29569557,54.92102066,31.11111111,132.51111111,8.03570972,1082.04429223,8.95437125,782.75555556
nstdb,119e_6,119,-6,noise_only,250,7,78.12500000,1750,18.02444458,150,866,1605,672,933,194,77.59815242,41.86915888,54.39093484,30.83333333,136.21666667,7.91817629,1065.33153183,9.08957638,782.75555556
nstdb,119e_6,119,-6,noise_only,250,8,39.06250000,2000,20.59936523,150,866,1595,669,926,197,77.25173210,41.94357367,54.36814303,31.00000000,134.66666667,7.85787653,1057.18875510,9.15622131,782.75555556
nstdb,119e_6,119,-6,noise_only,250,9,19.53125000,2250,23.17428589,150,866,1598,670,928,196,77.36720554,41.92740926,54.38311688,30.83333333,136.33888889,7.83334781,1053.17251135,9.18928171,782.75555556
nstdb,119e_6,119,-6,noise_only,250,10,9.76562500,2500,25.74920654,150,866,1595,670,925,196,77.36720554,42.00626959,54.44941081,30.66666667,136.33888889,7.82006142,1051.17827062,9.20574452,782.75555556
nstdb,119e_6,119,-6,noise_only,250,11,4.88281250,2750,28.32412720,150,866,1594,669,925,197,77.25173210,41.96988708,54.39024390,30.66666667,136.40000000,7.81290722,1050.18461823,9.21395896,782.75555556
nstdb,119e_6,119,-6,noise_only,360,6,156.25000000,2160,22.24731445,150,866,1611,722,889,144,83.37182448,44.81688392,58.29632620,5.55555556,130.55555556,8.03961787,1081.51685892,8.95684982,782.75555556
nstdb,119e_6,119,-6,noise_only,360,7,78.12500000,2520,25.95520020,150,866,1609,720,889,146,83.14087760,44.74829086,58.18181818,5.55555556,130.55555556,7.90583125,1064.80702447,9.09209754,782.75555556
nstdb,119e_6,119,-6,noise_only,360,8,39.06250000,2880,29.66308594,150,866,1603,722,881,144,83.37182448,45.04054897,58.48521669,5.55555556,130.55555556,7.84585794,1056.66538467,9.15876608,782.75555556
nstdb,119e_6,119,-6,noise_only,360,9,19.53125000,3240,33.37097168,150,866,1602,721,881,145,83.25635104,45.00624220,58.42787682,5.55555556,130.55555556,7.81569385,1052.64970107,9.19183826,782.75555556
nstdb,119e_6,119,-6,noise_only,360,10,9.76562500,3600,37.07885742,150,866,1606,721,885,145,83.25635104,44.89414695,58.33333333,5.55555556,130.55555556,7.80362821,1050.65561961,9.20830793,782.75555556
nstdb,119e_6,119,-6,noise_only,360,11,4.88281250,3960,40.78674316,150,866,1604,720,884,146,83.14087760,44.88778055,58.29959514,5.55555556,130.55555556,7.79369180,1049.66207862,9.21652554,782.75555556
